image_id,image_path,mask_available,mask_path,split,target_labels_allowed_for_training,seed
ISIC_0000003,D:\Project_ConvLoRA\ISIC-2017_Training_Data\ISIC_0000003.jpg,true,D:\Project_ConvLoRA\ISIC-2017_Training_Part1_GroundTruth\ISIC_0000003_segmentation.png,target_adaptation,false,42
ISIC_0000014,D:\Project_ConvLoRA\ISIC-2017_Training_Data\ISIC_0000014.jpg,true,D:\Project_ConvLoRA\ISIC-2017_Training_Part1_GroundTruth\ISIC_0000014_segmentation.png,target_adaptation,false,42
ISIC_0000015,D:\Project_ConvLoRA\ISIC-2017_Training_Data\ISIC_0000015.jpg,true,D:\Project_ConvLoRA\ISIC-2017_Training_Part1_GroundTruth\ISIC_0000015_segmentation.png,target_adaptation,false,42
ISIC_0000020,D:\Project_ConvLoRA\ISIC-2017_Training_Data\ISIC_0000020.jpg,true,D:\Project_ConvLoRA\ISIC-2017_Training_Part1_GroundTruth\ISIC_0000020_segmentation.png,target_adaptation,false,42
ISIC_0000023,D:\Project_ConvLoRA\ISIC-2017_Training_Data\ISIC_0000023.jpg,true,D:\Project_ConvLoRA\ISIC-2017_Training_Part1_GroundTruth\ISIC_0000023_segmentation.png,target_adaptation,false,42
ISIC_0000027,D:\Project_ConvLoRA\ISIC-2017_Training_Data\ISIC_0000027.jpg,true,D:\Project_ConvLoRA\ISIC-2017_Training_Part1_GroundTruth\ISIC_0000027_segmentation.png,target_adaptation,false,42
ISIC_0000036,D:\Project_ConvLoRA\ISIC-2017_Training_Data\ISIC_0000036.jpg,true,D:\Project_ConvLoRA\ISIC-2017_Training_Part1_GroundTruth\ISIC_0000036_segmentation.png,target_adaptation,false,42
ISIC_0000037,D:\Project_ConvLoRA\ISIC-2017_Training_Data\ISIC_0000037.jpg,true,D:\Project_ConvLoRA\ISIC-2017_Training_Part1_GroundTruth\ISIC_0000037_segmentation.png,target_adaptation,false,42
ISIC_0000040,D:\Project_ConvLoRA\ISIC-2017_Training_Data\ISIC_0000040.jpg,true,D:\Project_ConvLoRA\ISIC-2017_Training_Part1_GroundTruth\ISIC_0000040_segmentation.png,target_adaptation,false,42
ISIC_0000043,D:\Project_ConvLoRA\ISIC-2017_Training_Data\ISIC_0000043.jpg,true,D:\Project_ConvLoRA\ISIC-2017_Training_Part1_GroundTruth\ISIC_0000043_segmentation.png,target_adaptation,false,42
ISIC_0000056,D:\Project_ConvLoRA\ISIC-2017_Training_Data\ISIC_0000056.jpg,true,D:\Project_ConvLoRA\ISIC-2017_Training_Part1_GroundTruth\ISIC_0000056_segmentation.png,target_adaptation,false,42
ISIC_0000057,D:\Project_ConvLoRA\ISIC-2017_Training_Data\ISIC_0000057.jpg,true,D:\Project_ConvLoRA\ISIC-2017_Training_Part1_GroundTruth\ISIC_0000057_segmentation.png,target_adaptation,false,42
ISIC_0000064,D:\Project_ConvLoRA\ISIC-2017_Training_Data\ISIC_0000064.jpg,true,D:\Project_ConvLoRA\ISIC-2017_Training_Part1_GroundTruth\ISIC_0000064_segmentation.png,target_adaptation,false,42
ISIC_0000066,D:\Project_ConvLoRA\ISIC-2017_Training_Data\ISIC_0000066.jpg,true,D:\Project_ConvLoRA\ISIC-2017_Training_Part1_GroundTruth\ISIC_0000066_segmentation.png,target_adaptation,false,42
ISIC_0000069,D:\Project_ConvLoRA\ISIC-2017_Training_Data\ISIC_0000069.jpg,true,D:\Project_ConvLoRA\ISIC-2017_Training_Part1_GroundTruth\ISIC_0000069_segmentation.png,target_adaptation,false,42
ISIC_0000071,D:\Project_ConvLoRA\ISIC-2017_Training_Data\ISIC_0000071.jpg,true,D:\Project_ConvLoRA\ISIC-2017_Training_Part1_GroundTruth\ISIC_0000071_segmentation.png,target_adaptation,false,42
ISIC_0000072,D:\Project_ConvLoRA\ISIC-2017_Training_Data\ISIC_0000072.jpg,true,D:\Project_ConvLoRA\ISIC-2017_Training_Part1_GroundTruth\ISIC_0000072_segmentation.png,target_adaptation,false,42
ISIC_0000088,D:\Project_ConvLoRA\ISIC-2017_Training_Data\ISIC_0000088.jpg,true,D:\Project_ConvLoRA\ISIC-2017_Training_Part1_GroundTruth\ISIC_0000088_segmentation.png,target_adaptation,false,42
ISIC_0000098,D:\Project_ConvLoRA\ISIC-2017_Training_Data\ISIC_0000098.jpg,true,D:\Project_ConvLoRA\ISIC-2017_Training_Part1_GroundTruth\ISIC_0000098_segmentation.png,target_adaptation,false,42
ISIC_0000099,D:\Project_ConvLoRA\ISIC-2017_Training_Data\ISIC_0000099.jpg,true,D:\Project_ConvLoRA\ISIC-2017_Training_Part1_GroundTruth\ISIC_0000099_segmentation.png,target_adaptation,false,42
ISIC_0000101,D:\Project_ConvLoRA\ISIC-2017_Training_Data\ISIC_0000101.jpg,true,D:\Project_ConvLoRA\ISIC-2017_Training_Part1_GroundTruth\ISIC_0000101_segmentation.png,target_adaptation,false,42
ISIC_0000107,D:\Project_ConvLoRA\ISIC-2017_Training_Data\ISIC_0000107.jpg,true,D:\Project_ConvLoRA\ISIC-2017_Training_Part1_GroundTruth\ISIC_0000107_segmentation.png,target_adaptation,false,42
ISIC_0000111,D:\Project_ConvLoRA\ISIC-2017_Training_Data\ISIC_0000111.jpg,true,D:\Project_ConvLoRA\ISIC-2017_Training_Part1_GroundTruth\ISIC_0000111_segmentation.png,target_adaptation,false,42
ISIC_0000113,D:\Project_ConvLoRA\ISIC-2017_Training_Data\ISIC_0000113.jpg,true,D:\Project_ConvLoRA\ISIC-2017_Training_Part1_GroundTruth\ISIC_0000113_segmentation.png,target_adaptation,false,42
ISIC_0000126,D:\Project_ConvLoRA\ISIC-2017_Training_Data\ISIC_0000126.jpg,true,D:\Project_ConvLoRA\ISIC-2017_Training_Part1_GroundTruth\ISIC_0000126_segmentation.png,target_adaptation,false,42
ISIC_0000129,D:\Project_ConvLoRA\ISIC-2017_Training_Data\ISIC_0000129.jpg,true,D:\Project_ConvLoRA\ISIC-2017_Training_Part1_GroundTruth\ISIC_0000129_segmentation.png,target_adaptation,false,42
ISIC_0000132,D:\Project_ConvLoRA\ISIC-2017_Training_Data\ISIC_0000132.jpg,true,D:\Project_ConvLoRA\ISIC-2017_Training_Part1_GroundTruth\ISIC_0000132_segmentation.png,target_adaptation,false,42
ISIC_0000136,D:\Project_ConvLoRA\ISIC-2017_Training_Data\ISIC_0000136.jpg,true,D:\Project_ConvLoRA\ISIC-2017_Training_Part1_GroundTruth\ISIC_0000136_segmentation.png,target_adaptation,false,42
ISIC_0000138,D:\Project_ConvLoRA\ISIC-2017_Training_Data\ISIC_0000138.jpg,true,D:\Project_ConvLoRA\ISIC-2017_Training_Part1_GroundTruth\ISIC_0000138_segmentation.png,target_adaptation,false,42
ISIC_0000141,D:\Project_ConvLoRA\ISIC-2017_Training_Data\ISIC_0000141.jpg,true,D:\Project_ConvLoRA\ISIC-2017_Training_Part1_GroundTruth\ISIC_0000141_segmentation.png,target_adaptation,false,42
ISIC_0000149,D:\Project_ConvLoRA\ISIC-2017_Training_Data\ISIC_0000149.jpg,true,D:\Project_ConvLoRA\ISIC-2017_Training_Part1_GroundTruth\ISIC_0000149_segmentation.png,target_adaptation,false,42
ISIC_0000160,D:\Project_ConvLoRA\ISIC-2017_Training_Data\ISIC_0000160.jpg,true,D:\Project_ConvLoRA\ISIC-2017_Training_Part1_GroundTruth\ISIC_0000160_segmentation.png,target_adaptation,false,42
ISIC_0000164,D:\Project_ConvLoRA\ISIC-2017_Training_Data\ISIC_0000164.jpg,true,D:\Project_ConvLoRA\ISIC-2017_Training_Part1_GroundTruth\ISIC_0000164_segmentation.png,target_adaptation,false,42
ISIC_0000165,D:\Project_ConvLoRA\ISIC-2017_Training_Data\ISIC_0000165.jpg,true,D:\Project_ConvLoRA\ISIC-2017_Training_Part1_GroundTruth\ISIC_0000165_segmentation.png,target_adaptation,false,42
ISIC_0000169,D:\Project_ConvLoRA\ISIC-2017_Training_Data\ISIC_0000169.jpg,true,D:\Project_ConvLoRA\ISIC-2017_Training_Part1_GroundTruth\ISIC_0000169_segmentation.png,target_adaptation,false,42
ISIC_0000174,D:\Project_ConvLoRA\ISIC-2017_Training_Data\ISIC_0000174.jpg,true,D:\Project_ConvLoRA\ISIC-2017_Training_Part1_GroundTruth\ISIC_0000174_segmentation.png,target_adaptation,false,42
ISIC_0000177,D:\Project_ConvLoRA\ISIC-2017_Training_Data\ISIC_0000177.jpg,true,D:\Project_ConvLoRA\ISIC-2017_Training_Part1_GroundTruth\ISIC_0000177_segmentation.png,target_adaptation,false,42
ISIC_0000188,D:\Project_ConvLoRA\ISIC-2017_Training_Data\ISIC_0000188.jpg,true,D:\Project_ConvLoRA\ISIC-2017_Training_Part1_GroundTruth\ISIC_0000188_segmentation.png,target_adaptation,false,42
ISIC_0000196,D:\Project_ConvLoRA\ISIC-2017_Training_Data\ISIC_0000196.jpg,true,D:\Project_ConvLoRA\ISIC-2017_Training_Part1_GroundTruth\ISIC_0000196_segmentation.png,target_adaptation,false,42
ISIC_0000197,D:\Project_ConvLoRA\ISIC-2017_Training_Data\ISIC_0000197.jpg,true,D:\Project_ConvLoRA\ISIC-2017_Training_Part1_GroundTruth\ISIC_0000197_segmentation.png,target_adaptation,false,42
ISIC_0000198,D:\Project_ConvLoRA\ISIC-2017_Training_Data\ISIC_0000198.jpg,true,D:\Project_ConvLoRA\ISIC-2017_Training_Part1_GroundTruth\ISIC_0000198_segmentation.png,target_adaptation,false,42
ISIC_0000201,D:\Project_ConvLoRA\ISIC-2017_Training_Data\ISIC_0000201.jpg,true,D:\Project_ConvLoRA\ISIC-2017_Training_Part1_GroundTruth\ISIC_0000201_segmentation.png,target_adaptation,false,42
ISIC_0000212,D:\Project_ConvLoRA\ISIC-2017_Training_Data\ISIC_0000212.jpg,true,D:\Project_ConvLoRA\ISIC-2017_Training_Part1_GroundTruth\ISIC_0000212_segmentation.png,target_adaptation,false,42
ISIC_0000213,D:\Project_ConvLoRA\ISIC-2017_Training_Data\ISIC_0000213.jpg,true,D:\Project_ConvLoRA\ISIC-2017_Training_Part1_GroundTruth\ISIC_0000213_segmentation.png,target_adaptation,false,42
ISIC_0000226,D:\Project_ConvLoRA\ISIC-2017_Training_Data\ISIC_0000226.jpg,true,D:\Project_ConvLoRA\ISIC-2017_Training_Part1_GroundTruth\ISIC_0000226_segmentation.png,target_adaptation,false,42
ISIC_0000227,D:\Project_ConvLoRA\ISIC-2017_Training_Data\ISIC_0000227.jpg,true,D:\Project_ConvLoRA\ISIC-2017_Training_Part1_GroundTruth\ISIC_0000227_segmentation.png,target_adaptation,false,42
ISIC_0000231,D:\Project_ConvLoRA\ISIC-2017_Training_Data\ISIC_0000231.jpg,true,D:\Project_ConvLoRA\ISIC-2017_Training_Part1_GroundTruth\ISIC_0000231_segmentation.png,target_adaptation,false,42
ISIC_0000233,D:\Project_ConvLoRA\ISIC-2017_Training_Data\ISIC_0000233.jpg,true,D:\Project_ConvLoRA\ISIC-2017_Training_Part1_GroundTruth\ISIC_0000233_segmentation.png,target_adaptation,false,42
ISIC_0000234,D:\Project_ConvLoRA\ISIC-2017_Training_Data\ISIC_0000234.jpg,true,D:\Project_ConvLoRA\ISIC-2017_Training_Part1_GroundTruth\ISIC_0000234_segmentation.png,target_adaptation,false,42
ISIC_0000254,D:\Project_ConvLoRA\ISIC-2017_Training_Data\ISIC_0000254.jpg,true,D:\Project_ConvLoRA\ISIC-2017_Training_Part1_GroundTruth\ISIC_0000254_segmentation.png,target_adaptation,false,42
ISIC_0000258,D:\Project_ConvLoRA\ISIC-2017_Training_Data\ISIC_0000258.jpg,true,D:\Project_ConvLoRA\ISIC-2017_Training_Part1_GroundTruth\ISIC_0000258_segmentation.png,target_adaptation,false,42
ISIC_0000299,D:\Project_ConvLoRA\ISIC-2017_Training_Data\ISIC_0000299.jpg,true,D:\Project_ConvLoRA\ISIC-2017_Training_Part1_GroundTruth\ISIC_0000299_segmentation.png,target_adaptation,false,42
ISIC_0000302,D:\Project_ConvLoRA\ISIC-2017_Training_Data\ISIC_0000302.jpg,true,D:\Project_ConvLoRA\ISIC-2017_Training_Part1_GroundTruth\ISIC_0000302_segmentation.png,target_adaptation,false,42
ISIC_0000306,D:\Project_ConvLoRA\ISIC-2017_Training_Data\ISIC_0000306.jpg,true,D:\Project_ConvLoRA\ISIC-2017_Training_Part1_GroundTruth\ISIC_0000306_segmentation.png,target_adaptation,false,42
ISIC_0000310,D:\Project_ConvLoRA\ISIC-2017_Training_Data\ISIC_0000310.jpg,true,D:\Project_ConvLoRA\ISIC-2017_Training_Part1_GroundTruth\ISIC_0000310_segmentation.png,target_adaptation,false,42
ISIC_0000311,D:\Project_ConvLoRA\ISIC-2017_Training_Data\ISIC_0000311.jpg,true,D:\Project_ConvLoRA\ISIC-2017_Training_Part1_GroundTruth\ISIC_0000311_segmentation.png,target_adaptation,false,42
ISIC_0000319,D:\Project_ConvLoRA\ISIC-2017_Training_Data\ISIC_0000319.jpg,true,D:\Project_ConvLoRA\ISIC-2017_Training_Part1_GroundTruth\ISIC_0000319_segmentation.png,target_adaptation,false,42
ISIC_0000320,D:\Project_ConvLoRA\ISIC-2017_Training_Data\ISIC_0000320.jpg,true,D:\Project_ConvLoRA\ISIC-2017_Training_Part1_GroundTruth\ISIC_0000320_segmentation.png,target_adaptation,false,42
ISIC_0000325,D:\Project_ConvLoRA\ISIC-2017_Training_Data\ISIC_0000325.jpg,true,D:\Project_ConvLoRA\ISIC-2017_Training_Part1_GroundTruth\ISIC_0000325_segmentation.png,target_adaptation,false,42
ISIC_0000327,D:\Project_ConvLoRA\ISIC-2017_Training_Data\ISIC_0000327.jpg,true,D:\Project_ConvLoRA\ISIC-2017_Training_Part1_GroundTruth\ISIC_0000327_segmentation.png,target_adaptation,false,42
ISIC_0000328,D:\Project_ConvLoRA\ISIC-2017_Training_Data\ISIC_0000328.jpg,true,D:\Project_ConvLoRA\ISIC-2017_Training_Part1_GroundTruth\ISIC_0000328_segmentation.png,target_adaptation,false,42
ISIC_0000340,D:\Project_ConvLoRA\ISIC-2017_Training_Data\ISIC_0000340.jpg,true,D:\Project_ConvLoRA\ISIC-2017_Training_Part1_GroundTruth\ISIC_0000340_segmentation.png,target_adaptation,false,42
ISIC_0000343,D:\Project_ConvLoRA\ISIC-2017_Training_Data\ISIC_0000343.jpg,true,D:\Project_ConvLoRA\ISIC-2017_Training_Part1_GroundTruth\ISIC_0000343_segmentation.png,target_adaptation,false,42
ISIC_0000354,D:\Project_ConvLoRA\ISIC-2017_Training_Data\ISIC_0000354.jpg,true,D:\Project_ConvLoRA\ISIC-2017_Training_Part1_GroundTruth\ISIC_0000354_segmentation.png,target_adaptation,false,42
ISIC_0000357,D:\Project_ConvLoRA\ISIC-2017_Training_Data\ISIC_0000357.jpg,true,D:\Project_ConvLoRA\ISIC-2017_Training_Part1_GroundTruth\ISIC_0000357_segmentation.png,target_adaptation,false,42
ISIC_0000368,D:\Project_ConvLoRA\ISIC-2017_Training_Data\ISIC_0000368.jpg,true,D:\Project_ConvLoRA\ISIC-2017_Training_Part1_GroundTruth\ISIC_0000368_segmentation.png,target_adaptation,false,42
ISIC_0000371,D:\Project_ConvLoRA\ISIC-2017_Training_Data\ISIC_0000371.jpg,true,D:\Project_ConvLoRA\ISIC-2017_Training_Part1_GroundTruth\ISIC_0000371_segmentation.png,target_adaptation,false,42
ISIC_0000377,D:\Project_ConvLoRA\ISIC-2017_Training_Data\ISIC_0000377.jpg,true,D:\Project_ConvLoRA\ISIC-2017_Training_Part1_GroundTruth\ISIC_0000377_segmentation.png,target_adaptation,false,42
ISIC_0000378,D:\Project_ConvLoRA\ISIC-2017_Training_Data\ISIC_0000378.jpg,true,D:\Project_ConvLoRA\ISIC-2017_Training_Part1_GroundTruth\ISIC_0000378_segmentation.png,target_adaptation,false,42
ISIC_0000380,D:\Project_ConvLoRA\ISIC-2017_Training_Data\ISIC_0000380.jpg,true,D:\Project_ConvLoRA\ISIC-2017_Training_Part1_GroundTruth\ISIC_0000380_segmentation.png,target_adaptation,false,42
ISIC_0000388,D:\Project_ConvLoRA\ISIC-2017_Training_Data\ISIC_0000388.jpg,true,D:\Project_ConvLoRA\ISIC-2017_Training_Part1_GroundTruth\ISIC_0000388_segmentation.png,target_adaptation,false,42
ISIC_0000392,D:\Project_ConvLoRA\ISIC-2017_Training_Data\ISIC_0000392.jpg,true,D:\Project_ConvLoRA\ISIC-2017_Training_Part1_GroundTruth\ISIC_0000392_segmentation.png,target_adaptation,false,42
ISIC_0000393,D:\Project_ConvLoRA\ISIC-2017_Training_Data\ISIC_0000393.jpg,true,D:\Project_ConvLoRA\ISIC-2017_Training_Part1_GroundTruth\ISIC_0000393_segmentation.png,target_adaptation,false,42
ISIC_0000418,D:\Project_ConvLoRA\ISIC-2017_Training_Data\ISIC_0000418.jpg,true,D:\Project_ConvLoRA\ISIC-2017_Training_Part1_GroundTruth\ISIC_0000418_segmentation.png,target_adaptation,false,42
ISIC_0000420,D:\Project_ConvLoRA\ISIC-2017_Training_Data\ISIC_0000420.jpg,true,D:\Project_ConvLoRA\ISIC-2017_Training_Part1_GroundTruth\ISIC_0000420_segmentation.png,target_adaptation,false,42
ISIC_0000433,D:\Project_ConvLoRA\ISIC-2017_Training_Data\ISIC_0000433.jpg,true,D:\Project_ConvLoRA\ISIC-2017_Training_Part1_GroundTruth\ISIC_0000433_segmentation.png,target_adaptation,false,42
ISIC_0000448,D:\Project_ConvLoRA\ISIC-2017_Training_Data\ISIC_0000448.jpg,true,D:\Project_ConvLoRA\ISIC-2017_Training_Part1_GroundTruth\ISIC_0000448_segmentation.png,target_adaptation,false,42
ISIC_0000456,D:\Project_ConvLoRA\ISIC-2017_Training_Data\ISIC_0000456.jpg,true,D:\Project_ConvLoRA\ISIC-2017_Training_Part1_GroundTruth\ISIC_0000456_segmentation.png,target_adaptation,false,42
ISIC_0000466,D:\Project_ConvLoRA\ISIC-2017_Training_Data\ISIC_0000466.jpg,true,D:\Project_ConvLoRA\ISIC-2017_Training_Part1_GroundTruth\ISIC_0000466_segmentation.png,target_adaptation,false,42
ISIC_0000476,D:\Project_ConvLoRA\ISIC-2017_Training_Data\ISIC_0000476.jpg,true,D:\Project_ConvLoRA\ISIC-2017_Training_Part1_GroundTruth\ISIC_0000476_segmentation.png,target_adaptation,false,42
ISIC_0000479,D:\Project_ConvLoRA\ISIC-2017_Training_Data\ISIC_0000479.jpg,true,D:\Project_ConvLoRA\ISIC-2017_Training_Part1_GroundTruth\ISIC_0000479_segmentation.png,target_adaptation,false,42
ISIC_0000482,D:\Project_ConvLoRA\ISIC-2017_Training_Data\ISIC_0000482.jpg,true,D:\Project_ConvLoRA\ISIC-2017_Training_Part1_GroundTruth\ISIC_0000482_segmentation.png,target_adaptation,false,42
ISIC_0000484,D:\Project_ConvLoRA\ISIC-2017_Training_Data\ISIC_0000484.jpg,true,D:\Project_ConvLoRA\ISIC-2017_Training_Part1_GroundTruth\ISIC_0000484_segmentation.png,target_adaptation,false,42
ISIC_0000487,D:\Project_ConvLoRA\ISIC-2017_Training_Data\ISIC_0000487.jpg,true,D:\Project_ConvLoRA\ISIC-2017_Training_Part1_GroundTruth\ISIC_0000487_segmentation.png,target_adaptation,false,42
ISIC_0000490,D:\Project_ConvLoRA\ISIC-2017_Training_Data\ISIC_0000490.jpg,true,D:\Project_ConvLoRA\ISIC-2017_Training_Part1_GroundTruth\ISIC_0000490_segmentation.png,target_adaptation,false,42
ISIC_0000499,D:\Project_ConvLoRA\ISIC-2017_Training_Data\ISIC_0000499.jpg,true,D:\Project_ConvLoRA\ISIC-2017_Training_Part1_GroundTruth\ISIC_0000499_segmentation.png,target_adaptation,false,42
ISIC_0000501,D:\Project_ConvLoRA\ISIC-2017_Training_Data\ISIC_0000501.jpg,true,D:\Project_ConvLoRA\ISIC-2017_Training_Part1_GroundTruth\ISIC_0000501_segmentation.png,target_adaptation,false,42
ISIC_0000508,D:\Project_ConvLoRA\ISIC-2017_Training_Data\ISIC_0000508.jpg,true,D:\Project_ConvLoRA\ISIC-2017_Training_Part1_GroundTruth\ISIC_0000508_segmentation.png,target_adaptation,false,42
ISIC_0000509,D:\Project_ConvLoRA\ISIC-2017_Training_Data\ISIC_0000509.jpg,true,D:\Project_ConvLoRA\ISIC-2017_Training_Part1_GroundTruth\ISIC_0000509_segmentation.png,target_adaptation,false,42
ISIC_0000510,D:\Project_ConvLoRA\ISIC-2017_Training_Data\ISIC_0000510.jpg,true,D:\Project_ConvLoRA\ISIC-2017_Training_Part1_GroundTruth\ISIC_0000510_segmentation.png,target_adaptation,false,42
ISIC_0000515,D:\Project_ConvLoRA\ISIC-2017_Training_Data\ISIC_0000515.jpg,true,D:\Project_ConvLoRA\ISIC-2017_Training_Part1_GroundTruth\ISIC_0000515_segmentation.png,target_adaptation,false,42
ISIC_0000525,D:\Project_ConvLoRA\ISIC-2017_Training_Data\ISIC_0000525.jpg,true,D:\Project_ConvLoRA\ISIC-2017_Training_Part1_GroundTruth\ISIC_0000525_segmentation.png,target_adaptation,false,42
ISIC_0000527,D:\Project_ConvLoRA\ISIC-2017_Training_Data\ISIC_0000527.jpg,true,D:\Project_ConvLoRA\ISIC-2017_Training_Part1_GroundTruth\ISIC_0000527_segmentation.png,target_adaptation,false,42
ISIC_0000533,D:\Project_ConvLoRA\ISIC-2017_Training_Data\ISIC_0000533.jpg,true,D:\Project_ConvLoRA\ISIC-2017_Training_Part1_GroundTruth\ISIC_0000533_segmentation.png,target_adaptation,false,42
ISIC_0000539,D:\Project_ConvLoRA\ISIC-2017_Training_Data\ISIC_0000539.jpg,true,D:\Project_ConvLoRA\ISIC-2017_Training_Part1_GroundTruth\ISIC_0000539_segmentation.png,target_adaptation,false,42
ISIC_0000540,D:\Project_ConvLoRA\ISIC-2017_Training_Data\ISIC_0000540.jpg,true,D:\Project_ConvLoRA\ISIC-2017_Training_Part1_GroundTruth\ISIC_0000540_segmentation.png,target_adaptation,false,42
ISIC_0000547,D:\Project_ConvLoRA\ISIC-2017_Training_Data\ISIC_0000547.jpg,true,D:\Project_ConvLoRA\ISIC-2017_Training_Part1_GroundTruth\ISIC_0000547_segmentation.png,target_adaptation,false,42
ISIC_0000550,D:\Project_ConvLoRA\ISIC-2017_Training_Data\ISIC_0000550.jpg,true,D:\Project_ConvLoRA\ISIC-2017_Training_Part1_GroundTruth\ISIC_0000550_segmentation.png,target_adaptation,false,42
ISIC_0001103,D:\Project_ConvLoRA\ISIC-2017_Training_Data\ISIC_0001103.jpg,true,D:\Project_ConvLoRA\ISIC-2017_Training_Part1_GroundTruth\ISIC_0001103_segmentation.png,target_adaptation,false,42
ISIC_0001128,D:\Project_ConvLoRA\ISIC-2017_Training_Data\ISIC_0001128.jpg,true,D:\Project_ConvLoRA\ISIC-2017_Training_Part1_GroundTruth\ISIC_0001128_segmentation.png,target_adaptation,false,42
ISIC_0001131,D:\Project_ConvLoRA\ISIC-2017_Training_Data\ISIC_0001131.jpg,true,D:\Project_ConvLoRA\ISIC-2017_Training_Part1_GroundTruth\ISIC_0001131_segmentation.png,target_adaptation,false,42
ISIC_0001960,D:\Project_ConvLoRA\ISIC-2017_Training_Data\ISIC_0001960.jpg,true,D:\Project_ConvLoRA\ISIC-2017_Training_Part1_GroundTruth\ISIC_0001960_segmentation.png,target_adaptation,false,42
ISIC_0002107,D:\Project_ConvLoRA\ISIC-2017_Training_Data\ISIC_0002107.jpg,true,D:\Project_ConvLoRA\ISIC-2017_Training_Part1_GroundTruth\ISIC_0002107_segmentation.png,target_adaptation,false,42
ISIC_0002246,D:\Project_ConvLoRA\ISIC-2017_Training_Data\ISIC_0002246.jpg,true,D:\Project_ConvLoRA\ISIC-2017_Training_Part1_GroundTruth\ISIC_0002246_segmentation.png,target_adaptation,false,42
ISIC_0002673,D:\Project_ConvLoRA\ISIC-2017_Training_Data\ISIC_0002673.jpg,true,D:\Project_ConvLoRA\ISIC-2017_Training_Part1_GroundTruth\ISIC_0002673_segmentation.png,target_adaptation,false,42
ISIC_0002829,D:\Project_ConvLoRA\ISIC-2017_Training_Data\ISIC_0002829.jpg,true,D:\Project_ConvLoRA\ISIC-2017_Training_Part1_GroundTruth\ISIC_0002829_segmentation.png,target_adaptation,false,42
ISIC_0003728,D:\Project_ConvLoRA\ISIC-2017_Training_Data\ISIC_0003728.jpg,true,D:\Project_ConvLoRA\ISIC-2017_Training_Part1_GroundTruth\ISIC_0003728_segmentation.png,target_adaptation,false,42
ISIC_0004115,D:\Project_ConvLoRA\ISIC-2017_Training_Data\ISIC_0004115.jpg,true,D:\Project_ConvLoRA\ISIC-2017_Training_Part1_GroundTruth\ISIC_0004115_segmentation.png,target_adaptation,false,42
ISIC_0004346,D:\Project_ConvLoRA\ISIC-2017_Training_Data\ISIC_0004346.jpg,true,D:\Project_ConvLoRA\ISIC-2017_Training_Part1_GroundTruth\ISIC_0004346_segmentation.png,target_adaptation,false,42
ISIC_0006193,D:\Project_ConvLoRA\ISIC-2017_Training_Data\ISIC_0006193.jpg,true,D:\Project_ConvLoRA\ISIC-2017_Training_Part1_GroundTruth\ISIC_0006193_segmentation.png,target_adaptation,false,42
ISIC_0006711,D:\Project_ConvLoRA\ISIC-2017_Training_Data\ISIC_0006711.jpg,true,D:\Project_ConvLoRA\ISIC-2017_Training_Part1_GroundTruth\ISIC_0006711_segmentation.png,target_adaptation,false,42
ISIC_0007693,D:\Project_ConvLoRA\ISIC-2017_Training_Data\ISIC_0007693.jpg,true,D:\Project_ConvLoRA\ISIC-2017_Training_Part1_GroundTruth\ISIC_0007693_segmentation.png,target_adaptation,false,42
ISIC_0008116,D:\Project_ConvLoRA\ISIC-2017_Training_Data\ISIC_0008116.jpg,true,D:\Project_ConvLoRA\ISIC-2017_Training_Part1_GroundTruth\ISIC_0008116_segmentation.png,target_adaptation,false,42
ISIC_0008507,D:\Project_ConvLoRA\ISIC-2017_Training_Data\ISIC_0008507.jpg,true,D:\Project_ConvLoRA\ISIC-2017_Training_Part1_GroundTruth\ISIC_0008507_segmentation.png,target_adaptation,false,42
ISIC_0008600,D:\Project_ConvLoRA\ISIC-2017_Training_Data\ISIC_0008600.jpg,true,D:\Project_ConvLoRA\ISIC-2017_Training_Part1_GroundTruth\ISIC_0008600_segmentation.png,target_adaptation,false,42
ISIC_0008992,D:\Project_ConvLoRA\ISIC-2017_Training_Data\ISIC_0008992.jpg,true,D:\Project_ConvLoRA\ISIC-2017_Training_Part1_GroundTruth\ISIC_0008992_segmentation.png,target_adaptation,false,42
ISIC_0008998,D:\Project_ConvLoRA\ISIC-2017_Training_Data\ISIC_0008998.jpg,true,D:\Project_ConvLoRA\ISIC-2017_Training_Part1_GroundTruth\ISIC_0008998_segmentation.png,target_adaptation,false,42
ISIC_0009035,D:\Project_ConvLoRA\ISIC-2017_Training_Data\ISIC_0009035.jpg,true,D:\Project_ConvLoRA\ISIC-2017_Training_Part1_GroundTruth\ISIC_0009035_segmentation.png,target_adaptation,false,42
ISIC_0009078,D:\Project_ConvLoRA\ISIC-2017_Training_Data\ISIC_0009078.jpg,true,D:\Project_ConvLoRA\ISIC-2017_Training_Part1_GroundTruth\ISIC_0009078_segmentation.png,target_adaptation,false,42
ISIC_0009083,D:\Project_ConvLoRA\ISIC-2017_Training_Data\ISIC_0009083.jpg,true,D:\Project_ConvLoRA\ISIC-2017_Training_Part1_GroundTruth\ISIC_0009083_segmentation.png,target_adaptation,false,42
ISIC_0009298,D:\Project_ConvLoRA\ISIC-2017_Training_Data\ISIC_0009298.jpg,true,D:\Project_ConvLoRA\ISIC-2017_Training_Part1_GroundTruth\ISIC_0009298_segmentation.png,target_adaptation,false,42
ISIC_0009564,D:\Project_ConvLoRA\ISIC-2017_Training_Data\ISIC_0009564.jpg,true,D:\Project_ConvLoRA\ISIC-2017_Training_Part1_GroundTruth\ISIC_0009564_segmentation.png,target_adaptation,false,42
ISIC_0009872,D:\Project_ConvLoRA\ISIC-2017_Training_Data\ISIC_0009872.jpg,true,D:\Project_ConvLoRA\ISIC-2017_Training_Part1_GroundTruth\ISIC_0009872_segmentation.png,target_adaptation,false,42
ISIC_0009874,D:\Project_ConvLoRA\ISIC-2017_Training_Data\ISIC_0009874.jpg,true,D:\Project_ConvLoRA\ISIC-2017_Training_Part1_GroundTruth\ISIC_0009874_segmentation.png,target_adaptation,false,42
ISIC_0009879,D:\Project_ConvLoRA\ISIC-2017_Training_Data\ISIC_0009879.jpg,true,D:\Project_ConvLoRA\ISIC-2017_Training_Part1_GroundTruth\ISIC_0009879_segmentation.png,target_adaptation,false,42
ISIC_0009880,D:\Project_ConvLoRA\ISIC-2017_Training_Data\ISIC_0009880.jpg,true,D:\Project_ConvLoRA\ISIC-2017_Training_Part1_GroundTruth\ISIC_0009880_segmentation.png,target_adaptation,false,42
ISIC_0009881,D:\Project_ConvLoRA\ISIC-2017_Training_Data\ISIC_0009881.jpg,true,D:\Project_ConvLoRA\ISIC-2017_Training_Part1_GroundTruth\ISIC_0009881_segmentation.png,target_adaptation,false,42
ISIC_0009882,D:\Project_ConvLoRA\ISIC-2017_Training_Data\ISIC_0009882.jpg,true,D:\Project_ConvLoRA\ISIC-2017_Training_Part1_GroundTruth\ISIC_0009882_segmentation.png,target_adaptation,false,42
ISIC_0009889,D:\Project_ConvLoRA\ISIC-2017_Training_Data\ISIC_0009889.jpg,true,D:\Project_ConvLoRA\ISIC-2017_Training_Part1_GroundTruth\ISIC_0009889_segmentation.png,target_adaptation,false,42
ISIC_0009898,D:\Project_ConvLoRA\ISIC-2017_Training_Data\ISIC_0009898.jpg,true,D:\Project_ConvLoRA\ISIC-2017_Training_Part1_GroundTruth\ISIC_0009898_segmentation.png,target_adaptation,false,42
ISIC_0009901,D:\Project_ConvLoRA\ISIC-2017_Training_Data\ISIC_0009901.jpg,true,D:\Project_ConvLoRA\ISIC-2017_Training_Part1_GroundTruth\ISIC_0009901_segmentation.png,target_adaptation,false,42
ISIC_0009902,D:\Project_ConvLoRA\ISIC-2017_Training_Data\ISIC_0009902.jpg,true,D:\Project_ConvLoRA\ISIC-2017_Training_Part1_GroundTruth\ISIC_0009902_segmentation.png,target_adaptation,false,42
ISIC_0009906,D:\Project_ConvLoRA\ISIC-2017_Training_Data\ISIC_0009906.jpg,true,D:\Project_ConvLoRA\ISIC-2017_Training_Part1_GroundTruth\ISIC_0009906_segmentation.png,target_adaptation,false,42
ISIC_0009920,D:\Project_ConvLoRA\ISIC-2017_Training_Data\ISIC_0009920.jpg,true,D:\Project_ConvLoRA\ISIC-2017_Training_Part1_GroundTruth\ISIC_0009920_segmentation.png,target_adaptation,false,42
ISIC_0009930,D:\Project_ConvLoRA\ISIC-2017_Training_Data\ISIC_0009930.jpg,true,D:\Project_ConvLoRA\ISIC-2017_Training_Part1_GroundTruth\ISIC_0009930_segmentation.png,target_adaptation,false,42
ISIC_0009931,D:\Project_ConvLoRA\ISIC-2017_Training_Data\ISIC_0009931.jpg,true,D:\Project_ConvLoRA\ISIC-2017_Training_Part1_GroundTruth\ISIC_0009931_segmentation.png,target_adaptation,false,42
ISIC_0009943,D:\Project_ConvLoRA\ISIC-2017_Training_Data\ISIC_0009943.jpg,true,D:\Project_ConvLoRA\ISIC-2017_Training_Part1_GroundTruth\ISIC_0009943_segmentation.png,target_adaptation,false,42
ISIC_0009945,D:\Project_ConvLoRA\ISIC-2017_Training_Data\ISIC_0009945.jpg,true,D:\Project_ConvLoRA\ISIC-2017_Training_Part1_GroundTruth\ISIC_0009945_segmentation.png,target_adaptation,false,42
ISIC_0009954,D:\Project_ConvLoRA\ISIC-2017_Training_Data\ISIC_0009954.jpg,true,D:\Project_ConvLoRA\ISIC-2017_Training_Part1_GroundTruth\ISIC_0009954_segmentation.png,target_adaptation,false,42
ISIC_0009955,D:\Project_ConvLoRA\ISIC-2017_Training_Data\ISIC_0009955.jpg,true,D:\Project_ConvLoRA\ISIC-2017_Training_Part1_GroundTruth\ISIC_0009955_segmentation.png,target_adaptation,false,42
ISIC_0009958,D:\Project_ConvLoRA\ISIC-2017_Training_Data\ISIC_0009958.jpg,true,D:\Project_ConvLoRA\ISIC-2017_Training_Part1_GroundTruth\ISIC_0009958_segmentation.png,target_adaptation,false,42
ISIC_0009965,D:\Project_ConvLoRA\ISIC-2017_Training_Data\ISIC_0009965.jpg,true,D:\Project_ConvLoRA\ISIC-2017_Training_Part1_GroundTruth\ISIC_0009965_segmentation.png,target_adaptation,false,42
ISIC_0009977,D:\Project_ConvLoRA\ISIC-2017_Training_Data\ISIC_0009977.jpg,true,D:\Project_ConvLoRA\ISIC-2017_Training_Part1_GroundTruth\ISIC_0009977_segmentation.png,target_adaptation,false,42
ISIC_0009982,D:\Project_ConvLoRA\ISIC-2017_Training_Data\ISIC_0009982.jpg,true,D:\Project_ConvLoRA\ISIC-2017_Training_Part1_GroundTruth\ISIC_0009982_segmentation.png,target_adaptation,false,42
ISIC_0009993,D:\Project_ConvLoRA\ISIC-2017_Training_Data\ISIC_0009993.jpg,true,D:\Project_ConvLoRA\ISIC-2017_Training_Part1_GroundTruth\ISIC_0009993_segmentation.png,target_adaptation,false,42
ISIC_0009994,D:\Project_ConvLoRA\ISIC-2017_Training_Data\ISIC_0009994.jpg,true,D:\Project_ConvLoRA\ISIC-2017_Training_Part1_GroundTruth\ISIC_0009994_segmentation.png,target_adaptation,false,42
ISIC_0009998,D:\Project_ConvLoRA\ISIC-2017_Training_Data\ISIC_0009998.jpg,true,D:\Project_ConvLoRA\ISIC-2017_Training_Part1_GroundTruth\ISIC_0009998_segmentation.png,target_adaptation,false,42
ISIC_0010013,D:\Project_ConvLoRA\ISIC-2017_Training_Data\ISIC_0010013.jpg,true,D:\Project_ConvLoRA\ISIC-2017_Training_Part1_GroundTruth\ISIC_0010013_segmentation.png,target_adaptation,false,42
ISIC_0010016,D:\Project_ConvLoRA\ISIC-2017_Training_Data\ISIC_0010016.jpg,true,D:\Project_ConvLoRA\ISIC-2017_Training_Part1_GroundTruth\ISIC_0010016_segmentation.png,target_adaptation,false,42
ISIC_0010020,D:\Project_ConvLoRA\ISIC-2017_Training_Data\ISIC_0010020.jpg,true,D:\Project_ConvLoRA\ISIC-2017_Training_Part1_GroundTruth\ISIC_0010020_segmentation.png,target_adaptation,false,42
ISIC_0010034,D:\Project_ConvLoRA\ISIC-2017_Training_Data\ISIC_0010034.jpg,true,D:\Project_ConvLoRA\ISIC-2017_Training_Part1_GroundTruth\ISIC_0010034_segmentation.png,target_adaptation,false,42
ISIC_0010055,D:\Project_ConvLoRA\ISIC-2017_Training_Data\ISIC_0010055.jpg,true,D:\Project_ConvLoRA\ISIC-2017_Training_Part1_GroundTruth\ISIC_0010055_segmentation.png,target_adaptation,false,42
ISIC_0010058,D:\Project_ConvLoRA\ISIC-2017_Training_Data\ISIC_0010058.jpg,true,D:\Project_ConvLoRA\ISIC-2017_Training_Part1_GroundTruth\ISIC_0010058_segmentation.png,target_adaptation,false,42
ISIC_0010059,D:\Project_ConvLoRA\ISIC-2017_Training_Data\ISIC_0010059.jpg,true,D:\Project_ConvLoRA\ISIC-2017_Training_Part1_GroundTruth\ISIC_0010059_segmentation.png,target_adaptation,false,42
ISIC_0010061,D:\Project_ConvLoRA\ISIC-2017_Training_Data\ISIC_0010061.jpg,true,D:\Project_ConvLoRA\ISIC-2017_Training_Part1_GroundTruth\ISIC_0010061_segmentation.png,target_adaptation,false,42
ISIC_0010077,D:\Project_ConvLoRA\ISIC-2017_Training_Data\ISIC_0010077.jpg,true,D:\Project_ConvLoRA\ISIC-2017_Training_Part1_GroundTruth\ISIC_0010077_segmentation.png,target_adaptation,false,42
ISIC_0010092,D:\Project_ConvLoRA\ISIC-2017_Training_Data\ISIC_0010092.jpg,true,D:\Project_ConvLoRA\ISIC-2017_Training_Part1_GroundTruth\ISIC_0010092_segmentation.png,target_adaptation,false,42
ISIC_0010100,D:\Project_ConvLoRA\ISIC-2017_Training_Data\ISIC_0010100.jpg,true,D:\Project_ConvLoRA\ISIC-2017_Training_Part1_GroundTruth\ISIC_0010100_segmentation.png,target_adaptation,false,42
ISIC_0010171,D:\Project_ConvLoRA\ISIC-2017_Training_Data\ISIC_0010171.jpg,true,D:\Project_ConvLoRA\ISIC-2017_Training_Part1_GroundTruth\ISIC_0010171_segmentation.png,target_adaptation,false,42
ISIC_0010173,D:\Project_ConvLoRA\ISIC-2017_Training_Data\ISIC_0010173.jpg,true,D:\Project_ConvLoRA\ISIC-2017_Training_Part1_GroundTruth\ISIC_0010173_segmentation.png,target_adaptation,false,42
ISIC_0010187,D:\Project_ConvLoRA\ISIC-2017_Training_Data\ISIC_0010187.jpg,true,D:\Project_ConvLoRA\ISIC-2017_Training_Part1_GroundTruth\ISIC_0010187_segmentation.png,target_adaptation,false,42
ISIC_0010192,D:\Project_ConvLoRA\ISIC-2017_Training_Data\ISIC_0010192.jpg,true,D:\Project_ConvLoRA\ISIC-2017_Training_Part1_GroundTruth\ISIC_0010192_segmentation.png,target_adaptation,false,42
ISIC_0010201,D:\Project_ConvLoRA\ISIC-2017_Training_Data\ISIC_0010201.jpg,true,D:\Project_ConvLoRA\ISIC-2017_Training_Part1_GroundTruth\ISIC_0010201_segmentation.png,target_adaptation,false,42
ISIC_0010202,D:\Project_ConvLoRA\ISIC-2017_Training_Data\ISIC_0010202.jpg,true,D:\Project_ConvLoRA\ISIC-2017_Training_Part1_GroundTruth\ISIC_0010202_segmentation.png,target_adaptation,false,42
ISIC_0010206,D:\Project_ConvLoRA\ISIC-2017_Training_Data\ISIC_0010206.jpg,true,D:\Project_ConvLoRA\ISIC-2017_Training_Part1_GroundTruth\ISIC_0010206_segmentation.png,target_adaptation,false,42
ISIC_0010207,D:\Project_ConvLoRA\ISIC-2017_Training_Data\ISIC_0010207.jpg,true,D:\Project_ConvLoRA\ISIC-2017_Training_Part1_GroundTruth\ISIC_0010207_segmentation.png,target_adaptation,false,42
ISIC_0010215,D:\Project_ConvLoRA\ISIC-2017_Training_Data\ISIC_0010215.jpg,true,D:\Project_ConvLoRA\ISIC-2017_Training_Part1_GroundTruth\ISIC_0010215_segmentation.png,target_adaptation,false,42
ISIC_0010216,D:\Project_ConvLoRA\ISIC-2017_Training_Data\ISIC_0010216.jpg,true,D:\Project_ConvLoRA\ISIC-2017_Training_Part1_GroundTruth\ISIC_0010216_segmentation.png,target_adaptation,false,42
ISIC_0010229,D:\Project_ConvLoRA\ISIC-2017_Training_Data\ISIC_0010229.jpg,true,D:\Project_ConvLoRA\ISIC-2017_Training_Part1_GroundTruth\ISIC_0010229_segmentation.png,target_adaptation,false,42
ISIC_0010254,D:\Project_ConvLoRA\ISIC-2017_Training_Data\ISIC_0010254.jpg,true,D:\Project_ConvLoRA\ISIC-2017_Training_Part1_GroundTruth\ISIC_0010254_segmentation.png,target_adaptation,false,42
ISIC_0010255,D:\Project_ConvLoRA\ISIC-2017_Training_Data\ISIC_0010255.jpg,true,D:\Project_ConvLoRA\ISIC-2017_Training_Part1_GroundTruth\ISIC_0010255_segmentation.png,target_adaptation,false,42
ISIC_0010257,D:\Project_ConvLoRA\ISIC-2017_Training_Data\ISIC_0010257.jpg,true,D:\Project_ConvLoRA\ISIC-2017_Training_Part1_GroundTruth\ISIC_0010257_segmentation.png,target_adaptation,false,42
ISIC_0010261,D:\Project_ConvLoRA\ISIC-2017_Training_Data\ISIC_0010261.jpg,true,D:\Project_ConvLoRA\ISIC-2017_Training_Part1_GroundTruth\ISIC_0010261_segmentation.png,target_adaptation,false,42
ISIC_0010340,D:\Project_ConvLoRA\ISIC-2017_Training_Data\ISIC_0010340.jpg,true,D:\Project_ConvLoRA\ISIC-2017_Training_Part1_GroundTruth\ISIC_0010340_segmentation.png,target_adaptation,false,42
ISIC_0010346,D:\Project_ConvLoRA\ISIC-2017_Training_Data\ISIC_0010346.jpg,true,D:\Project_ConvLoRA\ISIC-2017_Training_Part1_GroundTruth\ISIC_0010346_segmentation.png,target_adaptation,false,42
ISIC_0010348,D:\Project_ConvLoRA\ISIC-2017_Training_Data\ISIC_0010348.jpg,true,D:\Project_ConvLoRA\ISIC-2017_Training_Part1_GroundTruth\ISIC_0010348_segmentation.png,target_adaptation,false,42
ISIC_0010374,D:\Project_ConvLoRA\ISIC-2017_Training_Data\ISIC_0010374.jpg,true,D:\Project_ConvLoRA\ISIC-2017_Training_Part1_GroundTruth\ISIC_0010374_segmentation.png,target_adaptation,false,42
ISIC_0010379,D:\Project_ConvLoRA\ISIC-2017_Training_Data\ISIC_0010379.jpg,true,D:\Project_ConvLoRA\ISIC-2017_Training_Part1_GroundTruth\ISIC_0010379_segmentation.png,target_adaptation,false,42
ISIC_0010444,D:\Project_ConvLoRA\ISIC-2017_Training_Data\ISIC_0010444.jpg,true,D:\Project_ConvLoRA\ISIC-2017_Training_Part1_GroundTruth\ISIC_0010444_segmentation.png,target_adaptation,false,42
ISIC_0010448,D:\Project_ConvLoRA\ISIC-2017_Training_Data\ISIC_0010448.jpg,true,D:\Project_ConvLoRA\ISIC-2017_Training_Part1_GroundTruth\ISIC_0010448_segmentation.png,target_adaptation,false,42
ISIC_0010452,D:\Project_ConvLoRA\ISIC-2017_Training_Data\ISIC_0010452.jpg,true,D:\Project_ConvLoRA\ISIC-2017_Training_Part1_GroundTruth\ISIC_0010452_segmentation.png,target_adaptation,false,42
ISIC_0010456,D:\Project_ConvLoRA\ISIC-2017_Training_Data\ISIC_0010456.jpg,true,D:\Project_ConvLoRA\ISIC-2017_Training_Part1_GroundTruth\ISIC_0010456_segmentation.png,target_adaptation,false,42
ISIC_0010460,D:\Project_ConvLoRA\ISIC-2017_Training_Data\ISIC_0010460.jpg,true,D:\Project_ConvLoRA\ISIC-2017_Training_Part1_GroundTruth\ISIC_0010460_segmentation.png,target_adaptation,false,42
ISIC_0010463,D:\Project_ConvLoRA\ISIC-2017_Training_Data\ISIC_0010463.jpg,true,D:\Project_ConvLoRA\ISIC-2017_Training_Part1_GroundTruth\ISIC_0010463_segmentation.png,target_adaptation,false,42
ISIC_0010474,D:\Project_ConvLoRA\ISIC-2017_Training_Data\ISIC_0010474.jpg,true,D:\Project_ConvLoRA\ISIC-2017_Training_Part1_GroundTruth\ISIC_0010474_segmentation.png,target_adaptation,false,42
ISIC_0010477,D:\Project_ConvLoRA\ISIC-2017_Training_Data\ISIC_0010477.jpg,true,D:\Project_ConvLoRA\ISIC-2017_Training_Part1_GroundTruth\ISIC_0010477_segmentation.png,target_adaptation,false,42
ISIC_0010483,D:\Project_ConvLoRA\ISIC-2017_Training_Data\ISIC_0010483.jpg,true,D:\Project_ConvLoRA\ISIC-2017_Training_Part1_GroundTruth\ISIC_0010483_segmentation.png,target_adaptation,false,42
ISIC_0010498,D:\Project_ConvLoRA\ISIC-2017_Training_Data\ISIC_0010498.jpg,true,D:\Project_ConvLoRA\ISIC-2017_Training_Part1_GroundTruth\ISIC_0010498_segmentation.png,target_adaptation,false,42
ISIC_0010552,D:\Project_ConvLoRA\ISIC-2017_Training_Data\ISIC_0010552.jpg,true,D:\Project_ConvLoRA\ISIC-2017_Training_Part1_GroundTruth\ISIC_0010552_segmentation.png,target_adaptation,false,42
ISIC_0010553,D:\Project_ConvLoRA\ISIC-2017_Training_Data\ISIC_0010553.jpg,true,D:\Project_ConvLoRA\ISIC-2017_Training_Part1_GroundTruth\ISIC_0010553_segmentation.png,target_adaptation,false,42
ISIC_0010565,D:\Project_ConvLoRA\ISIC-2017_Training_Data\ISIC_0010565.jpg,true,D:\Project_ConvLoRA\ISIC-2017_Training_Part1_GroundTruth\ISIC_0010565_segmentation.png,target_adaptation,false,42
ISIC_0010582,D:\Project_ConvLoRA\ISIC-2017_Training_Data\ISIC_0010582.jpg,true,D:\Project_ConvLoRA\ISIC-2017_Training_Part1_GroundTruth\ISIC_0010582_segmentation.png,target_adaptation,false,42
ISIC_0010584,D:\Project_ConvLoRA\ISIC-2017_Training_Data\ISIC_0010584.jpg,true,D:\Project_ConvLoRA\ISIC-2017_Training_Part1_GroundTruth\ISIC_0010584_segmentation.png,target_adaptation,false,42
ISIC_0010587,D:\Project_ConvLoRA\ISIC-2017_Training_Data\ISIC_0010587.jpg,true,D:\Project_ConvLoRA\ISIC-2017_Training_Part1_GroundTruth\ISIC_0010587_segmentation.png,target_adaptation,false,42
ISIC_0010588,D:\Project_ConvLoRA\ISIC-2017_Training_Data\ISIC_0010588.jpg,true,D:\Project_ConvLoRA\ISIC-2017_Training_Part1_GroundTruth\ISIC_0010588_segmentation.png,target_adaptation,false,42
ISIC_0010591,D:\Project_ConvLoRA\ISIC-2017_Training_Data\ISIC_0010591.jpg,true,D:\Project_ConvLoRA\ISIC-2017_Training_Part1_GroundTruth\ISIC_0010591_segmentation.png,target_adaptation,false,42
ISIC_0010592,D:\Project_ConvLoRA\ISIC-2017_Training_Data\ISIC_0010592.jpg,true,D:\Project_ConvLoRA\ISIC-2017_Training_Part1_GroundTruth\ISIC_0010592_segmentation.png,target_adaptation,false,42
ISIC_0010596,D:\Project_ConvLoRA\ISIC-2017_Training_Data\ISIC_0010596.jpg,true,D:\Project_ConvLoRA\ISIC-2017_Training_Part1_GroundTruth\ISIC_0010596_segmentation.png,target_adaptation,false,42
ISIC_0010598,D:\Project_ConvLoRA\ISIC-2017_Training_Data\ISIC_0010598.jpg,true,D:\Project_ConvLoRA\ISIC-2017_Training_Part1_GroundTruth\ISIC_0010598_segmentation.png,target_adaptation,false,42
ISIC_0010606,D:\Project_ConvLoRA\ISIC-2017_Training_Data\ISIC_0010606.jpg,true,D:\Project_ConvLoRA\ISIC-2017_Training_Part1_GroundTruth\ISIC_0010606_segmentation.png,target_adaptation,false,42
ISIC_0010607,D:\Project_ConvLoRA\ISIC-2017_Training_Data\ISIC_0010607.jpg,true,D:\Project_ConvLoRA\ISIC-2017_Training_Part1_GroundTruth\ISIC_0010607_segmentation.png,target_adaptation,false,42
ISIC_0010846,D:\Project_ConvLoRA\ISIC-2017_Training_Data\ISIC_0010846.jpg,true,D:\Project_ConvLoRA\ISIC-2017_Training_Part1_GroundTruth\ISIC_0010846_segmentation.png,target_adaptation,false,42
ISIC_0010847,D:\Project_ConvLoRA\ISIC-2017_Training_Data\ISIC_0010847.jpg,true,D:\Project_ConvLoRA\ISIC-2017_Training_Part1_GroundTruth\ISIC_0010847_segmentation.png,target_adaptation,false,42
ISIC_0010856,D:\Project_ConvLoRA\ISIC-2017_Training_Data\ISIC_0010856.jpg,true,D:\Project_ConvLoRA\ISIC-2017_Training_Part1_GroundTruth\ISIC_0010856_segmentation.png,target_adaptation,false,42
ISIC_0010863,D:\Project_ConvLoRA\ISIC-2017_Training_Data\ISIC_0010863.jpg,true,D:\Project_ConvLoRA\ISIC-2017_Training_Part1_GroundTruth\ISIC_0010863_segmentation.png,target_adaptation,false,42
ISIC_0011083,D:\Project_ConvLoRA\ISIC-2017_Training_Data\ISIC_0011083.jpg,true,D:\Project_ConvLoRA\ISIC-2017_Training_Part1_GroundTruth\ISIC_0011083_segmentation.png,target_adaptation,false,42
ISIC_0011089,D:\Project_ConvLoRA\ISIC-2017_Training_Data\ISIC_0011089.jpg,true,D:\Project_ConvLoRA\ISIC-2017_Training_Part1_GroundTruth\ISIC_0011089_segmentation.png,target_adaptation,false,42
ISIC_0011090,D:\Project_ConvLoRA\ISIC-2017_Training_Data\ISIC_0011090.jpg,true,D:\Project_ConvLoRA\ISIC-2017_Training_Part1_GroundTruth\ISIC_0011090_segmentation.png,target_adaptation,false,42
ISIC_0011098,D:\Project_ConvLoRA\ISIC-2017_Training_Data\ISIC_0011098.jpg,true,D:\Project_ConvLoRA\ISIC-2017_Training_Part1_GroundTruth\ISIC_0011098_segmentation.png,target_adaptation,false,42
ISIC_0011101,D:\Project_ConvLoRA\ISIC-2017_Training_Data\ISIC_0011101.jpg,true,D:\Project_ConvLoRA\ISIC-2017_Training_Part1_GroundTruth\ISIC_0011101_segmentation.png,target_adaptation,false,42
ISIC_0011112,D:\Project_ConvLoRA\ISIC-2017_Training_Data\ISIC_0011112.jpg,true,D:\Project_ConvLoRA\ISIC-2017_Training_Part1_GroundTruth\ISIC_0011112_segmentation.png,target_adaptation,false,42
ISIC_0011132,D:\Project_ConvLoRA\ISIC-2017_Training_Data\ISIC_0011132.jpg,true,D:\Project_ConvLoRA\ISIC-2017_Training_Part1_GroundTruth\ISIC_0011132_segmentation.png,target_adaptation,false,42
ISIC_0011143,D:\Project_ConvLoRA\ISIC-2017_Training_Data\ISIC_0011143.jpg,true,D:\Project_ConvLoRA\ISIC-2017_Training_Part1_GroundTruth\ISIC_0011143_segmentation.png,target_adaptation,false,42
ISIC_0011155,D:\Project_ConvLoRA\ISIC-2017_Training_Data\ISIC_0011155.jpg,true,D:\Project_ConvLoRA\ISIC-2017_Training_Part1_GroundTruth\ISIC_0011155_segmentation.png,target_adaptation,false,42
ISIC_0011162,D:\Project_ConvLoRA\ISIC-2017_Training_Data\ISIC_0011162.jpg,true,D:\Project_ConvLoRA\ISIC-2017_Training_Part1_GroundTruth\ISIC_0011162_segmentation.png,target_adaptation,false,42
ISIC_0011167,D:\Project_ConvLoRA\ISIC-2017_Training_Data\ISIC_0011167.jpg,true,D:\Project_ConvLoRA\ISIC-2017_Training_Part1_GroundTruth\ISIC_0011167_segmentation.png,target_adaptation,false,42
ISIC_0011168,D:\Project_ConvLoRA\ISIC-2017_Training_Data\ISIC_0011168.jpg,true,D:\Project_ConvLoRA\ISIC-2017_Training_Part1_GroundTruth\ISIC_0011168_segmentation.png,target_adaptation,false,42
ISIC_0011171,D:\Project_ConvLoRA\ISIC-2017_Training_Data\ISIC_0011171.jpg,true,D:\Project_ConvLoRA\ISIC-2017_Training_Part1_GroundTruth\ISIC_0011171_segmentation.png,target_adaptation,false,42
ISIC_0011176,D:\Project_ConvLoRA\ISIC-2017_Training_Data\ISIC_0011176.jpg,true,D:\Project_ConvLoRA\ISIC-2017_Training_Part1_GroundTruth\ISIC_0011176_segmentation.png,target_adaptation,false,42
ISIC_0011177,D:\Project_ConvLoRA\ISIC-2017_Training_Data\ISIC_0011177.jpg,true,D:\Project_ConvLoRA\ISIC-2017_Training_Part1_GroundTruth\ISIC_0011177_segmentation.png,target_adaptation,false,42
ISIC_0011204,D:\Project_ConvLoRA\ISIC-2017_Training_Data\ISIC_0011204.jpg,true,D:\Project_ConvLoRA\ISIC-2017_Training_Part1_GroundTruth\ISIC_0011204_segmentation.png,target_adaptation,false,42
ISIC_0011213,D:\Project_ConvLoRA\ISIC-2017_Training_Data\ISIC_0011213.jpg,true,D:\Project_ConvLoRA\ISIC-2017_Training_Part1_GroundTruth\ISIC_0011213_segmentation.png,target_adaptation,false,42
ISIC_0011224,D:\Project_ConvLoRA\ISIC-2017_Training_Data\ISIC_0011224.jpg,true,D:\Project_ConvLoRA\ISIC-2017_Training_Part1_GroundTruth\ISIC_0011224_segmentation.png,target_adaptation,false,42
ISIC_0011292,D:\Project_ConvLoRA\ISIC-2017_Training_Data\ISIC_0011292.jpg,true,D:\Project_ConvLoRA\ISIC-2017_Training_Part1_GroundTruth\ISIC_0011292_segmentation.png,target_adaptation,false,42
ISIC_0011294,D:\Project_ConvLoRA\ISIC-2017_Training_Data\ISIC_0011294.jpg,true,D:\Project_ConvLoRA\ISIC-2017_Training_Part1_GroundTruth\ISIC_0011294_segmentation.png,target_adaptation,false,42
ISIC_0011298,D:\Project_ConvLoRA\ISIC-2017_Training_Data\ISIC_0011298.jpg,true,D:\Project_ConvLoRA\ISIC-2017_Training_Part1_GroundTruth\ISIC_0011298_segmentation.png,target_adaptation,false,42
ISIC_0011300,D:\Project_ConvLoRA\ISIC-2017_Training_Data\ISIC_0011300.jpg,true,D:\Project_ConvLoRA\ISIC-2017_Training_Part1_GroundTruth\ISIC_0011300_segmentation.png,target_adaptation,false,42
ISIC_0011310,D:\Project_ConvLoRA\ISIC-2017_Training_Data\ISIC_0011310.jpg,true,D:\Project_ConvLoRA\ISIC-2017_Training_Part1_GroundTruth\ISIC_0011310_segmentation.png,target_adaptation,false,42
ISIC_0011321,D:\Project_ConvLoRA\ISIC-2017_Training_Data\ISIC_0011321.jpg,true,D:\Project_ConvLoRA\ISIC-2017_Training_Part1_GroundTruth\ISIC_0011321_segmentation.png,target_adaptation,false,42
ISIC_0011333,D:\Project_ConvLoRA\ISIC-2017_Training_Data\ISIC_0011333.jpg,true,D:\Project_ConvLoRA\ISIC-2017_Training_Part1_GroundTruth\ISIC_0011333_segmentation.png,target_adaptation,false,42
ISIC_0011336,D:\Project_ConvLoRA\ISIC-2017_Training_Data\ISIC_0011336.jpg,true,D:\Project_ConvLoRA\ISIC-2017_Training_Part1_GroundTruth\ISIC_0011336_segmentation.png,target_adaptation,false,42
ISIC_0011338,D:\Project_ConvLoRA\ISIC-2017_Training_Data\ISIC_0011338.jpg,true,D:\Project_ConvLoRA\ISIC-2017_Training_Part1_GroundTruth\ISIC_0011338_segmentation.png,target_adaptation,false,42
ISIC_0011344,D:\Project_ConvLoRA\ISIC-2017_Training_Data\ISIC_0011344.jpg,true,D:\Project_ConvLoRA\ISIC-2017_Training_Part1_GroundTruth\ISIC_0011344_segmentation.png,target_adaptation,false,42
ISIC_0011349,D:\Project_ConvLoRA\ISIC-2017_Training_Data\ISIC_0011349.jpg,true,D:\Project_ConvLoRA\ISIC-2017_Training_Part1_GroundTruth\ISIC_0011349_segmentation.png,target_adaptation,false,42
ISIC_0011359,D:\Project_ConvLoRA\ISIC-2017_Training_Data\ISIC_0011359.jpg,true,D:\Project_ConvLoRA\ISIC-2017_Training_Part1_GroundTruth\ISIC_0011359_segmentation.png,target_adaptation,false,42
ISIC_0011363,D:\Project_ConvLoRA\ISIC-2017_Training_Data\ISIC_0011363.jpg,true,D:\Project_ConvLoRA\ISIC-2017_Training_Part1_GroundTruth\ISIC_0011363_segmentation.png,target_adaptation,false,42
ISIC_0011367,D:\Project_ConvLoRA\ISIC-2017_Training_Data\ISIC_0011367.jpg,true,D:\Project_ConvLoRA\ISIC-2017_Training_Part1_GroundTruth\ISIC_0011367_segmentation.png,target_adaptation,false,42
ISIC_0011384,D:\Project_ConvLoRA\ISIC-2017_Training_Data\ISIC_0011384.jpg,true,D:\Project_ConvLoRA\ISIC-2017_Training_Part1_GroundTruth\ISIC_0011384_segmentation.png,target_adaptation,false,42
ISIC_0011386,D:\Project_ConvLoRA\ISIC-2017_Training_Data\ISIC_0011386.jpg,true,D:\Project_ConvLoRA\ISIC-2017_Training_Part1_GroundTruth\ISIC_0011386_segmentation.png,target_adaptation,false,42
ISIC_0012089,D:\Project_ConvLoRA\ISIC-2017_Training_Data\ISIC_0012089.jpg,true,D:\Project_ConvLoRA\ISIC-2017_Training_Part1_GroundTruth\ISIC_0012089_segmentation.png,target_adaptation,false,42
ISIC_0012090,D:\Project_ConvLoRA\ISIC-2017_Training_Data\ISIC_0012090.jpg,true,D:\Project_ConvLoRA\ISIC-2017_Training_Part1_GroundTruth\ISIC_0012090_segmentation.png,target_adaptation,false,42
ISIC_0012094,D:\Project_ConvLoRA\ISIC-2017_Training_Data\ISIC_0012094.jpg,true,D:\Project_ConvLoRA\ISIC-2017_Training_Part1_GroundTruth\ISIC_0012094_segmentation.png,target_adaptation,false,42
ISIC_0012097,D:\Project_ConvLoRA\ISIC-2017_Training_Data\ISIC_0012097.jpg,true,D:\Project_ConvLoRA\ISIC-2017_Training_Part1_GroundTruth\ISIC_0012097_segmentation.png,target_adaptation,false,42
ISIC_0012102,D:\Project_ConvLoRA\ISIC-2017_Training_Data\ISIC_0012102.jpg,true,D:\Project_ConvLoRA\ISIC-2017_Training_Part1_GroundTruth\ISIC_0012102_segmentation.png,target_adaptation,false,42
ISIC_0012103,D:\Project_ConvLoRA\ISIC-2017_Training_Data\ISIC_0012103.jpg,true,D:\Project_ConvLoRA\ISIC-2017_Training_Part1_GroundTruth\ISIC_0012103_segmentation.png,target_adaptation,false,42
ISIC_0012105,D:\Project_ConvLoRA\ISIC-2017_Training_Data\ISIC_0012105.jpg,true,D:\Project_ConvLoRA\ISIC-2017_Training_Part1_GroundTruth\ISIC_0012105_segmentation.png,target_adaptation,false,42
ISIC_0012107,D:\Project_ConvLoRA\ISIC-2017_Training_Data\ISIC_0012107.jpg,true,D:\Project_ConvLoRA\ISIC-2017_Training_Part1_GroundTruth\ISIC_0012107_segmentation.png,target_adaptation,false,42
ISIC_0012116,D:\Project_ConvLoRA\ISIC-2017_Training_Data\ISIC_0012116.jpg,true,D:\Project_ConvLoRA\ISIC-2017_Training_Part1_GroundTruth\ISIC_0012116_segmentation.png,target_adaptation,false,42
ISIC_0012117,D:\Project_ConvLoRA\ISIC-2017_Training_Data\ISIC_0012117.jpg,true,D:\Project_ConvLoRA\ISIC-2017_Training_Part1_GroundTruth\ISIC_0012117_segmentation.png,target_adaptation,false,42
ISIC_0012118,D:\Project_ConvLoRA\ISIC-2017_Training_Data\ISIC_0012118.jpg,true,D:\Project_ConvLoRA\ISIC-2017_Training_Part1_GroundTruth\ISIC_0012118_segmentation.png,target_adaptation,false,42
ISIC_0012135,D:\Project_ConvLoRA\ISIC-2017_Training_Data\ISIC_0012135.jpg,true,D:\Project_ConvLoRA\ISIC-2017_Training_Part1_GroundTruth\ISIC_0012135_segmentation.png,target_adaptation,false,42
ISIC_0012141,D:\Project_ConvLoRA\ISIC-2017_Training_Data\ISIC_0012141.jpg,true,D:\Project_ConvLoRA\ISIC-2017_Training_Part1_GroundTruth\ISIC_0012141_segmentation.png,target_adaptation,false,42
ISIC_0012148,D:\Project_ConvLoRA\ISIC-2017_Training_Data\ISIC_0012148.jpg,true,D:\Project_ConvLoRA\ISIC-2017_Training_Part1_GroundTruth\ISIC_0012148_segmentation.png,target_adaptation,false,42
ISIC_0012150,D:\Project_ConvLoRA\ISIC-2017_Training_Data\ISIC_0012150.jpg,true,D:\Project_ConvLoRA\ISIC-2017_Training_Part1_GroundTruth\ISIC_0012150_segmentation.png,target_adaptation,false,42
ISIC_0012155,D:\Project_ConvLoRA\ISIC-2017_Training_Data\ISIC_0012155.jpg,true,D:\Project_ConvLoRA\ISIC-2017_Training_Part1_GroundTruth\ISIC_0012155_segmentation.png,target_adaptation,false,42
ISIC_0012164,D:\Project_ConvLoRA\ISIC-2017_Training_Data\ISIC_0012164.jpg,true,D:\Project_ConvLoRA\ISIC-2017_Training_Part1_GroundTruth\ISIC_0012164_segmentation.png,target_adaptation,false,42
ISIC_0012167,D:\Project_ConvLoRA\ISIC-2017_Training_Data\ISIC_0012167.jpg,true,D:\Project_ConvLoRA\ISIC-2017_Training_Part1_GroundTruth\ISIC_0012167_segmentation.png,target_adaptation,false,42
ISIC_0012173,D:\Project_ConvLoRA\ISIC-2017_Training_Data\ISIC_0012173.jpg,true,D:\Project_ConvLoRA\ISIC-2017_Training_Part1_GroundTruth\ISIC_0012173_segmentation.png,target_adaptation,false,42
ISIC_0012175,D:\Project_ConvLoRA\ISIC-2017_Training_Data\ISIC_0012175.jpg,true,D:\Project_ConvLoRA\ISIC-2017_Training_Part1_GroundTruth\ISIC_0012175_segmentation.png,target_adaptation,false,42
ISIC_0012179,D:\Project_ConvLoRA\ISIC-2017_Training_Data\ISIC_0012179.jpg,true,D:\Project_ConvLoRA\ISIC-2017_Training_Part1_GroundTruth\ISIC_0012179_segmentation.png,target_adaptation,false,42
ISIC_0012182,D:\Project_ConvLoRA\ISIC-2017_Training_Data\ISIC_0012182.jpg,true,D:\Project_ConvLoRA\ISIC-2017_Training_Part1_GroundTruth\ISIC_0012182_segmentation.png,target_adaptation,false,42
ISIC_0012203,D:\Project_ConvLoRA\ISIC-2017_Training_Data\ISIC_0012203.jpg,true,D:\Project_ConvLoRA\ISIC-2017_Training_Part1_GroundTruth\ISIC_0012203_segmentation.png,target_adaptation,false,42
ISIC_0012205,D:\Project_ConvLoRA\ISIC-2017_Training_Data\ISIC_0012205.jpg,true,D:\Project_ConvLoRA\ISIC-2017_Training_Part1_GroundTruth\ISIC_0012205_segmentation.png,target_adaptation,false,42
ISIC_0012208,D:\Project_ConvLoRA\ISIC-2017_Training_Data\ISIC_0012208.jpg,true,D:\Project_ConvLoRA\ISIC-2017_Training_Part1_GroundTruth\ISIC_0012208_segmentation.png,target_adaptation,false,42
ISIC_0012211,D:\Project_ConvLoRA\ISIC-2017_Training_Data\ISIC_0012211.jpg,true,D:\Project_ConvLoRA\ISIC-2017_Training_Part1_GroundTruth\ISIC_0012211_segmentation.png,target_adaptation,false,42
ISIC_0012212,D:\Project_ConvLoRA\ISIC-2017_Training_Data\ISIC_0012212.jpg,true,D:\Project_ConvLoRA\ISIC-2017_Training_Part1_GroundTruth\ISIC_0012212_segmentation.png,target_adaptation,false,42
ISIC_0012213,D:\Project_ConvLoRA\ISIC-2017_Training_Data\ISIC_0012213.jpg,true,D:\Project_ConvLoRA\ISIC-2017_Training_Part1_GroundTruth\ISIC_0012213_segmentation.png,target_adaptation,false,42
ISIC_0012214,D:\Project_ConvLoRA\ISIC-2017_Training_Data\ISIC_0012214.jpg,true,D:\Project_ConvLoRA\ISIC-2017_Training_Part1_GroundTruth\ISIC_0012214_segmentation.png,target_adaptation,false,42
ISIC_0012217,D:\Project_ConvLoRA\ISIC-2017_Training_Data\ISIC_0012217.jpg,true,D:\Project_ConvLoRA\ISIC-2017_Training_Part1_GroundTruth\ISIC_0012217_segmentation.png,target_adaptation,false,42
ISIC_0012224,D:\Project_ConvLoRA\ISIC-2017_Training_Data\ISIC_0012224.jpg,true,D:\Project_ConvLoRA\ISIC-2017_Training_Part1_GroundTruth\ISIC_0012224_segmentation.png,target_adaptation,false,42
ISIC_0012227,D:\Project_ConvLoRA\ISIC-2017_Training_Data\ISIC_0012227.jpg,true,D:\Project_ConvLoRA\ISIC-2017_Training_Part1_GroundTruth\ISIC_0012227_segmentation.png,target_adaptation,false,42
ISIC_0012228,D:\Project_ConvLoRA\ISIC-2017_Training_Data\ISIC_0012228.jpg,true,D:\Project_ConvLoRA\ISIC-2017_Training_Part1_GroundTruth\ISIC_0012228_segmentation.png,target_adaptation,false,42
ISIC_0012230,D:\Project_ConvLoRA\ISIC-2017_Training_Data\ISIC_0012230.jpg,true,D:\Project_ConvLoRA\ISIC-2017_Training_Part1_GroundTruth\ISIC_0012230_segmentation.png,target_adaptation,false,42
ISIC_0012232,D:\Project_ConvLoRA\ISIC-2017_Training_Data\ISIC_0012232.jpg,true,D:\Project_ConvLoRA\ISIC-2017_Training_Part1_GroundTruth\ISIC_0012232_segmentation.png,target_adaptation,false,42
ISIC_0012233,D:\Project_ConvLoRA\ISIC-2017_Training_Data\ISIC_0012233.jpg,true,D:\Project_ConvLoRA\ISIC-2017_Training_Part1_GroundTruth\ISIC_0012233_segmentation.png,target_adaptation,false,42
ISIC_0012237,D:\Project_ConvLoRA\ISIC-2017_Training_Data\ISIC_0012237.jpg,true,D:\Project_ConvLoRA\ISIC-2017_Training_Part1_GroundTruth\ISIC_0012237_segmentation.png,target_adaptation,false,42
ISIC_0012238,D:\Project_ConvLoRA\ISIC-2017_Training_Data\ISIC_0012238.jpg,true,D:\Project_ConvLoRA\ISIC-2017_Training_Part1_GroundTruth\ISIC_0012238_segmentation.png,target_adaptation,false,42
ISIC_0012245,D:\Project_ConvLoRA\ISIC-2017_Training_Data\ISIC_0012245.jpg,true,D:\Project_ConvLoRA\ISIC-2017_Training_Part1_GroundTruth\ISIC_0012245_segmentation.png,target_adaptation,false,42
ISIC_0012246,D:\Project_ConvLoRA\ISIC-2017_Training_Data\ISIC_0012246.jpg,true,D:\Project_ConvLoRA\ISIC-2017_Training_Part1_GroundTruth\ISIC_0012246_segmentation.png,target_adaptation,false,42
ISIC_0012250,D:\Project_ConvLoRA\ISIC-2017_Training_Data\ISIC_0012250.jpg,true,D:\Project_ConvLoRA\ISIC-2017_Training_Part1_GroundTruth\ISIC_0012250_segmentation.png,target_adaptation,false,42
ISIC_0012253,D:\Project_ConvLoRA\ISIC-2017_Training_Data\ISIC_0012253.jpg,true,D:\Project_ConvLoRA\ISIC-2017_Training_Part1_GroundTruth\ISIC_0012253_segmentation.png,target_adaptation,false,42
ISIC_0012257,D:\Project_ConvLoRA\ISIC-2017_Training_Data\ISIC_0012257.jpg,true,D:\Project_ConvLoRA\ISIC-2017_Training_Part1_GroundTruth\ISIC_0012257_segmentation.png,target_adaptation,false,42
ISIC_0012259,D:\Project_ConvLoRA\ISIC-2017_Training_Data\ISIC_0012259.jpg,true,D:\Project_ConvLoRA\ISIC-2017_Training_Part1_GroundTruth\ISIC_0012259_segmentation.png,target_adaptation,false,42
ISIC_0012260,D:\Project_ConvLoRA\ISIC-2017_Training_Data\ISIC_0012260.jpg,true,D:\Project_ConvLoRA\ISIC-2017_Training_Part1_GroundTruth\ISIC_0012260_segmentation.png,target_adaptation,false,42
ISIC_0012261,D:\Project_ConvLoRA\ISIC-2017_Training_Data\ISIC_0012261.jpg,true,D:\Project_ConvLoRA\ISIC-2017_Training_Part1_GroundTruth\ISIC_0012261_segmentation.png,target_adaptation,false,42
ISIC_0012263,D:\Project_ConvLoRA\ISIC-2017_Training_Data\ISIC_0012263.jpg,true,D:\Project_ConvLoRA\ISIC-2017_Training_Part1_GroundTruth\ISIC_0012263_segmentation.png,target_adaptation,false,42
ISIC_0012268,D:\Project_ConvLoRA\ISIC-2017_Training_Data\ISIC_0012268.jpg,true,D:\Project_ConvLoRA\ISIC-2017_Training_Part1_GroundTruth\ISIC_0012268_segmentation.png,target_adaptation,false,42
ISIC_0012271,D:\Project_ConvLoRA\ISIC-2017_Training_Data\ISIC_0012271.jpg,true,D:\Project_ConvLoRA\ISIC-2017_Training_Part1_GroundTruth\ISIC_0012271_segmentation.png,target_adaptation,false,42
ISIC_0012274,D:\Project_ConvLoRA\ISIC-2017_Training_Data\ISIC_0012274.jpg,true,D:\Project_ConvLoRA\ISIC-2017_Training_Part1_GroundTruth\ISIC_0012274_segmentation.png,target_adaptation,false,42
ISIC_0012281,D:\Project_ConvLoRA\ISIC-2017_Training_Data\ISIC_0012281.jpg,true,D:\Project_ConvLoRA\ISIC-2017_Training_Part1_GroundTruth\ISIC_0012281_segmentation.png,target_adaptation,false,42
ISIC_0012282,D:\Project_ConvLoRA\ISIC-2017_Training_Data\ISIC_0012282.jpg,true,D:\Project_ConvLoRA\ISIC-2017_Training_Part1_GroundTruth\ISIC_0012282_segmentation.png,target_adaptation,false,42
ISIC_0012284,D:\Project_ConvLoRA\ISIC-2017_Training_Data\ISIC_0012284.jpg,true,D:\Project_ConvLoRA\ISIC-2017_Training_Part1_GroundTruth\ISIC_0012284_segmentation.png,target_adaptation,false,42
ISIC_0012285,D:\Project_ConvLoRA\ISIC-2017_Training_Data\ISIC_0012285.jpg,true,D:\Project_ConvLoRA\ISIC-2017_Training_Part1_GroundTruth\ISIC_0012285_segmentation.png,target_adaptation,false,42
ISIC_0012290,D:\Project_ConvLoRA\ISIC-2017_Training_Data\ISIC_0012290.jpg,true,D:\Project_ConvLoRA\ISIC-2017_Training_Part1_GroundTruth\ISIC_0012290_segmentation.png,target_adaptation,false,42
ISIC_0012291,D:\Project_ConvLoRA\ISIC-2017_Training_Data\ISIC_0012291.jpg,true,D:\Project_ConvLoRA\ISIC-2017_Training_Part1_GroundTruth\ISIC_0012291_segmentation.png,target_adaptation,false,42
ISIC_0012294,D:\Project_ConvLoRA\ISIC-2017_Training_Data\ISIC_0012294.jpg,true,D:\Project_ConvLoRA\ISIC-2017_Training_Part1_GroundTruth\ISIC_0012294_segmentation.png,target_adaptation,false,42
ISIC_0012298,D:\Project_ConvLoRA\ISIC-2017_Training_Data\ISIC_0012298.jpg,true,D:\Project_ConvLoRA\ISIC-2017_Training_Part1_GroundTruth\ISIC_0012298_segmentation.png,target_adaptation,false,42
ISIC_0012299,D:\Project_ConvLoRA\ISIC-2017_Training_Data\ISIC_0012299.jpg,true,D:\Project_ConvLoRA\ISIC-2017_Training_Part1_GroundTruth\ISIC_0012299_segmentation.png,target_adaptation,false,42
ISIC_0012309,D:\Project_ConvLoRA\ISIC-2017_Training_Data\ISIC_0012309.jpg,true,D:\Project_ConvLoRA\ISIC-2017_Training_Part1_GroundTruth\ISIC_0012309_segmentation.png,target_adaptation,false,42
ISIC_0012311,D:\Project_ConvLoRA\ISIC-2017_Training_Data\ISIC_0012311.jpg,true,D:\Project_ConvLoRA\ISIC-2017_Training_Part1_GroundTruth\ISIC_0012311_segmentation.png,target_adaptation,false,42
ISIC_0012318,D:\Project_ConvLoRA\ISIC-2017_Training_Data\ISIC_0012318.jpg,true,D:\Project_ConvLoRA\ISIC-2017_Training_Part1_GroundTruth\ISIC_0012318_segmentation.png,target_adaptation,false,42
ISIC_0012320,D:\Project_ConvLoRA\ISIC-2017_Training_Data\ISIC_0012320.jpg,true,D:\Project_ConvLoRA\ISIC-2017_Training_Part1_GroundTruth\ISIC_0012320_segmentation.png,target_adaptation,false,42
ISIC_0012322,D:\Project_ConvLoRA\ISIC-2017_Training_Data\ISIC_0012322.jpg,true,D:\Project_ConvLoRA\ISIC-2017_Training_Part1_GroundTruth\ISIC_0012322_segmentation.png,target_adaptation,false,42
ISIC_0012324,D:\Project_ConvLoRA\ISIC-2017_Training_Data\ISIC_0012324.jpg,true,D:\Project_ConvLoRA\ISIC-2017_Training_Part1_GroundTruth\ISIC_0012324_segmentation.png,target_adaptation,false,42
ISIC_0012325,D:\Project_ConvLoRA\ISIC-2017_Training_Data\ISIC_0012325.jpg,true,D:\Project_ConvLoRA\ISIC-2017_Training_Part1_GroundTruth\ISIC_0012325_segmentation.png,target_adaptation,false,42
ISIC_0012329,D:\Project_ConvLoRA\ISIC-2017_Training_Data\ISIC_0012329.jpg,true,D:\Project_ConvLoRA\ISIC-2017_Training_Part1_GroundTruth\ISIC_0012329_segmentation.png,target_adaptation,false,42
ISIC_0012332,D:\Project_ConvLoRA\ISIC-2017_Training_Data\ISIC_0012332.jpg,true,D:\Project_ConvLoRA\ISIC-2017_Training_Part1_GroundTruth\ISIC_0012332_segmentation.png,target_adaptation,false,42
ISIC_0012333,D:\Project_ConvLoRA\ISIC-2017_Training_Data\ISIC_0012333.jpg,true,D:\Project_ConvLoRA\ISIC-2017_Training_Part1_GroundTruth\ISIC_0012333_segmentation.png,target_adaptation,false,42
ISIC_0012334,D:\Project_ConvLoRA\ISIC-2017_Training_Data\ISIC_0012334.jpg,true,D:\Project_ConvLoRA\ISIC-2017_Training_Part1_GroundTruth\ISIC_0012334_segmentation.png,target_adaptation,false,42
ISIC_0012338,D:\Project_ConvLoRA\ISIC-2017_Training_Data\ISIC_0012338.jpg,true,D:\Project_ConvLoRA\ISIC-2017_Training_Part1_GroundTruth\ISIC_0012338_segmentation.png,target_adaptation,false,42
ISIC_0012348,D:\Project_ConvLoRA\ISIC-2017_Training_Data\ISIC_0012348.jpg,true,D:\Project_ConvLoRA\ISIC-2017_Training_Part1_GroundTruth\ISIC_0012348_segmentation.png,target_adaptation,false,42
ISIC_0012351,D:\Project_ConvLoRA\ISIC-2017_Training_Data\ISIC_0012351.jpg,true,D:\Project_ConvLoRA\ISIC-2017_Training_Part1_GroundTruth\ISIC_0012351_segmentation.png,target_adaptation,false,42
ISIC_0012363,D:\Project_ConvLoRA\ISIC-2017_Training_Data\ISIC_0012363.jpg,true,D:\Project_ConvLoRA\ISIC-2017_Training_Part1_GroundTruth\ISIC_0012363_segmentation.png,target_adaptation,false,42
ISIC_0012374,D:\Project_ConvLoRA\ISIC-2017_Training_Data\ISIC_0012374.jpg,true,D:\Project_ConvLoRA\ISIC-2017_Training_Part1_GroundTruth\ISIC_0012374_segmentation.png,target_adaptation,false,42
ISIC_0012376,D:\Project_ConvLoRA\ISIC-2017_Training_Data\ISIC_0012376.jpg,true,D:\Project_ConvLoRA\ISIC-2017_Training_Part1_GroundTruth\ISIC_0012376_segmentation.png,target_adaptation,false,42
ISIC_0012377,D:\Project_ConvLoRA\ISIC-2017_Training_Data\ISIC_0012377.jpg,true,D:\Project_ConvLoRA\ISIC-2017_Training_Part1_GroundTruth\ISIC_0012377_segmentation.png,target_adaptation,false,42
ISIC_0012378,D:\Project_ConvLoRA\ISIC-2017_Training_Data\ISIC_0012378.jpg,true,D:\Project_ConvLoRA\ISIC-2017_Training_Part1_GroundTruth\ISIC_0012378_segmentation.png,target_adaptation,false,42
ISIC_0012381,D:\Project_ConvLoRA\ISIC-2017_Training_Data\ISIC_0012381.jpg,true,D:\Project_ConvLoRA\ISIC-2017_Training_Part1_GroundTruth\ISIC_0012381_segmentation.png,target_adaptation,false,42
ISIC_0012382,D:\Project_ConvLoRA\ISIC-2017_Training_Data\ISIC_0012382.jpg,true,D:\Project_ConvLoRA\ISIC-2017_Training_Part1_GroundTruth\ISIC_0012382_segmentation.png,target_adaptation,false,42
ISIC_0012384,D:\Project_ConvLoRA\ISIC-2017_Training_Data\ISIC_0012384.jpg,true,D:\Project_ConvLoRA\ISIC-2017_Training_Part1_GroundTruth\ISIC_0012384_segmentation.png,target_adaptation,false,42
ISIC_0012386,D:\Project_ConvLoRA\ISIC-2017_Training_Data\ISIC_0012386.jpg,true,D:\Project_ConvLoRA\ISIC-2017_Training_Part1_GroundTruth\ISIC_0012386_segmentation.png,target_adaptation,false,42
ISIC_0012390,D:\Project_ConvLoRA\ISIC-2017_Training_Data\ISIC_0012390.jpg,true,D:\Project_ConvLoRA\ISIC-2017_Training_Part1_GroundTruth\ISIC_0012390_segmentation.png,target_adaptation,false,42
ISIC_0012391,D:\Project_ConvLoRA\ISIC-2017_Training_Data\ISIC_0012391.jpg,true,D:\Project_ConvLoRA\ISIC-2017_Training_Part1_GroundTruth\ISIC_0012391_segmentation.png,target_adaptation,false,42
ISIC_0012397,D:\Project_ConvLoRA\ISIC-2017_Training_Data\ISIC_0012397.jpg,true,D:\Project_ConvLoRA\ISIC-2017_Training_Part1_GroundTruth\ISIC_0012397_segmentation.png,target_adaptation,false,42
ISIC_0012413,D:\Project_ConvLoRA\ISIC-2017_Training_Data\ISIC_0012413.jpg,true,D:\Project_ConvLoRA\ISIC-2017_Training_Part1_GroundTruth\ISIC_0012413_segmentation.png,target_adaptation,false,42
ISIC_0012415,D:\Project_ConvLoRA\ISIC-2017_Training_Data\ISIC_0012415.jpg,true,D:\Project_ConvLoRA\ISIC-2017_Training_Part1_GroundTruth\ISIC_0012415_segmentation.png,target_adaptation,false,42
ISIC_0012435,D:\Project_ConvLoRA\ISIC-2017_Training_Data\ISIC_0012435.jpg,true,D:\Project_ConvLoRA\ISIC-2017_Training_Part1_GroundTruth\ISIC_0012435_segmentation.png,target_adaptation,false,42
ISIC_0012442,D:\Project_ConvLoRA\ISIC-2017_Training_Data\ISIC_0012442.jpg,true,D:\Project_ConvLoRA\ISIC-2017_Training_Part1_GroundTruth\ISIC_0012442_segmentation.png,target_adaptation,false,42
ISIC_0012445,D:\Project_ConvLoRA\ISIC-2017_Training_Data\ISIC_0012445.jpg,true,D:\Project_ConvLoRA\ISIC-2017_Training_Part1_GroundTruth\ISIC_0012445_segmentation.png,target_adaptation,false,42
ISIC_0012450,D:\Project_ConvLoRA\ISIC-2017_Training_Data\ISIC_0012450.jpg,true,D:\Project_ConvLoRA\ISIC-2017_Training_Part1_GroundTruth\ISIC_0012450_segmentation.png,target_adaptation,false,42
ISIC_0012453,D:\Project_ConvLoRA\ISIC-2017_Training_Data\ISIC_0012453.jpg,true,D:\Project_ConvLoRA\ISIC-2017_Training_Part1_GroundTruth\ISIC_0012453_segmentation.png,target_adaptation,false,42
ISIC_0012455,D:\Project_ConvLoRA\ISIC-2017_Training_Data\ISIC_0012455.jpg,true,D:\Project_ConvLoRA\ISIC-2017_Training_Part1_GroundTruth\ISIC_0012455_segmentation.png,target_adaptation,false,42
ISIC_0012459,D:\Project_ConvLoRA\ISIC-2017_Training_Data\ISIC_0012459.jpg,true,D:\Project_ConvLoRA\ISIC-2017_Training_Part1_GroundTruth\ISIC_0012459_segmentation.png,target_adaptation,false,42
ISIC_0012460,D:\Project_ConvLoRA\ISIC-2017_Training_Data\ISIC_0012460.jpg,true,D:\Project_ConvLoRA\ISIC-2017_Training_Part1_GroundTruth\ISIC_0012460_segmentation.png,target_adaptation,false,42
ISIC_0012464,D:\Project_ConvLoRA\ISIC-2017_Training_Data\ISIC_0012464.jpg,true,D:\Project_ConvLoRA\ISIC-2017_Training_Part1_GroundTruth\ISIC_0012464_segmentation.png,target_adaptation,false,42
ISIC_0012469,D:\Project_ConvLoRA\ISIC-2017_Training_Data\ISIC_0012469.jpg,true,D:\Project_ConvLoRA\ISIC-2017_Training_Part1_GroundTruth\ISIC_0012469_segmentation.png,target_adaptation,false,42
ISIC_0012473,D:\Project_ConvLoRA\ISIC-2017_Training_Data\ISIC_0012473.jpg,true,D:\Project_ConvLoRA\ISIC-2017_Training_Part1_GroundTruth\ISIC_0012473_segmentation.png,target_adaptation,false,42
ISIC_0012475,D:\Project_ConvLoRA\ISIC-2017_Training_Data\ISIC_0012475.jpg,true,D:\Project_ConvLoRA\ISIC-2017_Training_Part1_GroundTruth\ISIC_0012475_segmentation.png,target_adaptation,false,42
ISIC_0012478,D:\Project_ConvLoRA\ISIC-2017_Training_Data\ISIC_0012478.jpg,true,D:\Project_ConvLoRA\ISIC-2017_Training_Part1_GroundTruth\ISIC_0012478_segmentation.png,target_adaptation,false,42
ISIC_0012481,D:\Project_ConvLoRA\ISIC-2017_Training_Data\ISIC_0012481.jpg,true,D:\Project_ConvLoRA\ISIC-2017_Training_Part1_GroundTruth\ISIC_0012481_segmentation.png,target_adaptation,false,42
ISIC_0012487,D:\Project_ConvLoRA\ISIC-2017_Training_Data\ISIC_0012487.jpg,true,D:\Project_ConvLoRA\ISIC-2017_Training_Part1_GroundTruth\ISIC_0012487_segmentation.png,target_adaptation,false,42
ISIC_0012489,D:\Project_ConvLoRA\ISIC-2017_Training_Data\ISIC_0012489.jpg,true,D:\Project_ConvLoRA\ISIC-2017_Training_Part1_GroundTruth\ISIC_0012489_segmentation.png,target_adaptation,false,42
ISIC_0012495,D:\Project_ConvLoRA\ISIC-2017_Training_Data\ISIC_0012495.jpg,true,D:\Project_ConvLoRA\ISIC-2017_Training_Part1_GroundTruth\ISIC_0012495_segmentation.png,target_adaptation,false,42
ISIC_0012496,D:\Project_ConvLoRA\ISIC-2017_Training_Data\ISIC_0012496.jpg,true,D:\Project_ConvLoRA\ISIC-2017_Training_Part1_GroundTruth\ISIC_0012496_segmentation.png,target_adaptation,false,42
ISIC_0012506,D:\Project_ConvLoRA\ISIC-2017_Training_Data\ISIC_0012506.jpg,true,D:\Project_ConvLoRA\ISIC-2017_Training_Part1_GroundTruth\ISIC_0012506_segmentation.png,target_adaptation,false,42
ISIC_0012511,D:\Project_ConvLoRA\ISIC-2017_Training_Data\ISIC_0012511.jpg,true,D:\Project_ConvLoRA\ISIC-2017_Training_Part1_GroundTruth\ISIC_0012511_segmentation.png,target_adaptation,false,42
ISIC_0012512,D:\Project_ConvLoRA\ISIC-2017_Training_Data\ISIC_0012512.jpg,true,D:\Project_ConvLoRA\ISIC-2017_Training_Part1_GroundTruth\ISIC_0012512_segmentation.png,target_adaptation,false,42
ISIC_0012517,D:\Project_ConvLoRA\ISIC-2017_Training_Data\ISIC_0012517.jpg,true,D:\Project_ConvLoRA\ISIC-2017_Training_Part1_GroundTruth\ISIC_0012517_segmentation.png,target_adaptation,false,42
ISIC_0012520,D:\Project_ConvLoRA\ISIC-2017_Training_Data\ISIC_0012520.jpg,true,D:\Project_ConvLoRA\ISIC-2017_Training_Part1_GroundTruth\ISIC_0012520_segmentation.png,target_adaptation,false,42
ISIC_0012521,D:\Project_ConvLoRA\ISIC-2017_Training_Data\ISIC_0012521.jpg,true,D:\Project_ConvLoRA\ISIC-2017_Training_Part1_GroundTruth\ISIC_0012521_segmentation.png,target_adaptation,false,42
ISIC_0012523,D:\Project_ConvLoRA\ISIC-2017_Training_Data\ISIC_0012523.jpg,true,D:\Project_ConvLoRA\ISIC-2017_Training_Part1_GroundTruth\ISIC_0012523_segmentation.png,target_adaptation,false,42
ISIC_0012526,D:\Project_ConvLoRA\ISIC-2017_Training_Data\ISIC_0012526.jpg,true,D:\Project_ConvLoRA\ISIC-2017_Training_Part1_GroundTruth\ISIC_0012526_segmentation.png,target_adaptation,false,42
ISIC_0012527,D:\Project_ConvLoRA\ISIC-2017_Training_Data\ISIC_0012527.jpg,true,D:\Project_ConvLoRA\ISIC-2017_Training_Part1_GroundTruth\ISIC_0012527_segmentation.png,target_adaptation,false,42
ISIC_0012529,D:\Project_ConvLoRA\ISIC-2017_Training_Data\ISIC_0012529.jpg,true,D:\Project_ConvLoRA\ISIC-2017_Training_Part1_GroundTruth\ISIC_0012529_segmentation.png,target_adaptation,false,42
ISIC_0012543,D:\Project_ConvLoRA\ISIC-2017_Training_Data\ISIC_0012543.jpg,true,D:\Project_ConvLoRA\ISIC-2017_Training_Part1_GroundTruth\ISIC_0012543_segmentation.png,target_adaptation,false,42
ISIC_0012549,D:\Project_ConvLoRA\ISIC-2017_Training_Data\ISIC_0012549.jpg,true,D:\Project_ConvLoRA\ISIC-2017_Training_Part1_GroundTruth\ISIC_0012549_segmentation.png,target_adaptation,false,42
ISIC_0012653,D:\Project_ConvLoRA\ISIC-2017_Training_Data\ISIC_0012653.jpg,true,D:\Project_ConvLoRA\ISIC-2017_Training_Part1_GroundTruth\ISIC_0012653_segmentation.png,target_adaptation,false,42
ISIC_0012655,D:\Project_ConvLoRA\ISIC-2017_Training_Data\ISIC_0012655.jpg,true,D:\Project_ConvLoRA\ISIC-2017_Training_Part1_GroundTruth\ISIC_0012655_segmentation.png,target_adaptation,false,42
ISIC_0012657,D:\Project_ConvLoRA\ISIC-2017_Training_Data\ISIC_0012657.jpg,true,D:\Project_ConvLoRA\ISIC-2017_Training_Part1_GroundTruth\ISIC_0012657_segmentation.png,target_adaptation,false,42
ISIC_0012658,D:\Project_ConvLoRA\ISIC-2017_Training_Data\ISIC_0012658.jpg,true,D:\Project_ConvLoRA\ISIC-2017_Training_Part1_GroundTruth\ISIC_0012658_segmentation.png,target_adaptation,false,42
ISIC_0012659,D:\Project_ConvLoRA\ISIC-2017_Training_Data\ISIC_0012659.jpg,true,D:\Project_ConvLoRA\ISIC-2017_Training_Part1_GroundTruth\ISIC_0012659_segmentation.png,target_adaptation,false,42
ISIC_0012662,D:\Project_ConvLoRA\ISIC-2017_Training_Data\ISIC_0012662.jpg,true,D:\Project_ConvLoRA\ISIC-2017_Training_Part1_GroundTruth\ISIC_0012662_segmentation.png,target_adaptation,false,42
ISIC_0012663,D:\Project_ConvLoRA\ISIC-2017_Training_Data\ISIC_0012663.jpg,true,D:\Project_ConvLoRA\ISIC-2017_Training_Part1_GroundTruth\ISIC_0012663_segmentation.png,target_adaptation,false,42
ISIC_0012665,D:\Project_ConvLoRA\ISIC-2017_Training_Data\ISIC_0012665.jpg,true,D:\Project_ConvLoRA\ISIC-2017_Training_Part1_GroundTruth\ISIC_0012665_segmentation.png,target_adaptation,false,42
ISIC_0012666,D:\Project_ConvLoRA\ISIC-2017_Training_Data\ISIC_0012666.jpg,true,D:\Project_ConvLoRA\ISIC-2017_Training_Part1_GroundTruth\ISIC_0012666_segmentation.png,target_adaptation,false,42
ISIC_0012669,D:\Project_ConvLoRA\ISIC-2017_Training_Data\ISIC_0012669.jpg,true,D:\Project_ConvLoRA\ISIC-2017_Training_Part1_GroundTruth\ISIC_0012669_segmentation.png,target_adaptation,false,42
ISIC_0012670,D:\Project_ConvLoRA\ISIC-2017_Training_Data\ISIC_0012670.jpg,true,D:\Project_ConvLoRA\ISIC-2017_Training_Part1_GroundTruth\ISIC_0012670_segmentation.png,target_adaptation,false,42
ISIC_0012671,D:\Project_ConvLoRA\ISIC-2017_Training_Data\ISIC_0012671.jpg,true,D:\Project_ConvLoRA\ISIC-2017_Training_Part1_GroundTruth\ISIC_0012671_segmentation.png,target_adaptation,false,42
ISIC_0012673,D:\Project_ConvLoRA\ISIC-2017_Training_Data\ISIC_0012673.jpg,true,D:\Project_ConvLoRA\ISIC-2017_Training_Part1_GroundTruth\ISIC_0012673_segmentation.png,target_adaptation,false,42
ISIC_0012676,D:\Project_ConvLoRA\ISIC-2017_Training_Data\ISIC_0012676.jpg,true,D:\Project_ConvLoRA\ISIC-2017_Training_Part1_GroundTruth\ISIC_0012676_segmentation.png,target_adaptation,false,42
ISIC_0012678,D:\Project_ConvLoRA\ISIC-2017_Training_Data\ISIC_0012678.jpg,true,D:\Project_ConvLoRA\ISIC-2017_Training_Part1_GroundTruth\ISIC_0012678_segmentation.png,target_adaptation,false,42
ISIC_0012679,D:\Project_ConvLoRA\ISIC-2017_Training_Data\ISIC_0012679.jpg,true,D:\Project_ConvLoRA\ISIC-2017_Training_Part1_GroundTruth\ISIC_0012679_segmentation.png,target_adaptation,false,42
ISIC_0012680,D:\Project_ConvLoRA\ISIC-2017_Training_Data\ISIC_0012680.jpg,true,D:\Project_ConvLoRA\ISIC-2017_Training_Part1_GroundTruth\ISIC_0012680_segmentation.png,target_adaptation,false,42
ISIC_0012681,D:\Project_ConvLoRA\ISIC-2017_Training_Data\ISIC_0012681.jpg,true,D:\Project_ConvLoRA\ISIC-2017_Training_Part1_GroundTruth\ISIC_0012681_segmentation.png,target_adaptation,false,42
ISIC_0012683,D:\Project_ConvLoRA\ISIC-2017_Training_Data\ISIC_0012683.jpg,true,D:\Project_ConvLoRA\ISIC-2017_Training_Part1_GroundTruth\ISIC_0012683_segmentation.png,target_adaptation,false,42
ISIC_0012685,D:\Project_ConvLoRA\ISIC-2017_Training_Data\ISIC_0012685.jpg,true,D:\Project_ConvLoRA\ISIC-2017_Training_Part1_GroundTruth\ISIC_0012685_segmentation.png,target_adaptation,false,42
ISIC_0012690,D:\Project_ConvLoRA\ISIC-2017_Training_Data\ISIC_0012690.jpg,true,D:\Project_ConvLoRA\ISIC-2017_Training_Part1_GroundTruth\ISIC_0012690_segmentation.png,target_adaptation,false,42
ISIC_0012692,D:\Project_ConvLoRA\ISIC-2017_Training_Data\ISIC_0012692.jpg,true,D:\Project_ConvLoRA\ISIC-2017_Training_Part1_GroundTruth\ISIC_0012692_segmentation.png,target_adaptation,false,42
ISIC_0012693,D:\Project_ConvLoRA\ISIC-2017_Training_Data\ISIC_0012693.jpg,true,D:\Project_ConvLoRA\ISIC-2017_Training_Part1_GroundTruth\ISIC_0012693_segmentation.png,target_adaptation,false,42
ISIC_0012696,D:\Project_ConvLoRA\ISIC-2017_Training_Data\ISIC_0012696.jpg,true,D:\Project_ConvLoRA\ISIC-2017_Training_Part1_GroundTruth\ISIC_0012696_segmentation.png,target_adaptation,false,42
ISIC_0012697,D:\Project_ConvLoRA\ISIC-2017_Training_Data\ISIC_0012697.jpg,true,D:\Project_ConvLoRA\ISIC-2017_Training_Part1_GroundTruth\ISIC_0012697_segmentation.png,target_adaptation,false,42
ISIC_0012699,D:\Project_ConvLoRA\ISIC-2017_Training_Data\ISIC_0012699.jpg,true,D:\Project_ConvLoRA\ISIC-2017_Training_Part1_GroundTruth\ISIC_0012699_segmentation.png,target_adaptation,false,42
ISIC_0012700,D:\Project_ConvLoRA\ISIC-2017_Training_Data\ISIC_0012700.jpg,true,D:\Project_ConvLoRA\ISIC-2017_Training_Part1_GroundTruth\ISIC_0012700_segmentation.png,target_adaptation,false,42
ISIC_0012701,D:\Project_ConvLoRA\ISIC-2017_Training_Data\ISIC_0012701.jpg,true,D:\Project_ConvLoRA\ISIC-2017_Training_Part1_GroundTruth\ISIC_0012701_segmentation.png,target_adaptation,false,42
ISIC_0012704,D:\Project_ConvLoRA\ISIC-2017_Training_Data\ISIC_0012704.jpg,true,D:\Project_ConvLoRA\ISIC-2017_Training_Part1_GroundTruth\ISIC_0012704_segmentation.png,target_adaptation,false,42
ISIC_0012706,D:\Project_ConvLoRA\ISIC-2017_Training_Data\ISIC_0012706.jpg,true,D:\Project_ConvLoRA\ISIC-2017_Training_Part1_GroundTruth\ISIC_0012706_segmentation.png,target_adaptation,false,42
ISIC_0012710,D:\Project_ConvLoRA\ISIC-2017_Training_Data\ISIC_0012710.jpg,true,D:\Project_ConvLoRA\ISIC-2017_Training_Part1_GroundTruth\ISIC_0012710_segmentation.png,target_adaptation,false,42
ISIC_0012715,D:\Project_ConvLoRA\ISIC-2017_Training_Data\ISIC_0012715.jpg,true,D:\Project_ConvLoRA\ISIC-2017_Training_Part1_GroundTruth\ISIC_0012715_segmentation.png,target_adaptation,false,42
ISIC_0012719,D:\Project_ConvLoRA\ISIC-2017_Training_Data\ISIC_0012719.jpg,true,D:\Project_ConvLoRA\ISIC-2017_Training_Part1_GroundTruth\ISIC_0012719_segmentation.png,target_adaptation,false,42
ISIC_0012721,D:\Project_ConvLoRA\ISIC-2017_Training_Data\ISIC_0012721.jpg,true,D:\Project_ConvLoRA\ISIC-2017_Training_Part1_GroundTruth\ISIC_0012721_segmentation.png,target_adaptation,false,42
ISIC_0012726,D:\Project_ConvLoRA\ISIC-2017_Training_Data\ISIC_0012726.jpg,true,D:\Project_ConvLoRA\ISIC-2017_Training_Part1_GroundTruth\ISIC_0012726_segmentation.png,target_adaptation,false,42
ISIC_0012735,D:\Project_ConvLoRA\ISIC-2017_Training_Data\ISIC_0012735.jpg,true,D:\Project_ConvLoRA\ISIC-2017_Training_Part1_GroundTruth\ISIC_0012735_segmentation.png,target_adaptation,false,42
ISIC_0012737,D:\Project_ConvLoRA\ISIC-2017_Training_Data\ISIC_0012737.jpg,true,D:\Project_ConvLoRA\ISIC-2017_Training_Part1_GroundTruth\ISIC_0012737_segmentation.png,target_adaptation,false,42
ISIC_0012740,D:\Project_ConvLoRA\ISIC-2017_Training_Data\ISIC_0012740.jpg,true,D:\Project_ConvLoRA\ISIC-2017_Training_Part1_GroundTruth\ISIC_0012740_segmentation.png,target_adaptation,false,42
ISIC_0012741,D:\Project_ConvLoRA\ISIC-2017_Training_Data\ISIC_0012741.jpg,true,D:\Project_ConvLoRA\ISIC-2017_Training_Part1_GroundTruth\ISIC_0012741_segmentation.png,target_adaptation,false,42
ISIC_0012742,D:\Project_ConvLoRA\ISIC-2017_Training_Data\ISIC_0012742.jpg,true,D:\Project_ConvLoRA\ISIC-2017_Training_Part1_GroundTruth\ISIC_0012742_segmentation.png,target_adaptation,false,42
ISIC_0012749,D:\Project_ConvLoRA\ISIC-2017_Training_Data\ISIC_0012749.jpg,true,D:\Project_ConvLoRA\ISIC-2017_Training_Part1_GroundTruth\ISIC_0012749_segmentation.png,target_adaptation,false,42
ISIC_0012768,D:\Project_ConvLoRA\ISIC-2017_Training_Data\ISIC_0012768.jpg,true,D:\Project_ConvLoRA\ISIC-2017_Training_Part1_GroundTruth\ISIC_0012768_segmentation.png,target_adaptation,false,42
ISIC_0012772,D:\Project_ConvLoRA\ISIC-2017_Training_Data\ISIC_0012772.jpg,true,D:\Project_ConvLoRA\ISIC-2017_Training_Part1_GroundTruth\ISIC_0012772_segmentation.png,target_adaptation,false,42
ISIC_0012777,D:\Project_ConvLoRA\ISIC-2017_Training_Data\ISIC_0012777.jpg,true,D:\Project_ConvLoRA\ISIC-2017_Training_Part1_GroundTruth\ISIC_0012777_segmentation.png,target_adaptation,false,42
ISIC_0012785,D:\Project_ConvLoRA\ISIC-2017_Training_Data\ISIC_0012785.jpg,true,D:\Project_ConvLoRA\ISIC-2017_Training_Part1_GroundTruth\ISIC_0012785_segmentation.png,target_adaptation,false,42
ISIC_0012788,D:\Project_ConvLoRA\ISIC-2017_Training_Data\ISIC_0012788.jpg,true,D:\Project_ConvLoRA\ISIC-2017_Training_Part1_GroundTruth\ISIC_0012788_segmentation.png,target_adaptation,false,42
ISIC_0012789,D:\Project_ConvLoRA\ISIC-2017_Training_Data\ISIC_0012789.jpg,true,D:\Project_ConvLoRA\ISIC-2017_Training_Part1_GroundTruth\ISIC_0012789_segmentation.png,target_adaptation,false,42
ISIC_0012790,D:\Project_ConvLoRA\ISIC-2017_Training_Data\ISIC_0012790.jpg,true,D:\Project_ConvLoRA\ISIC-2017_Training_Part1_GroundTruth\ISIC_0012790_segmentation.png,target_adaptation,false,42
ISIC_0012792,D:\Project_ConvLoRA\ISIC-2017_Training_Data\ISIC_0012792.jpg,true,D:\Project_ConvLoRA\ISIC-2017_Training_Part1_GroundTruth\ISIC_0012792_segmentation.png,target_adaptation,false,42
ISIC_0012793,D:\Project_ConvLoRA\ISIC-2017_Training_Data\ISIC_0012793.jpg,true,D:\Project_ConvLoRA\ISIC-2017_Training_Part1_GroundTruth\ISIC_0012793_segmentation.png,target_adaptation,false,42
ISIC_0012800,D:\Project_ConvLoRA\ISIC-2017_Training_Data\ISIC_0012800.jpg,true,D:\Project_ConvLoRA\ISIC-2017_Training_Part1_GroundTruth\ISIC_0012800_segmentation.png,target_adaptation,false,42
ISIC_0012804,D:\Project_ConvLoRA\ISIC-2017_Training_Data\ISIC_0012804.jpg,true,D:\Project_ConvLoRA\ISIC-2017_Training_Part1_GroundTruth\ISIC_0012804_segmentation.png,target_adaptation,false,42
ISIC_0012806,D:\Project_ConvLoRA\ISIC-2017_Training_Data\ISIC_0012806.jpg,true,D:\Project_ConvLoRA\ISIC-2017_Training_Part1_GroundTruth\ISIC_0012806_segmentation.png,target_adaptation,false,42
ISIC_0012810,D:\Project_ConvLoRA\ISIC-2017_Training_Data\ISIC_0012810.jpg,true,D:\Project_ConvLoRA\ISIC-2017_Training_Part1_GroundTruth\ISIC_0012810_segmentation.png,target_adaptation,false,42
ISIC_0012811,D:\Project_ConvLoRA\ISIC-2017_Training_Data\ISIC_0012811.jpg,true,D:\Project_ConvLoRA\ISIC-2017_Training_Part1_GroundTruth\ISIC_0012811_segmentation.png,target_adaptation,false,42
ISIC_0012813,D:\Project_ConvLoRA\ISIC-2017_Training_Data\ISIC_0012813.jpg,true,D:\Project_ConvLoRA\ISIC-2017_Training_Part1_GroundTruth\ISIC_0012813_segmentation.png,target_adaptation,false,42
ISIC_0012814,D:\Project_ConvLoRA\ISIC-2017_Training_Data\ISIC_0012814.jpg,true,D:\Project_ConvLoRA\ISIC-2017_Training_Part1_GroundTruth\ISIC_0012814_segmentation.png,target_adaptation,false,42
ISIC_0012823,D:\Project_ConvLoRA\ISIC-2017_Training_Data\ISIC_0012823.jpg,true,D:\Project_ConvLoRA\ISIC-2017_Training_Part1_GroundTruth\ISIC_0012823_segmentation.png,target_adaptation,false,42
ISIC_0012826,D:\Project_ConvLoRA\ISIC-2017_Training_Data\ISIC_0012826.jpg,true,D:\Project_ConvLoRA\ISIC-2017_Training_Part1_GroundTruth\ISIC_0012826_segmentation.png,target_adaptation,false,42
ISIC_0012827,D:\Project_ConvLoRA\ISIC-2017_Training_Data\ISIC_0012827.jpg,true,D:\Project_ConvLoRA\ISIC-2017_Training_Part1_GroundTruth\ISIC_0012827_segmentation.png,target_adaptation,false,42
ISIC_0012828,D:\Project_ConvLoRA\ISIC-2017_Training_Data\ISIC_0012828.jpg,true,D:\Project_ConvLoRA\ISIC-2017_Training_Part1_GroundTruth\ISIC_0012828_segmentation.png,target_adaptation,false,42
ISIC_0012833,D:\Project_ConvLoRA\ISIC-2017_Training_Data\ISIC_0012833.jpg,true,D:\Project_ConvLoRA\ISIC-2017_Training_Part1_GroundTruth\ISIC_0012833_segmentation.png,target_adaptation,false,42
ISIC_0012835,D:\Project_ConvLoRA\ISIC-2017_Training_Data\ISIC_0012835.jpg,true,D:\Project_ConvLoRA\ISIC-2017_Training_Part1_GroundTruth\ISIC_0012835_segmentation.png,target_adaptation,false,42
ISIC_0012840,D:\Project_ConvLoRA\ISIC-2017_Training_Data\ISIC_0012840.jpg,true,D:\Project_ConvLoRA\ISIC-2017_Training_Part1_GroundTruth\ISIC_0012840_segmentation.png,target_adaptation,false,42
ISIC_0012844,D:\Project_ConvLoRA\ISIC-2017_Training_Data\ISIC_0012844.jpg,true,D:\Project_ConvLoRA\ISIC-2017_Training_Part1_GroundTruth\ISIC_0012844_segmentation.png,target_adaptation,false,42
ISIC_0012845,D:\Project_ConvLoRA\ISIC-2017_Training_Data\ISIC_0012845.jpg,true,D:\Project_ConvLoRA\ISIC-2017_Training_Part1_GroundTruth\ISIC_0012845_segmentation.png,target_adaptation,false,42
ISIC_0012851,D:\Project_ConvLoRA\ISIC-2017_Training_Data\ISIC_0012851.jpg,true,D:\Project_ConvLoRA\ISIC-2017_Training_Part1_GroundTruth\ISIC_0012851_segmentation.png,target_adaptation,false,42
ISIC_0012854,D:\Project_ConvLoRA\ISIC-2017_Training_Data\ISIC_0012854.jpg,true,D:\Project_ConvLoRA\ISIC-2017_Training_Part1_GroundTruth\ISIC_0012854_segmentation.png,target_adaptation,false,42
ISIC_0012865,D:\Project_ConvLoRA\ISIC-2017_Training_Data\ISIC_0012865.jpg,true,D:\Project_ConvLoRA\ISIC-2017_Training_Part1_GroundTruth\ISIC_0012865_segmentation.png,target_adaptation,false,42
ISIC_0012877,D:\Project_ConvLoRA\ISIC-2017_Training_Data\ISIC_0012877.jpg,true,D:\Project_ConvLoRA\ISIC-2017_Training_Part1_GroundTruth\ISIC_0012877_segmentation.png,target_adaptation,false,42
ISIC_0012878,D:\Project_ConvLoRA\ISIC-2017_Training_Data\ISIC_0012878.jpg,true,D:\Project_ConvLoRA\ISIC-2017_Training_Part1_GroundTruth\ISIC_0012878_segmentation.png,target_adaptation,false,42
ISIC_0012879,D:\Project_ConvLoRA\ISIC-2017_Training_Data\ISIC_0012879.jpg,true,D:\Project_ConvLoRA\ISIC-2017_Training_Part1_GroundTruth\ISIC_0012879_segmentation.png,target_adaptation,false,42
ISIC_0012883,D:\Project_ConvLoRA\ISIC-2017_Training_Data\ISIC_0012883.jpg,true,D:\Project_ConvLoRA\ISIC-2017_Training_Part1_GroundTruth\ISIC_0012883_segmentation.png,target_adaptation,false,42
ISIC_0012887,D:\Project_ConvLoRA\ISIC-2017_Training_Data\ISIC_0012887.jpg,true,D:\Project_ConvLoRA\ISIC-2017_Training_Part1_GroundTruth\ISIC_0012887_segmentation.png,target_adaptation,false,42
ISIC_0012888,D:\Project_ConvLoRA\ISIC-2017_Training_Data\ISIC_0012888.jpg,true,D:\Project_ConvLoRA\ISIC-2017_Training_Part1_GroundTruth\ISIC_0012888_segmentation.png,target_adaptation,false,42
ISIC_0012889,D:\Project_ConvLoRA\ISIC-2017_Training_Data\ISIC_0012889.jpg,true,D:\Project_ConvLoRA\ISIC-2017_Training_Part1_GroundTruth\ISIC_0012889_segmentation.png,target_adaptation,false,42
ISIC_0012897,D:\Project_ConvLoRA\ISIC-2017_Training_Data\ISIC_0012897.jpg,true,D:\Project_ConvLoRA\ISIC-2017_Training_Part1_GroundTruth\ISIC_0012897_segmentation.png,target_adaptation,false,42
ISIC_0012898,D:\Project_ConvLoRA\ISIC-2017_Training_Data\ISIC_0012898.jpg,true,D:\Project_ConvLoRA\ISIC-2017_Training_Part1_GroundTruth\ISIC_0012898_segmentation.png,target_adaptation,false,42
ISIC_0012901,D:\Project_ConvLoRA\ISIC-2017_Training_Data\ISIC_0012901.jpg,true,D:\Project_ConvLoRA\ISIC-2017_Training_Part1_GroundTruth\ISIC_0012901_segmentation.png,target_adaptation,false,42
ISIC_0012902,D:\Project_ConvLoRA\ISIC-2017_Training_Data\ISIC_0012902.jpg,true,D:\Project_ConvLoRA\ISIC-2017_Training_Part1_GroundTruth\ISIC_0012902_segmentation.png,target_adaptation,false,42
ISIC_0012905,D:\Project_ConvLoRA\ISIC-2017_Training_Data\ISIC_0012905.jpg,true,D:\Project_ConvLoRA\ISIC-2017_Training_Part1_GroundTruth\ISIC_0012905_segmentation.png,target_adaptation,false,42
ISIC_0012907,D:\Project_ConvLoRA\ISIC-2017_Training_Data\ISIC_0012907.jpg,true,D:\Project_ConvLoRA\ISIC-2017_Training_Part1_GroundTruth\ISIC_0012907_segmentation.png,target_adaptation,false,42
ISIC_0012911,D:\Project_ConvLoRA\ISIC-2017_Training_Data\ISIC_0012911.jpg,true,D:\Project_ConvLoRA\ISIC-2017_Training_Part1_GroundTruth\ISIC_0012911_segmentation.png,target_adaptation,false,42
ISIC_0012930,D:\Project_ConvLoRA\ISIC-2017_Training_Data\ISIC_0012930.jpg,true,D:\Project_ConvLoRA\ISIC-2017_Training_Part1_GroundTruth\ISIC_0012930_segmentation.png,target_adaptation,false,42
ISIC_0012932,D:\Project_ConvLoRA\ISIC-2017_Training_Data\ISIC_0012932.jpg,true,D:\Project_ConvLoRA\ISIC-2017_Training_Part1_GroundTruth\ISIC_0012932_segmentation.png,target_adaptation,false,42
ISIC_0012939,D:\Project_ConvLoRA\ISIC-2017_Training_Data\ISIC_0012939.jpg,true,D:\Project_ConvLoRA\ISIC-2017_Training_Part1_GroundTruth\ISIC_0012939_segmentation.png,target_adaptation,false,42
ISIC_0012944,D:\Project_ConvLoRA\ISIC-2017_Training_Data\ISIC_0012944.jpg,true,D:\Project_ConvLoRA\ISIC-2017_Training_Part1_GroundTruth\ISIC_0012944_segmentation.png,target_adaptation,false,42
ISIC_0012945,D:\Project_ConvLoRA\ISIC-2017_Training_Data\ISIC_0012945.jpg,true,D:\Project_ConvLoRA\ISIC-2017_Training_Part1_GroundTruth\ISIC_0012945_segmentation.png,target_adaptation,false,42
ISIC_0012949,D:\Project_ConvLoRA\ISIC-2017_Training_Data\ISIC_0012949.jpg,true,D:\Project_ConvLoRA\ISIC-2017_Training_Part1_GroundTruth\ISIC_0012949_segmentation.png,target_adaptation,false,42
ISIC_0012950,D:\Project_ConvLoRA\ISIC-2017_Training_Data\ISIC_0012950.jpg,true,D:\Project_ConvLoRA\ISIC-2017_Training_Part1_GroundTruth\ISIC_0012950_segmentation.png,target_adaptation,false,42
ISIC_0012952,D:\Project_ConvLoRA\ISIC-2017_Training_Data\ISIC_0012952.jpg,true,D:\Project_ConvLoRA\ISIC-2017_Training_Part1_GroundTruth\ISIC_0012952_segmentation.png,target_adaptation,false,42
ISIC_0012962,D:\Project_ConvLoRA\ISIC-2017_Training_Data\ISIC_0012962.jpg,true,D:\Project_ConvLoRA\ISIC-2017_Training_Part1_GroundTruth\ISIC_0012962_segmentation.png,target_adaptation,false,42
ISIC_0012966,D:\Project_ConvLoRA\ISIC-2017_Training_Data\ISIC_0012966.jpg,true,D:\Project_ConvLoRA\ISIC-2017_Training_Part1_GroundTruth\ISIC_0012966_segmentation.png,target_adaptation,false,42
ISIC_0012969,D:\Project_ConvLoRA\ISIC-2017_Training_Data\ISIC_0012969.jpg,true,D:\Project_ConvLoRA\ISIC-2017_Training_Part1_GroundTruth\ISIC_0012969_segmentation.png,target_adaptation,false,42
ISIC_0012970,D:\Project_ConvLoRA\ISIC-2017_Training_Data\ISIC_0012970.jpg,true,D:\Project_ConvLoRA\ISIC-2017_Training_Part1_GroundTruth\ISIC_0012970_segmentation.png,target_adaptation,false,42
ISIC_0012976,D:\Project_ConvLoRA\ISIC-2017_Training_Data\ISIC_0012976.jpg,true,D:\Project_ConvLoRA\ISIC-2017_Training_Part1_GroundTruth\ISIC_0012976_segmentation.png,target_adaptation,false,42
ISIC_0012981,D:\Project_ConvLoRA\ISIC-2017_Training_Data\ISIC_0012981.jpg,true,D:\Project_ConvLoRA\ISIC-2017_Training_Part1_GroundTruth\ISIC_0012981_segmentation.png,target_adaptation,false,42
ISIC_0012982,D:\Project_ConvLoRA\ISIC-2017_Training_Data\ISIC_0012982.jpg,true,D:\Project_ConvLoRA\ISIC-2017_Training_Part1_GroundTruth\ISIC_0012982_segmentation.png,target_adaptation,false,42
ISIC_0012986,D:\Project_ConvLoRA\ISIC-2017_Training_Data\ISIC_0012986.jpg,true,D:\Project_ConvLoRA\ISIC-2017_Training_Part1_GroundTruth\ISIC_0012986_segmentation.png,target_adaptation,false,42
ISIC_0012987,D:\Project_ConvLoRA\ISIC-2017_Training_Data\ISIC_0012987.jpg,true,D:\Project_ConvLoRA\ISIC-2017_Training_Part1_GroundTruth\ISIC_0012987_segmentation.png,target_adaptation,false,42
ISIC_0012988,D:\Project_ConvLoRA\ISIC-2017_Training_Data\ISIC_0012988.jpg,true,D:\Project_ConvLoRA\ISIC-2017_Training_Part1_GroundTruth\ISIC_0012988_segmentation.png,target_adaptation,false,42
ISIC_0012990,D:\Project_ConvLoRA\ISIC-2017_Training_Data\ISIC_0012990.jpg,true,D:\Project_ConvLoRA\ISIC-2017_Training_Part1_GroundTruth\ISIC_0012990_segmentation.png,target_adaptation,false,42
ISIC_0012998,D:\Project_ConvLoRA\ISIC-2017_Training_Data\ISIC_0012998.jpg,true,D:\Project_ConvLoRA\ISIC-2017_Training_Part1_GroundTruth\ISIC_0012998_segmentation.png,target_adaptation,false,42
ISIC_0012999,D:\Project_ConvLoRA\ISIC-2017_Training_Data\ISIC_0012999.jpg,true,D:\Project_ConvLoRA\ISIC-2017_Training_Part1_GroundTruth\ISIC_0012999_segmentation.png,target_adaptation,false,42
ISIC_0013000,D:\Project_ConvLoRA\ISIC-2017_Training_Data\ISIC_0013000.jpg,true,D:\Project_ConvLoRA\ISIC-2017_Training_Part1_GroundTruth\ISIC_0013000_segmentation.png,target_adaptation,false,42
ISIC_0013001,D:\Project_ConvLoRA\ISIC-2017_Training_Data\ISIC_0013001.jpg,true,D:\Project_ConvLoRA\ISIC-2017_Training_Part1_GroundTruth\ISIC_0013001_segmentation.png,target_adaptation,false,42
ISIC_0013007,D:\Project_ConvLoRA\ISIC-2017_Training_Data\ISIC_0013007.jpg,true,D:\Project_ConvLoRA\ISIC-2017_Training_Part1_GroundTruth\ISIC_0013007_segmentation.png,target_adaptation,false,42
ISIC_0013012,D:\Project_ConvLoRA\ISIC-2017_Training_Data\ISIC_0013012.jpg,true,D:\Project_ConvLoRA\ISIC-2017_Training_Part1_GroundTruth\ISIC_0013012_segmentation.png,target_adaptation,false,42
ISIC_0013014,D:\Project_ConvLoRA\ISIC-2017_Training_Data\ISIC_0013014.jpg,true,D:\Project_ConvLoRA\ISIC-2017_Training_Part1_GroundTruth\ISIC_0013014_segmentation.png,target_adaptation,false,42
ISIC_0013015,D:\Project_ConvLoRA\ISIC-2017_Training_Data\ISIC_0013015.jpg,true,D:\Project_ConvLoRA\ISIC-2017_Training_Part1_GroundTruth\ISIC_0013015_segmentation.png,target_adaptation,false,42
ISIC_0013023,D:\Project_ConvLoRA\ISIC-2017_Training_Data\ISIC_0013023.jpg,true,D:\Project_ConvLoRA\ISIC-2017_Training_Part1_GroundTruth\ISIC_0013023_segmentation.png,target_adaptation,false,42
ISIC_0013024,D:\Project_ConvLoRA\ISIC-2017_Training_Data\ISIC_0013024.jpg,true,D:\Project_ConvLoRA\ISIC-2017_Training_Part1_GroundTruth\ISIC_0013024_segmentation.png,target_adaptation,false,42
ISIC_0013026,D:\Project_ConvLoRA\ISIC-2017_Training_Data\ISIC_0013026.jpg,true,D:\Project_ConvLoRA\ISIC-2017_Training_Part1_GroundTruth\ISIC_0013026_segmentation.png,target_adaptation,false,42
ISIC_0013027,D:\Project_ConvLoRA\ISIC-2017_Training_Data\ISIC_0013027.jpg,true,D:\Project_ConvLoRA\ISIC-2017_Training_Part1_GroundTruth\ISIC_0013027_segmentation.png,target_adaptation,false,42
ISIC_0013031,D:\Project_ConvLoRA\ISIC-2017_Training_Data\ISIC_0013031.jpg,true,D:\Project_ConvLoRA\ISIC-2017_Training_Part1_GroundTruth\ISIC_0013031_segmentation.png,target_adaptation,false,42
ISIC_0013032,D:\Project_ConvLoRA\ISIC-2017_Training_Data\ISIC_0013032.jpg,true,D:\Project_ConvLoRA\ISIC-2017_Training_Part1_GroundTruth\ISIC_0013032_segmentation.png,target_adaptation,false,42
ISIC_0013033,D:\Project_ConvLoRA\ISIC-2017_Training_Data\ISIC_0013033.jpg,true,D:\Project_ConvLoRA\ISIC-2017_Training_Part1_GroundTruth\ISIC_0013033_segmentation.png,target_adaptation,false,42
ISIC_0013034,D:\Project_ConvLoRA\ISIC-2017_Training_Data\ISIC_0013034.jpg,true,D:\Project_ConvLoRA\ISIC-2017_Training_Part1_GroundTruth\ISIC_0013034_segmentation.png,target_adaptation,false,42
ISIC_0013037,D:\Project_ConvLoRA\ISIC-2017_Training_Data\ISIC_0013037.jpg,true,D:\Project_ConvLoRA\ISIC-2017_Training_Part1_GroundTruth\ISIC_0013037_segmentation.png,target_adaptation,false,42
ISIC_0013044,D:\Project_ConvLoRA\ISIC-2017_Training_Data\ISIC_0013044.jpg,true,D:\Project_ConvLoRA\ISIC-2017_Training_Part1_GroundTruth\ISIC_0013044_segmentation.png,target_adaptation,false,42
ISIC_0013047,D:\Project_ConvLoRA\ISIC-2017_Training_Data\ISIC_0013047.jpg,true,D:\Project_ConvLoRA\ISIC-2017_Training_Part1_GroundTruth\ISIC_0013047_segmentation.png,target_adaptation,false,42
ISIC_0013048,D:\Project_ConvLoRA\ISIC-2017_Training_Data\ISIC_0013048.jpg,true,D:\Project_ConvLoRA\ISIC-2017_Training_Part1_GroundTruth\ISIC_0013048_segmentation.png,target_adaptation,false,42
ISIC_0013052,D:\Project_ConvLoRA\ISIC-2017_Training_Data\ISIC_0013052.jpg,true,D:\Project_ConvLoRA\ISIC-2017_Training_Part1_GroundTruth\ISIC_0013052_segmentation.png,target_adaptation,false,42
ISIC_0013053,D:\Project_ConvLoRA\ISIC-2017_Training_Data\ISIC_0013053.jpg,true,D:\Project_ConvLoRA\ISIC-2017_Training_Part1_GroundTruth\ISIC_0013053_segmentation.png,target_adaptation,false,42
ISIC_0013054,D:\Project_ConvLoRA\ISIC-2017_Training_Data\ISIC_0013054.jpg,true,D:\Project_ConvLoRA\ISIC-2017_Training_Part1_GroundTruth\ISIC_0013054_segmentation.png,target_adaptation,false,42
ISIC_0013055,D:\Project_ConvLoRA\ISIC-2017_Training_Data\ISIC_0013055.jpg,true,D:\Project_ConvLoRA\ISIC-2017_Training_Part1_GroundTruth\ISIC_0013055_segmentation.png,target_adaptation,false,42
ISIC_0013056,D:\Project_ConvLoRA\ISIC-2017_Training_Data\ISIC_0013056.jpg,true,D:\Project_ConvLoRA\ISIC-2017_Training_Part1_GroundTruth\ISIC_0013056_segmentation.png,target_adaptation,false,42
ISIC_0013059,D:\Project_ConvLoRA\ISIC-2017_Training_Data\ISIC_0013059.jpg,true,D:\Project_ConvLoRA\ISIC-2017_Training_Part1_GroundTruth\ISIC_0013059_segmentation.png,target_adaptation,false,42
ISIC_0013065,D:\Project_ConvLoRA\ISIC-2017_Training_Data\ISIC_0013065.jpg,true,D:\Project_ConvLoRA\ISIC-2017_Training_Part1_GroundTruth\ISIC_0013065_segmentation.png,target_adaptation,false,42
ISIC_0013071,D:\Project_ConvLoRA\ISIC-2017_Training_Data\ISIC_0013071.jpg,true,D:\Project_ConvLoRA\ISIC-2017_Training_Part1_GroundTruth\ISIC_0013071_segmentation.png,target_adaptation,false,42
ISIC_0013075,D:\Project_ConvLoRA\ISIC-2017_Training_Data\ISIC_0013075.jpg,true,D:\Project_ConvLoRA\ISIC-2017_Training_Part1_GroundTruth\ISIC_0013075_segmentation.png,target_adaptation,false,42
ISIC_0013079,D:\Project_ConvLoRA\ISIC-2017_Training_Data\ISIC_0013079.jpg,true,D:\Project_ConvLoRA\ISIC-2017_Training_Part1_GroundTruth\ISIC_0013079_segmentation.png,target_adaptation,false,42
ISIC_0013080,D:\Project_ConvLoRA\ISIC-2017_Training_Data\ISIC_0013080.jpg,true,D:\Project_ConvLoRA\ISIC-2017_Training_Part1_GroundTruth\ISIC_0013080_segmentation.png,target_adaptation,false,42
ISIC_0013084,D:\Project_ConvLoRA\ISIC-2017_Training_Data\ISIC_0013084.jpg,true,D:\Project_ConvLoRA\ISIC-2017_Training_Part1_GroundTruth\ISIC_0013084_segmentation.png,target_adaptation,false,42
ISIC_0013086,D:\Project_ConvLoRA\ISIC-2017_Training_Data\ISIC_0013086.jpg,true,D:\Project_ConvLoRA\ISIC-2017_Training_Part1_GroundTruth\ISIC_0013086_segmentation.png,target_adaptation,false,42
ISIC_0013087,D:\Project_ConvLoRA\ISIC-2017_Training_Data\ISIC_0013087.jpg,true,D:\Project_ConvLoRA\ISIC-2017_Training_Part1_GroundTruth\ISIC_0013087_segmentation.png,target_adaptation,false,42
ISIC_0013088,D:\Project_ConvLoRA\ISIC-2017_Training_Data\ISIC_0013088.jpg,true,D:\Project_ConvLoRA\ISIC-2017_Training_Part1_GroundTruth\ISIC_0013088_segmentation.png,target_adaptation,false,42
ISIC_0013089,D:\Project_ConvLoRA\ISIC-2017_Training_Data\ISIC_0013089.jpg,true,D:\Project_ConvLoRA\ISIC-2017_Training_Part1_GroundTruth\ISIC_0013089_segmentation.png,target_adaptation,false,42
ISIC_0013090,D:\Project_ConvLoRA\ISIC-2017_Training_Data\ISIC_0013090.jpg,true,D:\Project_ConvLoRA\ISIC-2017_Training_Part1_GroundTruth\ISIC_0013090_segmentation.png,target_adaptation,false,42
ISIC_0013092,D:\Project_ConvLoRA\ISIC-2017_Training_Data\ISIC_0013092.jpg,true,D:\Project_ConvLoRA\ISIC-2017_Training_Part1_GroundTruth\ISIC_0013092_segmentation.png,target_adaptation,false,42
ISIC_0013094,D:\Project_ConvLoRA\ISIC-2017_Training_Data\ISIC_0013094.jpg,true,D:\Project_ConvLoRA\ISIC-2017_Training_Part1_GroundTruth\ISIC_0013094_segmentation.png,target_adaptation,false,42
ISIC_0013096,D:\Project_ConvLoRA\ISIC-2017_Training_Data\ISIC_0013096.jpg,true,D:\Project_ConvLoRA\ISIC-2017_Training_Part1_GroundTruth\ISIC_0013096_segmentation.png,target_adaptation,false,42
ISIC_0013097,D:\Project_ConvLoRA\ISIC-2017_Training_Data\ISIC_0013097.jpg,true,D:\Project_ConvLoRA\ISIC-2017_Training_Part1_GroundTruth\ISIC_0013097_segmentation.png,target_adaptation,false,42
ISIC_0013106,D:\Project_ConvLoRA\ISIC-2017_Training_Data\ISIC_0013106.jpg,true,D:\Project_ConvLoRA\ISIC-2017_Training_Part1_GroundTruth\ISIC_0013106_segmentation.png,target_adaptation,false,42
ISIC_0013112,D:\Project_ConvLoRA\ISIC-2017_Training_Data\ISIC_0013112.jpg,true,D:\Project_ConvLoRA\ISIC-2017_Training_Part1_GroundTruth\ISIC_0013112_segmentation.png,target_adaptation,false,42
ISIC_0013118,D:\Project_ConvLoRA\ISIC-2017_Training_Data\ISIC_0013118.jpg,true,D:\Project_ConvLoRA\ISIC-2017_Training_Part1_GroundTruth\ISIC_0013118_segmentation.png,target_adaptation,false,42
ISIC_0013120,D:\Project_ConvLoRA\ISIC-2017_Training_Data\ISIC_0013120.jpg,true,D:\Project_ConvLoRA\ISIC-2017_Training_Part1_GroundTruth\ISIC_0013120_segmentation.png,target_adaptation,false,42
ISIC_0013121,D:\Project_ConvLoRA\ISIC-2017_Training_Data\ISIC_0013121.jpg,true,D:\Project_ConvLoRA\ISIC-2017_Training_Part1_GroundTruth\ISIC_0013121_segmentation.png,target_adaptation,false,42
ISIC_0013124,D:\Project_ConvLoRA\ISIC-2017_Training_Data\ISIC_0013124.jpg,true,D:\Project_ConvLoRA\ISIC-2017_Training_Part1_GroundTruth\ISIC_0013124_segmentation.png,target_adaptation,false,42
ISIC_0013126,D:\Project_ConvLoRA\ISIC-2017_Training_Data\ISIC_0013126.jpg,true,D:\Project_ConvLoRA\ISIC-2017_Training_Part1_GroundTruth\ISIC_0013126_segmentation.png,target_adaptation,false,42
ISIC_0013129,D:\Project_ConvLoRA\ISIC-2017_Training_Data\ISIC_0013129.jpg,true,D:\Project_ConvLoRA\ISIC-2017_Training_Part1_GroundTruth\ISIC_0013129_segmentation.png,target_adaptation,false,42
ISIC_0013134,D:\Project_ConvLoRA\ISIC-2017_Training_Data\ISIC_0013134.jpg,true,D:\Project_ConvLoRA\ISIC-2017_Training_Part1_GroundTruth\ISIC_0013134_segmentation.png,target_adaptation,false,42
ISIC_0013136,D:\Project_ConvLoRA\ISIC-2017_Training_Data\ISIC_0013136.jpg,true,D:\Project_ConvLoRA\ISIC-2017_Training_Part1_GroundTruth\ISIC_0013136_segmentation.png,target_adaptation,false,42
ISIC_0013141,D:\Project_ConvLoRA\ISIC-2017_Training_Data\ISIC_0013141.jpg,true,D:\Project_ConvLoRA\ISIC-2017_Training_Part1_GroundTruth\ISIC_0013141_segmentation.png,target_adaptation,false,42
ISIC_0013146,D:\Project_ConvLoRA\ISIC-2017_Training_Data\ISIC_0013146.jpg,true,D:\Project_ConvLoRA\ISIC-2017_Training_Part1_GroundTruth\ISIC_0013146_segmentation.png,target_adaptation,false,42
ISIC_0013147,D:\Project_ConvLoRA\ISIC-2017_Training_Data\ISIC_0013147.jpg,true,D:\Project_ConvLoRA\ISIC-2017_Training_Part1_GroundTruth\ISIC_0013147_segmentation.png,target_adaptation,false,42
ISIC_0013150,D:\Project_ConvLoRA\ISIC-2017_Training_Data\ISIC_0013150.jpg,true,D:\Project_ConvLoRA\ISIC-2017_Training_Part1_GroundTruth\ISIC_0013150_segmentation.png,target_adaptation,false,42
ISIC_0013155,D:\Project_ConvLoRA\ISIC-2017_Training_Data\ISIC_0013155.jpg,true,D:\Project_ConvLoRA\ISIC-2017_Training_Part1_GroundTruth\ISIC_0013155_segmentation.png,target_adaptation,false,42
ISIC_0013163,D:\Project_ConvLoRA\ISIC-2017_Training_Data\ISIC_0013163.jpg,true,D:\Project_ConvLoRA\ISIC-2017_Training_Part1_GroundTruth\ISIC_0013163_segmentation.png,target_adaptation,false,42
ISIC_0013166,D:\Project_ConvLoRA\ISIC-2017_Training_Data\ISIC_0013166.jpg,true,D:\Project_ConvLoRA\ISIC-2017_Training_Part1_GroundTruth\ISIC_0013166_segmentation.png,target_adaptation,false,42
ISIC_0013167,D:\Project_ConvLoRA\ISIC-2017_Training_Data\ISIC_0013167.jpg,true,D:\Project_ConvLoRA\ISIC-2017_Training_Part1_GroundTruth\ISIC_0013167_segmentation.png,target_adaptation,false,42
ISIC_0013172,D:\Project_ConvLoRA\ISIC-2017_Training_Data\ISIC_0013172.jpg,true,D:\Project_ConvLoRA\ISIC-2017_Training_Part1_GroundTruth\ISIC_0013172_segmentation.png,target_adaptation,false,42
ISIC_0013173,D:\Project_ConvLoRA\ISIC-2017_Training_Data\ISIC_0013173.jpg,true,D:\Project_ConvLoRA\ISIC-2017_Training_Part1_GroundTruth\ISIC_0013173_segmentation.png,target_adaptation,false,42
ISIC_0013174,D:\Project_ConvLoRA\ISIC-2017_Training_Data\ISIC_0013174.jpg,true,D:\Project_ConvLoRA\ISIC-2017_Training_Part1_GroundTruth\ISIC_0013174_segmentation.png,target_adaptation,false,42
ISIC_0013177,D:\Project_ConvLoRA\ISIC-2017_Training_Data\ISIC_0013177.jpg,true,D:\Project_ConvLoRA\ISIC-2017_Training_Part1_GroundTruth\ISIC_0013177_segmentation.png,target_adaptation,false,42
ISIC_0013178,D:\Project_ConvLoRA\ISIC-2017_Training_Data\ISIC_0013178.jpg,true,D:\Project_ConvLoRA\ISIC-2017_Training_Part1_GroundTruth\ISIC_0013178_segmentation.png,target_adaptation,false,42
ISIC_0013181,D:\Project_ConvLoRA\ISIC-2017_Training_Data\ISIC_0013181.jpg,true,D:\Project_ConvLoRA\ISIC-2017_Training_Part1_GroundTruth\ISIC_0013181_segmentation.png,target_adaptation,false,42
ISIC_0013184,D:\Project_ConvLoRA\ISIC-2017_Training_Data\ISIC_0013184.jpg,true,D:\Project_ConvLoRA\ISIC-2017_Training_Part1_GroundTruth\ISIC_0013184_segmentation.png,target_adaptation,false,42
ISIC_0013187,D:\Project_ConvLoRA\ISIC-2017_Training_Data\ISIC_0013187.jpg,true,D:\Project_ConvLoRA\ISIC-2017_Training_Part1_GroundTruth\ISIC_0013187_segmentation.png,target_adaptation,false,42
ISIC_0013189,D:\Project_ConvLoRA\ISIC-2017_Training_Data\ISIC_0013189.jpg,true,D:\Project_ConvLoRA\ISIC-2017_Training_Part1_GroundTruth\ISIC_0013189_segmentation.png,target_adaptation,false,42
ISIC_0013190,D:\Project_ConvLoRA\ISIC-2017_Training_Data\ISIC_0013190.jpg,true,D:\Project_ConvLoRA\ISIC-2017_Training_Part1_GroundTruth\ISIC_0013190_segmentation.png,target_adaptation,false,42
ISIC_0013192,D:\Project_ConvLoRA\ISIC-2017_Training_Data\ISIC_0013192.jpg,true,D:\Project_ConvLoRA\ISIC-2017_Training_Part1_GroundTruth\ISIC_0013192_segmentation.png,target_adaptation,false,42
ISIC_0013193,D:\Project_ConvLoRA\ISIC-2017_Training_Data\ISIC_0013193.jpg,true,D:\Project_ConvLoRA\ISIC-2017_Training_Part1_GroundTruth\ISIC_0013193_segmentation.png,target_adaptation,false,42
ISIC_0013196,D:\Project_ConvLoRA\ISIC-2017_Training_Data\ISIC_0013196.jpg,true,D:\Project_ConvLoRA\ISIC-2017_Training_Part1_GroundTruth\ISIC_0013196_segmentation.png,target_adaptation,false,42
ISIC_0013197,D:\Project_ConvLoRA\ISIC-2017_Training_Data\ISIC_0013197.jpg,true,D:\Project_ConvLoRA\ISIC-2017_Training_Part1_GroundTruth\ISIC_0013197_segmentation.png,target_adaptation,false,42
ISIC_0013201,D:\Project_ConvLoRA\ISIC-2017_Training_Data\ISIC_0013201.jpg,true,D:\Project_ConvLoRA\ISIC-2017_Training_Part1_GroundTruth\ISIC_0013201_segmentation.png,target_adaptation,false,42
ISIC_0013204,D:\Project_ConvLoRA\ISIC-2017_Training_Data\ISIC_0013204.jpg,true,D:\Project_ConvLoRA\ISIC-2017_Training_Part1_GroundTruth\ISIC_0013204_segmentation.png,target_adaptation,false,42
ISIC_0013205,D:\Project_ConvLoRA\ISIC-2017_Training_Data\ISIC_0013205.jpg,true,D:\Project_ConvLoRA\ISIC-2017_Training_Part1_GroundTruth\ISIC_0013205_segmentation.png,target_adaptation,false,42
ISIC_0013207,D:\Project_ConvLoRA\ISIC-2017_Training_Data\ISIC_0013207.jpg,true,D:\Project_ConvLoRA\ISIC-2017_Training_Part1_GroundTruth\ISIC_0013207_segmentation.png,target_adaptation,false,42
ISIC_0013208,D:\Project_ConvLoRA\ISIC-2017_Training_Data\ISIC_0013208.jpg,true,D:\Project_ConvLoRA\ISIC-2017_Training_Part1_GroundTruth\ISIC_0013208_segmentation.png,target_adaptation,false,42
ISIC_0013212,D:\Project_ConvLoRA\ISIC-2017_Training_Data\ISIC_0013212.jpg,true,D:\Project_ConvLoRA\ISIC-2017_Training_Part1_GroundTruth\ISIC_0013212_segmentation.png,target_adaptation,false,42
ISIC_0013213,D:\Project_ConvLoRA\ISIC-2017_Training_Data\ISIC_0013213.jpg,true,D:\Project_ConvLoRA\ISIC-2017_Training_Part1_GroundTruth\ISIC_0013213_segmentation.png,target_adaptation,false,42
ISIC_0013217,D:\Project_ConvLoRA\ISIC-2017_Training_Data\ISIC_0013217.jpg,true,D:\Project_ConvLoRA\ISIC-2017_Training_Part1_GroundTruth\ISIC_0013217_segmentation.png,target_adaptation,false,42
ISIC_0013219,D:\Project_ConvLoRA\ISIC-2017_Training_Data\ISIC_0013219.jpg,true,D:\Project_ConvLoRA\ISIC-2017_Training_Part1_GroundTruth\ISIC_0013219_segmentation.png,target_adaptation,false,42
ISIC_0013220,D:\Project_ConvLoRA\ISIC-2017_Training_Data\ISIC_0013220.jpg,true,D:\Project_ConvLoRA\ISIC-2017_Training_Part1_GroundTruth\ISIC_0013220_segmentation.png,target_adaptation,false,42
ISIC_0013222,D:\Project_ConvLoRA\ISIC-2017_Training_Data\ISIC_0013222.jpg,true,D:\Project_ConvLoRA\ISIC-2017_Training_Part1_GroundTruth\ISIC_0013222_segmentation.png,target_adaptation,false,42
ISIC_0013224,D:\Project_ConvLoRA\ISIC-2017_Training_Data\ISIC_0013224.jpg,true,D:\Project_ConvLoRA\ISIC-2017_Training_Part1_GroundTruth\ISIC_0013224_segmentation.png,target_adaptation,false,42
ISIC_0013227,D:\Project_ConvLoRA\ISIC-2017_Training_Data\ISIC_0013227.jpg,true,D:\Project_ConvLoRA\ISIC-2017_Training_Part1_GroundTruth\ISIC_0013227_segmentation.png,target_adaptation,false,42
ISIC_0013229,D:\Project_ConvLoRA\ISIC-2017_Training_Data\ISIC_0013229.jpg,true,D:\Project_ConvLoRA\ISIC-2017_Training_Part1_GroundTruth\ISIC_0013229_segmentation.png,target_adaptation,false,42
ISIC_0013233,D:\Project_ConvLoRA\ISIC-2017_Training_Data\ISIC_0013233.jpg,true,D:\Project_ConvLoRA\ISIC-2017_Training_Part1_GroundTruth\ISIC_0013233_segmentation.png,target_adaptation,false,42
ISIC_0013235,D:\Project_ConvLoRA\ISIC-2017_Training_Data\ISIC_0013235.jpg,true,D:\Project_ConvLoRA\ISIC-2017_Training_Part1_GroundTruth\ISIC_0013235_segmentation.png,target_adaptation,false,42
ISIC_0013236,D:\Project_ConvLoRA\ISIC-2017_Training_Data\ISIC_0013236.jpg,true,D:\Project_ConvLoRA\ISIC-2017_Training_Part1_GroundTruth\ISIC_0013236_segmentation.png,target_adaptation,false,42
ISIC_0013238,D:\Project_ConvLoRA\ISIC-2017_Training_Data\ISIC_0013238.jpg,true,D:\Project_ConvLoRA\ISIC-2017_Training_Part1_GroundTruth\ISIC_0013238_segmentation.png,target_adaptation,false,42
ISIC_0013243,D:\Project_ConvLoRA\ISIC-2017_Training_Data\ISIC_0013243.jpg,true,D:\Project_ConvLoRA\ISIC-2017_Training_Part1_GroundTruth\ISIC_0013243_segmentation.png,target_adaptation,false,42
ISIC_0013244,D:\Project_ConvLoRA\ISIC-2017_Training_Data\ISIC_0013244.jpg,true,D:\Project_ConvLoRA\ISIC-2017_Training_Part1_GroundTruth\ISIC_0013244_segmentation.png,target_adaptation,false,42
ISIC_0013248,D:\Project_ConvLoRA\ISIC-2017_Training_Data\ISIC_0013248.jpg,true,D:\Project_ConvLoRA\ISIC-2017_Training_Part1_GroundTruth\ISIC_0013248_segmentation.png,target_adaptation,false,42
ISIC_0013249,D:\Project_ConvLoRA\ISIC-2017_Training_Data\ISIC_0013249.jpg,true,D:\Project_ConvLoRA\ISIC-2017_Training_Part1_GroundTruth\ISIC_0013249_segmentation.png,target_adaptation,false,42
ISIC_0013257,D:\Project_ConvLoRA\ISIC-2017_Training_Data\ISIC_0013257.jpg,true,D:\Project_ConvLoRA\ISIC-2017_Training_Part1_GroundTruth\ISIC_0013257_segmentation.png,target_adaptation,false,42
ISIC_0013268,D:\Project_ConvLoRA\ISIC-2017_Training_Data\ISIC_0013268.jpg,true,D:\Project_ConvLoRA\ISIC-2017_Training_Part1_GroundTruth\ISIC_0013268_segmentation.png,target_adaptation,false,42
ISIC_0013274,D:\Project_ConvLoRA\ISIC-2017_Training_Data\ISIC_0013274.jpg,true,D:\Project_ConvLoRA\ISIC-2017_Training_Part1_GroundTruth\ISIC_0013274_segmentation.png,target_adaptation,false,42
ISIC_0013287,D:\Project_ConvLoRA\ISIC-2017_Training_Data\ISIC_0013287.jpg,true,D:\Project_ConvLoRA\ISIC-2017_Training_Part1_GroundTruth\ISIC_0013287_segmentation.png,target_adaptation,false,42
ISIC_0013294,D:\Project_ConvLoRA\ISIC-2017_Training_Data\ISIC_0013294.jpg,true,D:\Project_ConvLoRA\ISIC-2017_Training_Part1_GroundTruth\ISIC_0013294_segmentation.png,target_adaptation,false,42
ISIC_0013304,D:\Project_ConvLoRA\ISIC-2017_Training_Data\ISIC_0013304.jpg,true,D:\Project_ConvLoRA\ISIC-2017_Training_Part1_GroundTruth\ISIC_0013304_segmentation.png,target_adaptation,false,42
ISIC_0013306,D:\Project_ConvLoRA\ISIC-2017_Training_Data\ISIC_0013306.jpg,true,D:\Project_ConvLoRA\ISIC-2017_Training_Part1_GroundTruth\ISIC_0013306_segmentation.png,target_adaptation,false,42
ISIC_0013310,D:\Project_ConvLoRA\ISIC-2017_Training_Data\ISIC_0013310.jpg,true,D:\Project_ConvLoRA\ISIC-2017_Training_Part1_GroundTruth\ISIC_0013310_segmentation.png,target_adaptation,false,42
ISIC_0013311,D:\Project_ConvLoRA\ISIC-2017_Training_Data\ISIC_0013311.jpg,true,D:\Project_ConvLoRA\ISIC-2017_Training_Part1_GroundTruth\ISIC_0013311_segmentation.png,target_adaptation,false,42
ISIC_0013314,D:\Project_ConvLoRA\ISIC-2017_Training_Data\ISIC_0013314.jpg,true,D:\Project_ConvLoRA\ISIC-2017_Training_Part1_GroundTruth\ISIC_0013314_segmentation.png,target_adaptation,false,42
ISIC_0013315,D:\Project_ConvLoRA\ISIC-2017_Training_Data\ISIC_0013315.jpg,true,D:\Project_ConvLoRA\ISIC-2017_Training_Part1_GroundTruth\ISIC_0013315_segmentation.png,target_adaptation,false,42
ISIC_0013316,D:\Project_ConvLoRA\ISIC-2017_Training_Data\ISIC_0013316.jpg,true,D:\Project_ConvLoRA\ISIC-2017_Training_Part1_GroundTruth\ISIC_0013316_segmentation.png,target_adaptation,false,42
ISIC_0013326,D:\Project_ConvLoRA\ISIC-2017_Training_Data\ISIC_0013326.jpg,true,D:\Project_ConvLoRA\ISIC-2017_Training_Part1_GroundTruth\ISIC_0013326_segmentation.png,target_adaptation,false,42
ISIC_0013329,D:\Project_ConvLoRA\ISIC-2017_Training_Data\ISIC_0013329.jpg,true,D:\Project_ConvLoRA\ISIC-2017_Training_Part1_GroundTruth\ISIC_0013329_segmentation.png,target_adaptation,false,42
ISIC_0013330,D:\Project_ConvLoRA\ISIC-2017_Training_Data\ISIC_0013330.jpg,true,D:\Project_ConvLoRA\ISIC-2017_Training_Part1_GroundTruth\ISIC_0013330_segmentation.png,target_adaptation,false,42
ISIC_0013333,D:\Project_ConvLoRA\ISIC-2017_Training_Data\ISIC_0013333.jpg,true,D:\Project_ConvLoRA\ISIC-2017_Training_Part1_GroundTruth\ISIC_0013333_segmentation.png,target_adaptation,false,42
ISIC_0013334,D:\Project_ConvLoRA\ISIC-2017_Training_Data\ISIC_0013334.jpg,true,D:\Project_ConvLoRA\ISIC-2017_Training_Part1_GroundTruth\ISIC_0013334_segmentation.png,target_adaptation,false,42
ISIC_0013335,D:\Project_ConvLoRA\ISIC-2017_Training_Data\ISIC_0013335.jpg,true,D:\Project_ConvLoRA\ISIC-2017_Training_Part1_GroundTruth\ISIC_0013335_segmentation.png,target_adaptation,false,42
ISIC_0013340,D:\Project_ConvLoRA\ISIC-2017_Training_Data\ISIC_0013340.jpg,true,D:\Project_ConvLoRA\ISIC-2017_Training_Part1_GroundTruth\ISIC_0013340_segmentation.png,target_adaptation,false,42
ISIC_0013341,D:\Project_ConvLoRA\ISIC-2017_Training_Data\ISIC_0013341.jpg,true,D:\Project_ConvLoRA\ISIC-2017_Training_Part1_GroundTruth\ISIC_0013341_segmentation.png,target_adaptation,false,42
ISIC_0013342,D:\Project_ConvLoRA\ISIC-2017_Training_Data\ISIC_0013342.jpg,true,D:\Project_ConvLoRA\ISIC-2017_Training_Part1_GroundTruth\ISIC_0013342_segmentation.png,target_adaptation,false,42
ISIC_0013346,D:\Project_ConvLoRA\ISIC-2017_Training_Data\ISIC_0013346.jpg,true,D:\Project_ConvLoRA\ISIC-2017_Training_Part1_GroundTruth\ISIC_0013346_segmentation.png,target_adaptation,false,42
ISIC_0013355,D:\Project_ConvLoRA\ISIC-2017_Training_Data\ISIC_0013355.jpg,true,D:\Project_ConvLoRA\ISIC-2017_Training_Part1_GroundTruth\ISIC_0013355_segmentation.png,target_adaptation,false,42
ISIC_0013356,D:\Project_ConvLoRA\ISIC-2017_Training_Data\ISIC_0013356.jpg,true,D:\Project_ConvLoRA\ISIC-2017_Training_Part1_GroundTruth\ISIC_0013356_segmentation.png,target_adaptation,false,42
ISIC_0013359,D:\Project_ConvLoRA\ISIC-2017_Training_Data\ISIC_0013359.jpg,true,D:\Project_ConvLoRA\ISIC-2017_Training_Part1_GroundTruth\ISIC_0013359_segmentation.png,target_adaptation,false,42
ISIC_0013360,D:\Project_ConvLoRA\ISIC-2017_Training_Data\ISIC_0013360.jpg,true,D:\Project_ConvLoRA\ISIC-2017_Training_Part1_GroundTruth\ISIC_0013360_segmentation.png,target_adaptation,false,42
ISIC_0013364,D:\Project_ConvLoRA\ISIC-2017_Training_Data\ISIC_0013364.jpg,true,D:\Project_ConvLoRA\ISIC-2017_Training_Part1_GroundTruth\ISIC_0013364_segmentation.png,target_adaptation,false,42
ISIC_0013365,D:\Project_ConvLoRA\ISIC-2017_Training_Data\ISIC_0013365.jpg,true,D:\Project_ConvLoRA\ISIC-2017_Training_Part1_GroundTruth\ISIC_0013365_segmentation.png,target_adaptation,false,42
ISIC_0013369,D:\Project_ConvLoRA\ISIC-2017_Training_Data\ISIC_0013369.jpg,true,D:\Project_ConvLoRA\ISIC-2017_Training_Part1_GroundTruth\ISIC_0013369_segmentation.png,target_adaptation,false,42
ISIC_0013370,D:\Project_ConvLoRA\ISIC-2017_Training_Data\ISIC_0013370.jpg,true,D:\Project_ConvLoRA\ISIC-2017_Training_Part1_GroundTruth\ISIC_0013370_segmentation.png,target_adaptation,false,42
ISIC_0013371,D:\Project_ConvLoRA\ISIC-2017_Training_Data\ISIC_0013371.jpg,true,D:\Project_ConvLoRA\ISIC-2017_Training_Part1_GroundTruth\ISIC_0013371_segmentation.png,target_adaptation,false,42
ISIC_0013378,D:\Project_ConvLoRA\ISIC-2017_Training_Data\ISIC_0013378.jpg,true,D:\Project_ConvLoRA\ISIC-2017_Training_Part1_GroundTruth\ISIC_0013378_segmentation.png,target_adaptation,false,42
ISIC_0013385,D:\Project_ConvLoRA\ISIC-2017_Training_Data\ISIC_0013385.jpg,true,D:\Project_ConvLoRA\ISIC-2017_Training_Part1_GroundTruth\ISIC_0013385_segmentation.png,target_adaptation,false,42
ISIC_0013394,D:\Project_ConvLoRA\ISIC-2017_Training_Data\ISIC_0013394.jpg,true,D:\Project_ConvLoRA\ISIC-2017_Training_Part1_GroundTruth\ISIC_0013394_segmentation.png,target_adaptation,false,42
ISIC_0013395,D:\Project_ConvLoRA\ISIC-2017_Training_Data\ISIC_0013395.jpg,true,D:\Project_ConvLoRA\ISIC-2017_Training_Part1_GroundTruth\ISIC_0013395_segmentation.png,target_adaptation,false,42
ISIC_0013397,D:\Project_ConvLoRA\ISIC-2017_Training_Data\ISIC_0013397.jpg,true,D:\Project_ConvLoRA\ISIC-2017_Training_Part1_GroundTruth\ISIC_0013397_segmentation.png,target_adaptation,false,42
ISIC_0013398,D:\Project_ConvLoRA\ISIC-2017_Training_Data\ISIC_0013398.jpg,true,D:\Project_ConvLoRA\ISIC-2017_Training_Part1_GroundTruth\ISIC_0013398_segmentation.png,target_adaptation,false,42
ISIC_0013400,D:\Project_ConvLoRA\ISIC-2017_Training_Data\ISIC_0013400.jpg,true,D:\Project_ConvLoRA\ISIC-2017_Training_Part1_GroundTruth\ISIC_0013400_segmentation.png,target_adaptation,false,42
ISIC_0013403,D:\Project_ConvLoRA\ISIC-2017_Training_Data\ISIC_0013403.jpg,true,D:\Project_ConvLoRA\ISIC-2017_Training_Part1_GroundTruth\ISIC_0013403_segmentation.png,target_adaptation,false,42
ISIC_0013405,D:\Project_ConvLoRA\ISIC-2017_Training_Data\ISIC_0013405.jpg,true,D:\Project_ConvLoRA\ISIC-2017_Training_Part1_GroundTruth\ISIC_0013405_segmentation.png,target_adaptation,false,42
ISIC_0013410,D:\Project_ConvLoRA\ISIC-2017_Training_Data\ISIC_0013410.jpg,true,D:\Project_ConvLoRA\ISIC-2017_Training_Part1_GroundTruth\ISIC_0013410_segmentation.png,target_adaptation,false,42
ISIC_0013417,D:\Project_ConvLoRA\ISIC-2017_Training_Data\ISIC_0013417.jpg,true,D:\Project_ConvLoRA\ISIC-2017_Training_Part1_GroundTruth\ISIC_0013417_segmentation.png,target_adaptation,false,42
ISIC_0013423,D:\Project_ConvLoRA\ISIC-2017_Training_Data\ISIC_0013423.jpg,true,D:\Project_ConvLoRA\ISIC-2017_Training_Part1_GroundTruth\ISIC_0013423_segmentation.png,target_adaptation,false,42
ISIC_0013424,D:\Project_ConvLoRA\ISIC-2017_Training_Data\ISIC_0013424.jpg,true,D:\Project_ConvLoRA\ISIC-2017_Training_Part1_GroundTruth\ISIC_0013424_segmentation.png,target_adaptation,false,42
ISIC_0013428,D:\Project_ConvLoRA\ISIC-2017_Training_Data\ISIC_0013428.jpg,true,D:\Project_ConvLoRA\ISIC-2017_Training_Part1_GroundTruth\ISIC_0013428_segmentation.png,target_adaptation,false,42
ISIC_0013430,D:\Project_ConvLoRA\ISIC-2017_Training_Data\ISIC_0013430.jpg,true,D:\Project_ConvLoRA\ISIC-2017_Training_Part1_GroundTruth\ISIC_0013430_segmentation.png,target_adaptation,false,42
ISIC_0013432,D:\Project_ConvLoRA\ISIC-2017_Training_Data\ISIC_0013432.jpg,true,D:\Project_ConvLoRA\ISIC-2017_Training_Part1_GroundTruth\ISIC_0013432_segmentation.png,target_adaptation,false,42
ISIC_0013433,D:\Project_ConvLoRA\ISIC-2017_Training_Data\ISIC_0013433.jpg,true,D:\Project_ConvLoRA\ISIC-2017_Training_Part1_GroundTruth\ISIC_0013433_segmentation.png,target_adaptation,false,42
ISIC_0013437,D:\Project_ConvLoRA\ISIC-2017_Training_Data\ISIC_0013437.jpg,true,D:\Project_ConvLoRA\ISIC-2017_Training_Part1_GroundTruth\ISIC_0013437_segmentation.png,target_adaptation,false,42
ISIC_0013438,D:\Project_ConvLoRA\ISIC-2017_Training_Data\ISIC_0013438.jpg,true,D:\Project_ConvLoRA\ISIC-2017_Training_Part1_GroundTruth\ISIC_0013438_segmentation.png,target_adaptation,false,42
ISIC_0013443,D:\Project_ConvLoRA\ISIC-2017_Training_Data\ISIC_0013443.jpg,true,D:\Project_ConvLoRA\ISIC-2017_Training_Part1_GroundTruth\ISIC_0013443_segmentation.png,target_adaptation,false,42
ISIC_0013456,D:\Project_ConvLoRA\ISIC-2017_Training_Data\ISIC_0013456.jpg,true,D:\Project_ConvLoRA\ISIC-2017_Training_Part1_GroundTruth\ISIC_0013456_segmentation.png,target_adaptation,false,42
ISIC_0013458,D:\Project_ConvLoRA\ISIC-2017_Training_Data\ISIC_0013458.jpg,true,D:\Project_ConvLoRA\ISIC-2017_Training_Part1_GroundTruth\ISIC_0013458_segmentation.png,target_adaptation,false,42
ISIC_0013461,D:\Project_ConvLoRA\ISIC-2017_Training_Data\ISIC_0013461.jpg,true,D:\Project_ConvLoRA\ISIC-2017_Training_Part1_GroundTruth\ISIC_0013461_segmentation.png,target_adaptation,false,42
ISIC_0013474,D:\Project_ConvLoRA\ISIC-2017_Training_Data\ISIC_0013474.jpg,true,D:\Project_ConvLoRA\ISIC-2017_Training_Part1_GroundTruth\ISIC_0013474_segmentation.png,target_adaptation,false,42
ISIC_0013480,D:\Project_ConvLoRA\ISIC-2017_Training_Data\ISIC_0013480.jpg,true,D:\Project_ConvLoRA\ISIC-2017_Training_Part1_GroundTruth\ISIC_0013480_segmentation.png,target_adaptation,false,42
ISIC_0013486,D:\Project_ConvLoRA\ISIC-2017_Training_Data\ISIC_0013486.jpg,true,D:\Project_ConvLoRA\ISIC-2017_Training_Part1_GroundTruth\ISIC_0013486_segmentation.png,target_adaptation,false,42
ISIC_0013487,D:\Project_ConvLoRA\ISIC-2017_Training_Data\ISIC_0013487.jpg,true,D:\Project_ConvLoRA\ISIC-2017_Training_Part1_GroundTruth\ISIC_0013487_segmentation.png,target_adaptation,false,42
ISIC_0013489,D:\Project_ConvLoRA\ISIC-2017_Training_Data\ISIC_0013489.jpg,true,D:\Project_ConvLoRA\ISIC-2017_Training_Part1_GroundTruth\ISIC_0013489_segmentation.png,target_adaptation,false,42
ISIC_0013490,D:\Project_ConvLoRA\ISIC-2017_Training_Data\ISIC_0013490.jpg,true,D:\Project_ConvLoRA\ISIC-2017_Training_Part1_GroundTruth\ISIC_0013490_segmentation.png,target_adaptation,false,42
ISIC_0013492,D:\Project_ConvLoRA\ISIC-2017_Training_Data\ISIC_0013492.jpg,true,D:\Project_ConvLoRA\ISIC-2017_Training_Part1_GroundTruth\ISIC_0013492_segmentation.png,target_adaptation,false,42
ISIC_0013493,D:\Project_ConvLoRA\ISIC-2017_Training_Data\ISIC_0013493.jpg,true,D:\Project_ConvLoRA\ISIC-2017_Training_Part1_GroundTruth\ISIC_0013493_segmentation.png,target_adaptation,false,42
ISIC_0013494,D:\Project_ConvLoRA\ISIC-2017_Training_Data\ISIC_0013494.jpg,true,D:\Project_ConvLoRA\ISIC-2017_Training_Part1_GroundTruth\ISIC_0013494_segmentation.png,target_adaptation,false,42
ISIC_0013498,D:\Project_ConvLoRA\ISIC-2017_Training_Data\ISIC_0013498.jpg,true,D:\Project_ConvLoRA\ISIC-2017_Training_Part1_GroundTruth\ISIC_0013498_segmentation.png,target_adaptation,false,42
ISIC_0013499,D:\Project_ConvLoRA\ISIC-2017_Training_Data\ISIC_0013499.jpg,true,D:\Project_ConvLoRA\ISIC-2017_Training_Part1_GroundTruth\ISIC_0013499_segmentation.png,target_adaptation,false,42
ISIC_0013500,D:\Project_ConvLoRA\ISIC-2017_Training_Data\ISIC_0013500.jpg,true,D:\Project_ConvLoRA\ISIC-2017_Training_Part1_GroundTruth\ISIC_0013500_segmentation.png,target_adaptation,false,42
ISIC_0013516,D:\Project_ConvLoRA\ISIC-2017_Training_Data\ISIC_0013516.jpg,true,D:\Project_ConvLoRA\ISIC-2017_Training_Part1_GroundTruth\ISIC_0013516_segmentation.png,target_adaptation,false,42
ISIC_0013517,D:\Project_ConvLoRA\ISIC-2017_Training_Data\ISIC_0013517.jpg,true,D:\Project_ConvLoRA\ISIC-2017_Training_Part1_GroundTruth\ISIC_0013517_segmentation.png,target_adaptation,false,42
ISIC_0013525,D:\Project_ConvLoRA\ISIC-2017_Training_Data\ISIC_0013525.jpg,true,D:\Project_ConvLoRA\ISIC-2017_Training_Part1_GroundTruth\ISIC_0013525_segmentation.png,target_adaptation,false,42
ISIC_0013526,D:\Project_ConvLoRA\ISIC-2017_Training_Data\ISIC_0013526.jpg,true,D:\Project_ConvLoRA\ISIC-2017_Training_Part1_GroundTruth\ISIC_0013526_segmentation.png,target_adaptation,false,42
ISIC_0013530,D:\Project_ConvLoRA\ISIC-2017_Training_Data\ISIC_0013530.jpg,true,D:\Project_ConvLoRA\ISIC-2017_Training_Part1_GroundTruth\ISIC_0013530_segmentation.png,target_adaptation,false,42
ISIC_0013553,D:\Project_ConvLoRA\ISIC-2017_Training_Data\ISIC_0013553.jpg,true,D:\Project_ConvLoRA\ISIC-2017_Training_Part1_GroundTruth\ISIC_0013553_segmentation.png,target_adaptation,false,42
ISIC_0013559,D:\Project_ConvLoRA\ISIC-2017_Training_Data\ISIC_0013559.jpg,true,D:\Project_ConvLoRA\ISIC-2017_Training_Part1_GroundTruth\ISIC_0013559_segmentation.png,target_adaptation,false,42
ISIC_0013567,D:\Project_ConvLoRA\ISIC-2017_Training_Data\ISIC_0013567.jpg,true,D:\Project_ConvLoRA\ISIC-2017_Training_Part1_GroundTruth\ISIC_0013567_segmentation.png,target_adaptation,false,42
ISIC_0013572,D:\Project_ConvLoRA\ISIC-2017_Training_Data\ISIC_0013572.jpg,true,D:\Project_ConvLoRA\ISIC-2017_Training_Part1_GroundTruth\ISIC_0013572_segmentation.png,target_adaptation,false,42
ISIC_0013573,D:\Project_ConvLoRA\ISIC-2017_Training_Data\ISIC_0013573.jpg,true,D:\Project_ConvLoRA\ISIC-2017_Training_Part1_GroundTruth\ISIC_0013573_segmentation.png,target_adaptation,false,42
ISIC_0013578,D:\Project_ConvLoRA\ISIC-2017_Training_Data\ISIC_0013578.jpg,true,D:\Project_ConvLoRA\ISIC-2017_Training_Part1_GroundTruth\ISIC_0013578_segmentation.png,target_adaptation,false,42
ISIC_0013579,D:\Project_ConvLoRA\ISIC-2017_Training_Data\ISIC_0013579.jpg,true,D:\Project_ConvLoRA\ISIC-2017_Training_Part1_GroundTruth\ISIC_0013579_segmentation.png,target_adaptation,false,42
ISIC_0013580,D:\Project_ConvLoRA\ISIC-2017_Training_Data\ISIC_0013580.jpg,true,D:\Project_ConvLoRA\ISIC-2017_Training_Part1_GroundTruth\ISIC_0013580_segmentation.png,target_adaptation,false,42
ISIC_0013581,D:\Project_ConvLoRA\ISIC-2017_Training_Data\ISIC_0013581.jpg,true,D:\Project_ConvLoRA\ISIC-2017_Training_Part1_GroundTruth\ISIC_0013581_segmentation.png,target_adaptation,false,42
ISIC_0013585,D:\Project_ConvLoRA\ISIC-2017_Training_Data\ISIC_0013585.jpg,true,D:\Project_ConvLoRA\ISIC-2017_Training_Part1_GroundTruth\ISIC_0013585_segmentation.png,target_adaptation,false,42
ISIC_0013592,D:\Project_ConvLoRA\ISIC-2017_Training_Data\ISIC_0013592.jpg,true,D:\Project_ConvLoRA\ISIC-2017_Training_Part1_GroundTruth\ISIC_0013592_segmentation.png,target_adaptation,false,42
ISIC_0013594,D:\Project_ConvLoRA\ISIC-2017_Training_Data\ISIC_0013594.jpg,true,D:\Project_ConvLoRA\ISIC-2017_Training_Part1_GroundTruth\ISIC_0013594_segmentation.png,target_adaptation,false,42
ISIC_0013595,D:\Project_ConvLoRA\ISIC-2017_Training_Data\ISIC_0013595.jpg,true,D:\Project_ConvLoRA\ISIC-2017_Training_Part1_GroundTruth\ISIC_0013595_segmentation.png,target_adaptation,false,42
ISIC_0013596,D:\Project_ConvLoRA\ISIC-2017_Training_Data\ISIC_0013596.jpg,true,D:\Project_ConvLoRA\ISIC-2017_Training_Part1_GroundTruth\ISIC_0013596_segmentation.png,target_adaptation,false,42
ISIC_0013597,D:\Project_ConvLoRA\ISIC-2017_Training_Data\ISIC_0013597.jpg,true,D:\Project_ConvLoRA\ISIC-2017_Training_Part1_GroundTruth\ISIC_0013597_segmentation.png,target_adaptation,false,42
ISIC_0013599,D:\Project_ConvLoRA\ISIC-2017_Training_Data\ISIC_0013599.jpg,true,D:\Project_ConvLoRA\ISIC-2017_Training_Part1_GroundTruth\ISIC_0013599_segmentation.png,target_adaptation,false,42
ISIC_0013601,D:\Project_ConvLoRA\ISIC-2017_Training_Data\ISIC_0013601.jpg,true,D:\Project_ConvLoRA\ISIC-2017_Training_Part1_GroundTruth\ISIC_0013601_segmentation.png,target_adaptation,false,42
ISIC_0013603,D:\Project_ConvLoRA\ISIC-2017_Training_Data\ISIC_0013603.jpg,true,D:\Project_ConvLoRA\ISIC-2017_Training_Part1_GroundTruth\ISIC_0013603_segmentation.png,target_adaptation,false,42
ISIC_0013606,D:\Project_ConvLoRA\ISIC-2017_Training_Data\ISIC_0013606.jpg,true,D:\Project_ConvLoRA\ISIC-2017_Training_Part1_GroundTruth\ISIC_0013606_segmentation.png,target_adaptation,false,42
ISIC_0013610,D:\Project_ConvLoRA\ISIC-2017_Training_Data\ISIC_0013610.jpg,true,D:\Project_ConvLoRA\ISIC-2017_Training_Part1_GroundTruth\ISIC_0013610_segmentation.png,target_adaptation,false,42
ISIC_0013618,D:\Project_ConvLoRA\ISIC-2017_Training_Data\ISIC_0013618.jpg,true,D:\Project_ConvLoRA\ISIC-2017_Training_Part1_GroundTruth\ISIC_0013618_segmentation.png,target_adaptation,false,42
ISIC_0013621,D:\Project_ConvLoRA\ISIC-2017_Training_Data\ISIC_0013621.jpg,true,D:\Project_ConvLoRA\ISIC-2017_Training_Part1_GroundTruth\ISIC_0013621_segmentation.png,target_adaptation,false,42
ISIC_0013626,D:\Project_ConvLoRA\ISIC-2017_Training_Data\ISIC_0013626.jpg,true,D:\Project_ConvLoRA\ISIC-2017_Training_Part1_GroundTruth\ISIC_0013626_segmentation.png,target_adaptation,false,42
ISIC_0013634,D:\Project_ConvLoRA\ISIC-2017_Training_Data\ISIC_0013634.jpg,true,D:\Project_ConvLoRA\ISIC-2017_Training_Part1_GroundTruth\ISIC_0013634_segmentation.png,target_adaptation,false,42
ISIC_0013635,D:\Project_ConvLoRA\ISIC-2017_Training_Data\ISIC_0013635.jpg,true,D:\Project_ConvLoRA\ISIC-2017_Training_Part1_GroundTruth\ISIC_0013635_segmentation.png,target_adaptation,false,42
ISIC_0013639,D:\Project_ConvLoRA\ISIC-2017_Training_Data\ISIC_0013639.jpg,true,D:\Project_ConvLoRA\ISIC-2017_Training_Part1_GroundTruth\ISIC_0013639_segmentation.png,target_adaptation,false,42
ISIC_0013643,D:\Project_ConvLoRA\ISIC-2017_Training_Data\ISIC_0013643.jpg,true,D:\Project_ConvLoRA\ISIC-2017_Training_Part1_GroundTruth\ISIC_0013643_segmentation.png,target_adaptation,false,42
ISIC_0013652,D:\Project_ConvLoRA\ISIC-2017_Training_Data\ISIC_0013652.jpg,true,D:\Project_ConvLoRA\ISIC-2017_Training_Part1_GroundTruth\ISIC_0013652_segmentation.png,target_adaptation,false,42
ISIC_0013656,D:\Project_ConvLoRA\ISIC-2017_Training_Data\ISIC_0013656.jpg,true,D:\Project_ConvLoRA\ISIC-2017_Training_Part1_GroundTruth\ISIC_0013656_segmentation.png,target_adaptation,false,42
ISIC_0013667,D:\Project_ConvLoRA\ISIC-2017_Training_Data\ISIC_0013667.jpg,true,D:\Project_ConvLoRA\ISIC-2017_Training_Part1_GroundTruth\ISIC_0013667_segmentation.png,target_adaptation,false,42
ISIC_0013670,D:\Project_ConvLoRA\ISIC-2017_Training_Data\ISIC_0013670.jpg,true,D:\Project_ConvLoRA\ISIC-2017_Training_Part1_GroundTruth\ISIC_0013670_segmentation.png,target_adaptation,false,42
ISIC_0013671,D:\Project_ConvLoRA\ISIC-2017_Training_Data\ISIC_0013671.jpg,true,D:\Project_ConvLoRA\ISIC-2017_Training_Part1_GroundTruth\ISIC_0013671_segmentation.png,target_adaptation,false,42
ISIC_0013672,D:\Project_ConvLoRA\ISIC-2017_Training_Data\ISIC_0013672.jpg,true,D:\Project_ConvLoRA\ISIC-2017_Training_Part1_GroundTruth\ISIC_0013672_segmentation.png,target_adaptation,false,42
ISIC_0013674,D:\Project_ConvLoRA\ISIC-2017_Training_Data\ISIC_0013674.jpg,true,D:\Project_ConvLoRA\ISIC-2017_Training_Part1_GroundTruth\ISIC_0013674_segmentation.png,target_adaptation,false,42
ISIC_0013675,D:\Project_ConvLoRA\ISIC-2017_Training_Data\ISIC_0013675.jpg,true,D:\Project_ConvLoRA\ISIC-2017_Training_Part1_GroundTruth\ISIC_0013675_segmentation.png,target_adaptation,false,42
ISIC_0013680,D:\Project_ConvLoRA\ISIC-2017_Training_Data\ISIC_0013680.jpg,true,D:\Project_ConvLoRA\ISIC-2017_Training_Part1_GroundTruth\ISIC_0013680_segmentation.png,target_adaptation,false,42
ISIC_0013682,D:\Project_ConvLoRA\ISIC-2017_Training_Data\ISIC_0013682.jpg,true,D:\Project_ConvLoRA\ISIC-2017_Training_Part1_GroundTruth\ISIC_0013682_segmentation.png,target_adaptation,false,42
ISIC_0013684,D:\Project_ConvLoRA\ISIC-2017_Training_Data\ISIC_0013684.jpg,true,D:\Project_ConvLoRA\ISIC-2017_Training_Part1_GroundTruth\ISIC_0013684_segmentation.png,target_adaptation,false,42
ISIC_0013687,D:\Project_ConvLoRA\ISIC-2017_Training_Data\ISIC_0013687.jpg,true,D:\Project_ConvLoRA\ISIC-2017_Training_Part1_GroundTruth\ISIC_0013687_segmentation.png,target_adaptation,false,42
ISIC_0013688,D:\Project_ConvLoRA\ISIC-2017_Training_Data\ISIC_0013688.jpg,true,D:\Project_ConvLoRA\ISIC-2017_Training_Part1_GroundTruth\ISIC_0013688_segmentation.png,target_adaptation,false,42
ISIC_0013690,D:\Project_ConvLoRA\ISIC-2017_Training_Data\ISIC_0013690.jpg,true,D:\Project_ConvLoRA\ISIC-2017_Training_Part1_GroundTruth\ISIC_0013690_segmentation.png,target_adaptation,false,42
ISIC_0013691,D:\Project_ConvLoRA\ISIC-2017_Training_Data\ISIC_0013691.jpg,true,D:\Project_ConvLoRA\ISIC-2017_Training_Part1_GroundTruth\ISIC_0013691_segmentation.png,target_adaptation,false,42
ISIC_0013695,D:\Project_ConvLoRA\ISIC-2017_Training_Data\ISIC_0013695.jpg,true,D:\Project_ConvLoRA\ISIC-2017_Training_Part1_GroundTruth\ISIC_0013695_segmentation.png,target_adaptation,false,42
ISIC_0013706,D:\Project_ConvLoRA\ISIC-2017_Training_Data\ISIC_0013706.jpg,true,D:\Project_ConvLoRA\ISIC-2017_Training_Part1_GroundTruth\ISIC_0013706_segmentation.png,target_adaptation,false,42
ISIC_0013707,D:\Project_ConvLoRA\ISIC-2017_Training_Data\ISIC_0013707.jpg,true,D:\Project_ConvLoRA\ISIC-2017_Training_Part1_GroundTruth\ISIC_0013707_segmentation.png,target_adaptation,false,42
ISIC_0013709,D:\Project_ConvLoRA\ISIC-2017_Training_Data\ISIC_0013709.jpg,true,D:\Project_ConvLoRA\ISIC-2017_Training_Part1_GroundTruth\ISIC_0013709_segmentation.png,target_adaptation,false,42
ISIC_0013712,D:\Project_ConvLoRA\ISIC-2017_Training_Data\ISIC_0013712.jpg,true,D:\Project_ConvLoRA\ISIC-2017_Training_Part1_GroundTruth\ISIC_0013712_segmentation.png,target_adaptation,false,42
ISIC_0013713,D:\Project_ConvLoRA\ISIC-2017_Training_Data\ISIC_0013713.jpg,true,D:\Project_ConvLoRA\ISIC-2017_Training_Part1_GroundTruth\ISIC_0013713_segmentation.png,target_adaptation,false,42
ISIC_0013721,D:\Project_ConvLoRA\ISIC-2017_Training_Data\ISIC_0013721.jpg,true,D:\Project_ConvLoRA\ISIC-2017_Training_Part1_GroundTruth\ISIC_0013721_segmentation.png,target_adaptation,false,42
ISIC_0013725,D:\Project_ConvLoRA\ISIC-2017_Training_Data\ISIC_0013725.jpg,true,D:\Project_ConvLoRA\ISIC-2017_Training_Part1_GroundTruth\ISIC_0013725_segmentation.png,target_adaptation,false,42
ISIC_0013731,D:\Project_ConvLoRA\ISIC-2017_Training_Data\ISIC_0013731.jpg,true,D:\Project_ConvLoRA\ISIC-2017_Training_Part1_GroundTruth\ISIC_0013731_segmentation.png,target_adaptation,false,42
ISIC_0013737,D:\Project_ConvLoRA\ISIC-2017_Training_Data\ISIC_0013737.jpg,true,D:\Project_ConvLoRA\ISIC-2017_Training_Part1_GroundTruth\ISIC_0013737_segmentation.png,target_adaptation,false,42
ISIC_0013740,D:\Project_ConvLoRA\ISIC-2017_Training_Data\ISIC_0013740.jpg,true,D:\Project_ConvLoRA\ISIC-2017_Training_Part1_GroundTruth\ISIC_0013740_segmentation.png,target_adaptation,false,42
ISIC_0013742,D:\Project_ConvLoRA\ISIC-2017_Training_Data\ISIC_0013742.jpg,true,D:\Project_ConvLoRA\ISIC-2017_Training_Part1_GroundTruth\ISIC_0013742_segmentation.png,target_adaptation,false,42
ISIC_0013747,D:\Project_ConvLoRA\ISIC-2017_Training_Data\ISIC_0013747.jpg,true,D:\Project_ConvLoRA\ISIC-2017_Training_Part1_GroundTruth\ISIC_0013747_segmentation.png,target_adaptation,false,42
ISIC_0013749,D:\Project_ConvLoRA\ISIC-2017_Training_Data\ISIC_0013749.jpg,true,D:\Project_ConvLoRA\ISIC-2017_Training_Part1_GroundTruth\ISIC_0013749_segmentation.png,target_adaptation,false,42
ISIC_0013758,D:\Project_ConvLoRA\ISIC-2017_Training_Data\ISIC_0013758.jpg,true,D:\Project_ConvLoRA\ISIC-2017_Training_Part1_GroundTruth\ISIC_0013758_segmentation.png,target_adaptation,false,42
ISIC_0013762,D:\Project_ConvLoRA\ISIC-2017_Training_Data\ISIC_0013762.jpg,true,D:\Project_ConvLoRA\ISIC-2017_Training_Part1_GroundTruth\ISIC_0013762_segmentation.png,target_adaptation,false,42
ISIC_0013765,D:\Project_ConvLoRA\ISIC-2017_Training_Data\ISIC_0013765.jpg,true,D:\Project_ConvLoRA\ISIC-2017_Training_Part1_GroundTruth\ISIC_0013765_segmentation.png,target_adaptation,false,42
ISIC_0013772,D:\Project_ConvLoRA\ISIC-2017_Training_Data\ISIC_0013772.jpg,true,D:\Project_ConvLoRA\ISIC-2017_Training_Part1_GroundTruth\ISIC_0013772_segmentation.png,target_adaptation,false,42
ISIC_0013775,D:\Project_ConvLoRA\ISIC-2017_Training_Data\ISIC_0013775.jpg,true,D:\Project_ConvLoRA\ISIC-2017_Training_Part1_GroundTruth\ISIC_0013775_segmentation.png,target_adaptation,false,42
ISIC_0013777,D:\Project_ConvLoRA\ISIC-2017_Training_Data\ISIC_0013777.jpg,true,D:\Project_ConvLoRA\ISIC-2017_Training_Part1_GroundTruth\ISIC_0013777_segmentation.png,target_adaptation,false,42
ISIC_0013778,D:\Project_ConvLoRA\ISIC-2017_Training_Data\ISIC_0013778.jpg,true,D:\Project_ConvLoRA\ISIC-2017_Training_Part1_GroundTruth\ISIC_0013778_segmentation.png,target_adaptation,false,42
ISIC_0013782,D:\Project_ConvLoRA\ISIC-2017_Training_Data\ISIC_0013782.jpg,true,D:\Project_ConvLoRA\ISIC-2017_Training_Part1_GroundTruth\ISIC_0013782_segmentation.png,target_adaptation,false,42
ISIC_0013783,D:\Project_ConvLoRA\ISIC-2017_Training_Data\ISIC_0013783.jpg,true,D:\Project_ConvLoRA\ISIC-2017_Training_Part1_GroundTruth\ISIC_0013783_segmentation.png,target_adaptation,false,42
ISIC_0013789,D:\Project_ConvLoRA\ISIC-2017_Training_Data\ISIC_0013789.jpg,true,D:\Project_ConvLoRA\ISIC-2017_Training_Part1_GroundTruth\ISIC_0013789_segmentation.png,target_adaptation,false,42
ISIC_0013792,D:\Project_ConvLoRA\ISIC-2017_Training_Data\ISIC_0013792.jpg,true,D:\Project_ConvLoRA\ISIC-2017_Training_Part1_GroundTruth\ISIC_0013792_segmentation.png,target_adaptation,false,42
ISIC_0013795,D:\Project_ConvLoRA\ISIC-2017_Training_Data\ISIC_0013795.jpg,true,D:\Project_ConvLoRA\ISIC-2017_Training_Part1_GroundTruth\ISIC_0013795_segmentation.png,target_adaptation,false,42
ISIC_0013796,D:\Project_ConvLoRA\ISIC-2017_Training_Data\ISIC_0013796.jpg,true,D:\Project_ConvLoRA\ISIC-2017_Training_Part1_GroundTruth\ISIC_0013796_segmentation.png,target_adaptation,false,42
ISIC_0013797,D:\Project_ConvLoRA\ISIC-2017_Training_Data\ISIC_0013797.jpg,true,D:\Project_ConvLoRA\ISIC-2017_Training_Part1_GroundTruth\ISIC_0013797_segmentation.png,target_adaptation,false,42
ISIC_0013798,D:\Project_ConvLoRA\ISIC-2017_Training_Data\ISIC_0013798.jpg,true,D:\Project_ConvLoRA\ISIC-2017_Training_Part1_GroundTruth\ISIC_0013798_segmentation.png,target_adaptation,false,42
ISIC_0013799,D:\Project_ConvLoRA\ISIC-2017_Training_Data\ISIC_0013799.jpg,true,D:\Project_ConvLoRA\ISIC-2017_Training_Part1_GroundTruth\ISIC_0013799_segmentation.png,target_adaptation,false,42
ISIC_0013801,D:\Project_ConvLoRA\ISIC-2017_Training_Data\ISIC_0013801.jpg,true,D:\Project_ConvLoRA\ISIC-2017_Training_Part1_GroundTruth\ISIC_0013801_segmentation.png,target_adaptation,false,42
ISIC_0013802,D:\Project_ConvLoRA\ISIC-2017_Training_Data\ISIC_0013802.jpg,true,D:\Project_ConvLoRA\ISIC-2017_Training_Part1_GroundTruth\ISIC_0013802_segmentation.png,target_adaptation,false,42
ISIC_0013803,D:\Project_ConvLoRA\ISIC-2017_Training_Data\ISIC_0013803.jpg,true,D:\Project_ConvLoRA\ISIC-2017_Training_Part1_GroundTruth\ISIC_0013803_segmentation.png,target_adaptation,false,42
ISIC_0013804,D:\Project_ConvLoRA\ISIC-2017_Training_Data\ISIC_0013804.jpg,true,D:\Project_ConvLoRA\ISIC-2017_Training_Part1_GroundTruth\ISIC_0013804_segmentation.png,target_adaptation,false,42
ISIC_0013815,D:\Project_ConvLoRA\ISIC-2017_Training_Data\ISIC_0013815.jpg,true,D:\Project_ConvLoRA\ISIC-2017_Training_Part1_GroundTruth\ISIC_0013815_segmentation.png,target_adaptation,false,42
ISIC_0013817,D:\Project_ConvLoRA\ISIC-2017_Training_Data\ISIC_0013817.jpg,true,D:\Project_ConvLoRA\ISIC-2017_Training_Part1_GroundTruth\ISIC_0013817_segmentation.png,target_adaptation,false,42
ISIC_0013819,D:\Project_ConvLoRA\ISIC-2017_Training_Data\ISIC_0013819.jpg,true,D:\Project_ConvLoRA\ISIC-2017_Training_Part1_GroundTruth\ISIC_0013819_segmentation.png,target_adaptation,false,42
ISIC_0013830,D:\Project_ConvLoRA\ISIC-2017_Training_Data\ISIC_0013830.jpg,true,D:\Project_ConvLoRA\ISIC-2017_Training_Part1_GroundTruth\ISIC_0013830_segmentation.png,target_adaptation,false,42
ISIC_0013831,D:\Project_ConvLoRA\ISIC-2017_Training_Data\ISIC_0013831.jpg,true,D:\Project_ConvLoRA\ISIC-2017_Training_Part1_GroundTruth\ISIC_0013831_segmentation.png,target_adaptation,false,42
ISIC_0013832,D:\Project_ConvLoRA\ISIC-2017_Training_Data\ISIC_0013832.jpg,true,D:\Project_ConvLoRA\ISIC-2017_Training_Part1_GroundTruth\ISIC_0013832_segmentation.png,target_adaptation,false,42
ISIC_0013835,D:\Project_ConvLoRA\ISIC-2017_Training_Data\ISIC_0013835.jpg,true,D:\Project_ConvLoRA\ISIC-2017_Training_Part1_GroundTruth\ISIC_0013835_segmentation.png,target_adaptation,false,42
ISIC_0013836,D:\Project_ConvLoRA\ISIC-2017_Training_Data\ISIC_0013836.jpg,true,D:\Project_ConvLoRA\ISIC-2017_Training_Part1_GroundTruth\ISIC_0013836_segmentation.png,target_adaptation,false,42
ISIC_0013839,D:\Project_ConvLoRA\ISIC-2017_Training_Data\ISIC_0013839.jpg,true,D:\Project_ConvLoRA\ISIC-2017_Training_Part1_GroundTruth\ISIC_0013839_segmentation.png,target_adaptation,false,42
ISIC_0013840,D:\Project_ConvLoRA\ISIC-2017_Training_Data\ISIC_0013840.jpg,true,D:\Project_ConvLoRA\ISIC-2017_Training_Part1_GroundTruth\ISIC_0013840_segmentation.png,target_adaptation,false,42
ISIC_0013841,D:\Project_ConvLoRA\ISIC-2017_Training_Data\ISIC_0013841.jpg,true,D:\Project_ConvLoRA\ISIC-2017_Training_Part1_GroundTruth\ISIC_0013841_segmentation.png,target_adaptation,false,42
ISIC_0013843,D:\Project_ConvLoRA\ISIC-2017_Training_Data\ISIC_0013843.jpg,true,D:\Project_ConvLoRA\ISIC-2017_Training_Part1_GroundTruth\ISIC_0013843_segmentation.png,target_adaptation,false,42
ISIC_0013845,D:\Project_ConvLoRA\ISIC-2017_Training_Data\ISIC_0013845.jpg,true,D:\Project_ConvLoRA\ISIC-2017_Training_Part1_GroundTruth\ISIC_0013845_segmentation.png,target_adaptation,false,42
ISIC_0013861,D:\Project_ConvLoRA\ISIC-2017_Training_Data\ISIC_0013861.jpg,true,D:\Project_ConvLoRA\ISIC-2017_Training_Part1_GroundTruth\ISIC_0013861_segmentation.png,target_adaptation,false,42
ISIC_0013864,D:\Project_ConvLoRA\ISIC-2017_Training_Data\ISIC_0013864.jpg,true,D:\Project_ConvLoRA\ISIC-2017_Training_Part1_GroundTruth\ISIC_0013864_segmentation.png,target_adaptation,false,42
ISIC_0013865,D:\Project_ConvLoRA\ISIC-2017_Training_Data\ISIC_0013865.jpg,true,D:\Project_ConvLoRA\ISIC-2017_Training_Part1_GroundTruth\ISIC_0013865_segmentation.png,target_adaptation,false,42
ISIC_0013874,D:\Project_ConvLoRA\ISIC-2017_Training_Data\ISIC_0013874.jpg,true,D:\Project_ConvLoRA\ISIC-2017_Training_Part1_GroundTruth\ISIC_0013874_segmentation.png,target_adaptation,false,42
ISIC_0013876,D:\Project_ConvLoRA\ISIC-2017_Training_Data\ISIC_0013876.jpg,true,D:\Project_ConvLoRA\ISIC-2017_Training_Part1_GroundTruth\ISIC_0013876_segmentation.png,target_adaptation,false,42
ISIC_0013886,D:\Project_ConvLoRA\ISIC-2017_Training_Data\ISIC_0013886.jpg,true,D:\Project_ConvLoRA\ISIC-2017_Training_Part1_GroundTruth\ISIC_0013886_segmentation.png,target_adaptation,false,42
ISIC_0013888,D:\Project_ConvLoRA\ISIC-2017_Training_Data\ISIC_0013888.jpg,true,D:\Project_ConvLoRA\ISIC-2017_Training_Part1_GroundTruth\ISIC_0013888_segmentation.png,target_adaptation,false,42
ISIC_0013890,D:\Project_ConvLoRA\ISIC-2017_Training_Data\ISIC_0013890.jpg,true,D:\Project_ConvLoRA\ISIC-2017_Training_Part1_GroundTruth\ISIC_0013890_segmentation.png,target_adaptation,false,42
ISIC_0013896,D:\Project_ConvLoRA\ISIC-2017_Training_Data\ISIC_0013896.jpg,true,D:\Project_ConvLoRA\ISIC-2017_Training_Part1_GroundTruth\ISIC_0013896_segmentation.png,target_adaptation,false,42
ISIC_0013910,D:\Project_ConvLoRA\ISIC-2017_Training_Data\ISIC_0013910.jpg,true,D:\Project_ConvLoRA\ISIC-2017_Training_Part1_GroundTruth\ISIC_0013910_segmentation.png,target_adaptation,false,42
ISIC_0013918,D:\Project_ConvLoRA\ISIC-2017_Training_Data\ISIC_0013918.jpg,true,D:\Project_ConvLoRA\ISIC-2017_Training_Part1_GroundTruth\ISIC_0013918_segmentation.png,target_adaptation,false,42
ISIC_0013922,D:\Project_ConvLoRA\ISIC-2017_Training_Data\ISIC_0013922.jpg,true,D:\Project_ConvLoRA\ISIC-2017_Training_Part1_GroundTruth\ISIC_0013922_segmentation.png,target_adaptation,false,42
ISIC_0013927,D:\Project_ConvLoRA\ISIC-2017_Training_Data\ISIC_0013927.jpg,true,D:\Project_ConvLoRA\ISIC-2017_Training_Part1_GroundTruth\ISIC_0013927_segmentation.png,target_adaptation,false,42
ISIC_0013929,D:\Project_ConvLoRA\ISIC-2017_Training_Data\ISIC_0013929.jpg,true,D:\Project_ConvLoRA\ISIC-2017_Training_Part1_GroundTruth\ISIC_0013929_segmentation.png,target_adaptation,false,42
ISIC_0013933,D:\Project_ConvLoRA\ISIC-2017_Training_Data\ISIC_0013933.jpg,true,D:\Project_ConvLoRA\ISIC-2017_Training_Part1_GroundTruth\ISIC_0013933_segmentation.png,target_adaptation,false,42
ISIC_0013935,D:\Project_ConvLoRA\ISIC-2017_Training_Data\ISIC_0013935.jpg,true,D:\Project_ConvLoRA\ISIC-2017_Training_Part1_GroundTruth\ISIC_0013935_segmentation.png,target_adaptation,false,42
ISIC_0013936,D:\Project_ConvLoRA\ISIC-2017_Training_Data\ISIC_0013936.jpg,true,D:\Project_ConvLoRA\ISIC-2017_Training_Part1_GroundTruth\ISIC_0013936_segmentation.png,target_adaptation,false,42
ISIC_0013942,D:\Project_ConvLoRA\ISIC-2017_Training_Data\ISIC_0013942.jpg,true,D:\Project_ConvLoRA\ISIC-2017_Training_Part1_GroundTruth\ISIC_0013942_segmentation.png,target_adaptation,false,42
ISIC_0013946,D:\Project_ConvLoRA\ISIC-2017_Training_Data\ISIC_0013946.jpg,true,D:\Project_ConvLoRA\ISIC-2017_Training_Part1_GroundTruth\ISIC_0013946_segmentation.png,target_adaptation,false,42
ISIC_0013958,D:\Project_ConvLoRA\ISIC-2017_Training_Data\ISIC_0013958.jpg,true,D:\Project_ConvLoRA\ISIC-2017_Training_Part1_GroundTruth\ISIC_0013958_segmentation.png,target_adaptation,false,42
ISIC_0013962,D:\Project_ConvLoRA\ISIC-2017_Training_Data\ISIC_0013962.jpg,true,D:\Project_ConvLoRA\ISIC-2017_Training_Part1_GroundTruth\ISIC_0013962_segmentation.png,target_adaptation,false,42
ISIC_0013965,D:\Project_ConvLoRA\ISIC-2017_Training_Data\ISIC_0013965.jpg,true,D:\Project_ConvLoRA\ISIC-2017_Training_Part1_GroundTruth\ISIC_0013965_segmentation.png,target_adaptation,false,42
ISIC_0013967,D:\Project_ConvLoRA\ISIC-2017_Training_Data\ISIC_0013967.jpg,true,D:\Project_ConvLoRA\ISIC-2017_Training_Part1_GroundTruth\ISIC_0013967_segmentation.png,target_adaptation,false,42
ISIC_0013969,D:\Project_ConvLoRA\ISIC-2017_Training_Data\ISIC_0013969.jpg,true,D:\Project_ConvLoRA\ISIC-2017_Training_Part1_GroundTruth\ISIC_0013969_segmentation.png,target_adaptation,false,42
ISIC_0013970,D:\Project_ConvLoRA\ISIC-2017_Training_Data\ISIC_0013970.jpg,true,D:\Project_ConvLoRA\ISIC-2017_Training_Part1_GroundTruth\ISIC_0013970_segmentation.png,target_adaptation,false,42
ISIC_0013971,D:\Project_ConvLoRA\ISIC-2017_Training_Data\ISIC_0013971.jpg,true,D:\Project_ConvLoRA\ISIC-2017_Training_Part1_GroundTruth\ISIC_0013971_segmentation.png,target_adaptation,false,42
ISIC_0013972,D:\Project_ConvLoRA\ISIC-2017_Training_Data\ISIC_0013972.jpg,true,D:\Project_ConvLoRA\ISIC-2017_Training_Part1_GroundTruth\ISIC_0013972_segmentation.png,target_adaptation,false,42
ISIC_0013975,D:\Project_ConvLoRA\ISIC-2017_Training_Data\ISIC_0013975.jpg,true,D:\Project_ConvLoRA\ISIC-2017_Training_Part1_GroundTruth\ISIC_0013975_segmentation.png,target_adaptation,false,42
ISIC_0013980,D:\Project_ConvLoRA\ISIC-2017_Training_Data\ISIC_0013980.jpg,true,D:\Project_ConvLoRA\ISIC-2017_Training_Part1_GroundTruth\ISIC_0013980_segmentation.png,target_adaptation,false,42
ISIC_0013981,D:\Project_ConvLoRA\ISIC-2017_Training_Data\ISIC_0013981.jpg,true,D:\Project_ConvLoRA\ISIC-2017_Training_Part1_GroundTruth\ISIC_0013981_segmentation.png,target_adaptation,false,42
ISIC_0013984,D:\Project_ConvLoRA\ISIC-2017_Training_Data\ISIC_0013984.jpg,true,D:\Project_ConvLoRA\ISIC-2017_Training_Part1_GroundTruth\ISIC_0013984_segmentation.png,target_adaptation,false,42
ISIC_0013986,D:\Project_ConvLoRA\ISIC-2017_Training_Data\ISIC_0013986.jpg,true,D:\Project_ConvLoRA\ISIC-2017_Training_Part1_GroundTruth\ISIC_0013986_segmentation.png,target_adaptation,false,42
ISIC_0013995,D:\Project_ConvLoRA\ISIC-2017_Training_Data\ISIC_0013995.jpg,true,D:\Project_ConvLoRA\ISIC-2017_Training_Part1_GroundTruth\ISIC_0013995_segmentation.png,target_adaptation,false,42
ISIC_0013996,D:\Project_ConvLoRA\ISIC-2017_Training_Data\ISIC_0013996.jpg,true,D:\Project_ConvLoRA\ISIC-2017_Training_Part1_GroundTruth\ISIC_0013996_segmentation.png,target_adaptation,false,42
ISIC_0014001,D:\Project_ConvLoRA\ISIC-2017_Training_Data\ISIC_0014001.jpg,true,D:\Project_ConvLoRA\ISIC-2017_Training_Part1_GroundTruth\ISIC_0014001_segmentation.png,target_adaptation,false,42
ISIC_0014004,D:\Project_ConvLoRA\ISIC-2017_Training_Data\ISIC_0014004.jpg,true,D:\Project_ConvLoRA\ISIC-2017_Training_Part1_GroundTruth\ISIC_0014004_segmentation.png,target_adaptation,false,42
ISIC_0014013,D:\Project_ConvLoRA\ISIC-2017_Training_Data\ISIC_0014013.jpg,true,D:\Project_ConvLoRA\ISIC-2017_Training_Part1_GroundTruth\ISIC_0014013_segmentation.png,target_adaptation,false,42
ISIC_0014029,D:\Project_ConvLoRA\ISIC-2017_Training_Data\ISIC_0014029.jpg,true,D:\Project_ConvLoRA\ISIC-2017_Training_Part1_GroundTruth\ISIC_0014029_segmentation.png,target_adaptation,false,42
ISIC_0014031,D:\Project_ConvLoRA\ISIC-2017_Training_Data\ISIC_0014031.jpg,true,D:\Project_ConvLoRA\ISIC-2017_Training_Part1_GroundTruth\ISIC_0014031_segmentation.png,target_adaptation,false,42
ISIC_0014032,D:\Project_ConvLoRA\ISIC-2017_Training_Data\ISIC_0014032.jpg,true,D:\Project_ConvLoRA\ISIC-2017_Training_Part1_GroundTruth\ISIC_0014032_segmentation.png,target_adaptation,false,42
ISIC_0014044,D:\Project_ConvLoRA\ISIC-2017_Training_Data\ISIC_0014044.jpg,true,D:\Project_ConvLoRA\ISIC-2017_Training_Part1_GroundTruth\ISIC_0014044_segmentation.png,target_adaptation,false,42
ISIC_0014045,D:\Project_ConvLoRA\ISIC-2017_Training_Data\ISIC_0014045.jpg,true,D:\Project_ConvLoRA\ISIC-2017_Training_Part1_GroundTruth\ISIC_0014045_segmentation.png,target_adaptation,false,42
ISIC_0014046,D:\Project_ConvLoRA\ISIC-2017_Training_Data\ISIC_0014046.jpg,true,D:\Project_ConvLoRA\ISIC-2017_Training_Part1_GroundTruth\ISIC_0014046_segmentation.png,target_adaptation,false,42
ISIC_0014049,D:\Project_ConvLoRA\ISIC-2017_Training_Data\ISIC_0014049.jpg,true,D:\Project_ConvLoRA\ISIC-2017_Training_Part1_GroundTruth\ISIC_0014049_segmentation.png,target_adaptation,false,42
ISIC_0014061,D:\Project_ConvLoRA\ISIC-2017_Training_Data\ISIC_0014061.jpg,true,D:\Project_ConvLoRA\ISIC-2017_Training_Part1_GroundTruth\ISIC_0014061_segmentation.png,target_adaptation,false,42
ISIC_0014062,D:\Project_ConvLoRA\ISIC-2017_Training_Data\ISIC_0014062.jpg,true,D:\Project_ConvLoRA\ISIC-2017_Training_Part1_GroundTruth\ISIC_0014062_segmentation.png,target_adaptation,false,42
ISIC_0014072,D:\Project_ConvLoRA\ISIC-2017_Training_Data\ISIC_0014072.jpg,true,D:\Project_ConvLoRA\ISIC-2017_Training_Part1_GroundTruth\ISIC_0014072_segmentation.png,target_adaptation,false,42
ISIC_0014073,D:\Project_ConvLoRA\ISIC-2017_Training_Data\ISIC_0014073.jpg,true,D:\Project_ConvLoRA\ISIC-2017_Training_Part1_GroundTruth\ISIC_0014073_segmentation.png,target_adaptation,false,42
ISIC_0014074,D:\Project_ConvLoRA\ISIC-2017_Training_Data\ISIC_0014074.jpg,true,D:\Project_ConvLoRA\ISIC-2017_Training_Part1_GroundTruth\ISIC_0014074_segmentation.png,target_adaptation,false,42
ISIC_0014076,D:\Project_ConvLoRA\ISIC-2017_Training_Data\ISIC_0014076.jpg,true,D:\Project_ConvLoRA\ISIC-2017_Training_Part1_GroundTruth\ISIC_0014076_segmentation.png,target_adaptation,false,42
ISIC_0014079,D:\Project_ConvLoRA\ISIC-2017_Training_Data\ISIC_0014079.jpg,true,D:\Project_ConvLoRA\ISIC-2017_Training_Part1_GroundTruth\ISIC_0014079_segmentation.png,target_adaptation,false,42
ISIC_0014083,D:\Project_ConvLoRA\ISIC-2017_Training_Data\ISIC_0014083.jpg,true,D:\Project_ConvLoRA\ISIC-2017_Training_Part1_GroundTruth\ISIC_0014083_segmentation.png,target_adaptation,false,42
ISIC_0014088,D:\Project_ConvLoRA\ISIC-2017_Training_Data\ISIC_0014088.jpg,true,D:\Project_ConvLoRA\ISIC-2017_Training_Part1_GroundTruth\ISIC_0014088_segmentation.png,target_adaptation,false,42
ISIC_0014089,D:\Project_ConvLoRA\ISIC-2017_Training_Data\ISIC_0014089.jpg,true,D:\Project_ConvLoRA\ISIC-2017_Training_Part1_GroundTruth\ISIC_0014089_segmentation.png,target_adaptation,false,42
ISIC_0014092,D:\Project_ConvLoRA\ISIC-2017_Training_Data\ISIC_0014092.jpg,true,D:\Project_ConvLoRA\ISIC-2017_Training_Part1_GroundTruth\ISIC_0014092_segmentation.png,target_adaptation,false,42
ISIC_0014093,D:\Project_ConvLoRA\ISIC-2017_Training_Data\ISIC_0014093.jpg,true,D:\Project_ConvLoRA\ISIC-2017_Training_Part1_GroundTruth\ISIC_0014093_segmentation.png,target_adaptation,false,42
ISIC_0014094,D:\Project_ConvLoRA\ISIC-2017_Training_Data\ISIC_0014094.jpg,true,D:\Project_ConvLoRA\ISIC-2017_Training_Part1_GroundTruth\ISIC_0014094_segmentation.png,target_adaptation,false,42
ISIC_0014099,D:\Project_ConvLoRA\ISIC-2017_Training_Data\ISIC_0014099.jpg,true,D:\Project_ConvLoRA\ISIC-2017_Training_Part1_GroundTruth\ISIC_0014099_segmentation.png,target_adaptation,false,42
ISIC_0014114,D:\Project_ConvLoRA\ISIC-2017_Training_Data\ISIC_0014114.jpg,true,D:\Project_ConvLoRA\ISIC-2017_Training_Part1_GroundTruth\ISIC_0014114_segmentation.png,target_adaptation,false,42
ISIC_0014127,D:\Project_ConvLoRA\ISIC-2017_Training_Data\ISIC_0014127.jpg,true,D:\Project_ConvLoRA\ISIC-2017_Training_Part1_GroundTruth\ISIC_0014127_segmentation.png,target_adaptation,false,42
ISIC_0014131,D:\Project_ConvLoRA\ISIC-2017_Training_Data\ISIC_0014131.jpg,true,D:\Project_ConvLoRA\ISIC-2017_Training_Part1_GroundTruth\ISIC_0014131_segmentation.png,target_adaptation,false,42
ISIC_0014132,D:\Project_ConvLoRA\ISIC-2017_Training_Data\ISIC_0014132.jpg,true,D:\Project_ConvLoRA\ISIC-2017_Training_Part1_GroundTruth\ISIC_0014132_segmentation.png,target_adaptation,false,42
ISIC_0014133,D:\Project_ConvLoRA\ISIC-2017_Training_Data\ISIC_0014133.jpg,true,D:\Project_ConvLoRA\ISIC-2017_Training_Part1_GroundTruth\ISIC_0014133_segmentation.png,target_adaptation,false,42
ISIC_0014136,D:\Project_ConvLoRA\ISIC-2017_Training_Data\ISIC_0014136.jpg,true,D:\Project_ConvLoRA\ISIC-2017_Training_Part1_GroundTruth\ISIC_0014136_segmentation.png,target_adaptation,false,42
ISIC_0014144,D:\Project_ConvLoRA\ISIC-2017_Training_Data\ISIC_0014144.jpg,true,D:\Project_ConvLoRA\ISIC-2017_Training_Part1_GroundTruth\ISIC_0014144_segmentation.png,target_adaptation,false,42
ISIC_0014149,D:\Project_ConvLoRA\ISIC-2017_Training_Data\ISIC_0014149.jpg,true,D:\Project_ConvLoRA\ISIC-2017_Training_Part1_GroundTruth\ISIC_0014149_segmentation.png,target_adaptation,false,42
ISIC_0014150,D:\Project_ConvLoRA\ISIC-2017_Training_Data\ISIC_0014150.jpg,true,D:\Project_ConvLoRA\ISIC-2017_Training_Part1_GroundTruth\ISIC_0014150_segmentation.png,target_adaptation,false,42
ISIC_0014151,D:\Project_ConvLoRA\ISIC-2017_Training_Data\ISIC_0014151.jpg,true,D:\Project_ConvLoRA\ISIC-2017_Training_Part1_GroundTruth\ISIC_0014151_segmentation.png,target_adaptation,false,42
ISIC_0014157,D:\Project_ConvLoRA\ISIC-2017_Training_Data\ISIC_0014157.jpg,true,D:\Project_ConvLoRA\ISIC-2017_Training_Part1_GroundTruth\ISIC_0014157_segmentation.png,target_adaptation,false,42
ISIC_0014158,D:\Project_ConvLoRA\ISIC-2017_Training_Data\ISIC_0014158.jpg,true,D:\Project_ConvLoRA\ISIC-2017_Training_Part1_GroundTruth\ISIC_0014158_segmentation.png,target_adaptation,false,42
ISIC_0014163,D:\Project_ConvLoRA\ISIC-2017_Training_Data\ISIC_0014163.jpg,true,D:\Project_ConvLoRA\ISIC-2017_Training_Part1_GroundTruth\ISIC_0014163_segmentation.png,target_adaptation,false,42
ISIC_0014164,D:\Project_ConvLoRA\ISIC-2017_Training_Data\ISIC_0014164.jpg,true,D:\Project_ConvLoRA\ISIC-2017_Training_Part1_GroundTruth\ISIC_0014164_segmentation.png,target_adaptation,false,42
ISIC_0014169,D:\Project_ConvLoRA\ISIC-2017_Training_Data\ISIC_0014169.jpg,true,D:\Project_ConvLoRA\ISIC-2017_Training_Part1_GroundTruth\ISIC_0014169_segmentation.png,target_adaptation,false,42
ISIC_0014171,D:\Project_ConvLoRA\ISIC-2017_Training_Data\ISIC_0014171.jpg,true,D:\Project_ConvLoRA\ISIC-2017_Training_Part1_GroundTruth\ISIC_0014171_segmentation.png,target_adaptation,false,42
ISIC_0014173,D:\Project_ConvLoRA\ISIC-2017_Training_Data\ISIC_0014173.jpg,true,D:\Project_ConvLoRA\ISIC-2017_Training_Part1_GroundTruth\ISIC_0014173_segmentation.png,target_adaptation,false,42
ISIC_0014174,D:\Project_ConvLoRA\ISIC-2017_Training_Data\ISIC_0014174.jpg,true,D:\Project_ConvLoRA\ISIC-2017_Training_Part1_GroundTruth\ISIC_0014174_segmentation.png,target_adaptation,false,42
ISIC_0014179,D:\Project_ConvLoRA\ISIC-2017_Training_Data\ISIC_0014179.jpg,true,D:\Project_ConvLoRA\ISIC-2017_Training_Part1_GroundTruth\ISIC_0014179_segmentation.png,target_adaptation,false,42
ISIC_0014183,D:\Project_ConvLoRA\ISIC-2017_Training_Data\ISIC_0014183.jpg,true,D:\Project_ConvLoRA\ISIC-2017_Training_Part1_GroundTruth\ISIC_0014183_segmentation.png,target_adaptation,false,42
ISIC_0014185,D:\Project_ConvLoRA\ISIC-2017_Training_Data\ISIC_0014185.jpg,true,D:\Project_ConvLoRA\ISIC-2017_Training_Part1_GroundTruth\ISIC_0014185_segmentation.png,target_adaptation,false,42
ISIC_0014187,D:\Project_ConvLoRA\ISIC-2017_Training_Data\ISIC_0014187.jpg,true,D:\Project_ConvLoRA\ISIC-2017_Training_Part1_GroundTruth\ISIC_0014187_segmentation.png,target_adaptation,false,42
ISIC_0014189,D:\Project_ConvLoRA\ISIC-2017_Training_Data\ISIC_0014189.jpg,true,D:\Project_ConvLoRA\ISIC-2017_Training_Part1_GroundTruth\ISIC_0014189_segmentation.png,target_adaptation,false,42
ISIC_0014190,D:\Project_ConvLoRA\ISIC-2017_Training_Data\ISIC_0014190.jpg,true,D:\Project_ConvLoRA\ISIC-2017_Training_Part1_GroundTruth\ISIC_0014190_segmentation.png,target_adaptation,false,42
ISIC_0014191,D:\Project_ConvLoRA\ISIC-2017_Training_Data\ISIC_0014191.jpg,true,D:\Project_ConvLoRA\ISIC-2017_Training_Part1_GroundTruth\ISIC_0014191_segmentation.png,target_adaptation,false,42
ISIC_0014195,D:\Project_ConvLoRA\ISIC-2017_Training_Data\ISIC_0014195.jpg,true,D:\Project_ConvLoRA\ISIC-2017_Training_Part1_GroundTruth\ISIC_0014195_segmentation.png,target_adaptation,false,42
ISIC_0014197,D:\Project_ConvLoRA\ISIC-2017_Training_Data\ISIC_0014197.jpg,true,D:\Project_ConvLoRA\ISIC-2017_Training_Part1_GroundTruth\ISIC_0014197_segmentation.png,target_adaptation,false,42
ISIC_0014216,D:\Project_ConvLoRA\ISIC-2017_Training_Data\ISIC_0014216.jpg,true,D:\Project_ConvLoRA\ISIC-2017_Training_Part1_GroundTruth\ISIC_0014216_segmentation.png,target_adaptation,false,42
ISIC_0014222,D:\Project_ConvLoRA\ISIC-2017_Training_Data\ISIC_0014222.jpg,true,D:\Project_ConvLoRA\ISIC-2017_Training_Part1_GroundTruth\ISIC_0014222_segmentation.png,target_adaptation,false,42
ISIC_0014225,D:\Project_ConvLoRA\ISIC-2017_Training_Data\ISIC_0014225.jpg,true,D:\Project_ConvLoRA\ISIC-2017_Training_Part1_GroundTruth\ISIC_0014225_segmentation.png,target_adaptation,false,42
ISIC_0014229,D:\Project_ConvLoRA\ISIC-2017_Training_Data\ISIC_0014229.jpg,true,D:\Project_ConvLoRA\ISIC-2017_Training_Part1_GroundTruth\ISIC_0014229_segmentation.png,target_adaptation,false,42
ISIC_0014238,D:\Project_ConvLoRA\ISIC-2017_Training_Data\ISIC_0014238.jpg,true,D:\Project_ConvLoRA\ISIC-2017_Training_Part1_GroundTruth\ISIC_0014238_segmentation.png,target_adaptation,false,42
ISIC_0014248,D:\Project_ConvLoRA\ISIC-2017_Training_Data\ISIC_0014248.jpg,true,D:\Project_ConvLoRA\ISIC-2017_Training_Part1_GroundTruth\ISIC_0014248_segmentation.png,target_adaptation,false,42
ISIC_0014249,D:\Project_ConvLoRA\ISIC-2017_Training_Data\ISIC_0014249.jpg,true,D:\Project_ConvLoRA\ISIC-2017_Training_Part1_GroundTruth\ISIC_0014249_segmentation.png,target_adaptation,false,42
ISIC_0014264,D:\Project_ConvLoRA\ISIC-2017_Training_Data\ISIC_0014264.jpg,true,D:\Project_ConvLoRA\ISIC-2017_Training_Part1_GroundTruth\ISIC_0014264_segmentation.png,target_adaptation,false,42
ISIC_0014272,D:\Project_ConvLoRA\ISIC-2017_Training_Data\ISIC_0014272.jpg,true,D:\Project_ConvLoRA\ISIC-2017_Training_Part1_GroundTruth\ISIC_0014272_segmentation.png,target_adaptation,false,42
ISIC_0014273,D:\Project_ConvLoRA\ISIC-2017_Training_Data\ISIC_0014273.jpg,true,D:\Project_ConvLoRA\ISIC-2017_Training_Part1_GroundTruth\ISIC_0014273_segmentation.png,target_adaptation,false,42
ISIC_0014274,D:\Project_ConvLoRA\ISIC-2017_Training_Data\ISIC_0014274.jpg,true,D:\Project_ConvLoRA\ISIC-2017_Training_Part1_GroundTruth\ISIC_0014274_segmentation.png,target_adaptation,false,42
ISIC_0014289,D:\Project_ConvLoRA\ISIC-2017_Training_Data\ISIC_0014289.jpg,true,D:\Project_ConvLoRA\ISIC-2017_Training_Part1_GroundTruth\ISIC_0014289_segmentation.png,target_adaptation,false,42
ISIC_0014290,D:\Project_ConvLoRA\ISIC-2017_Training_Data\ISIC_0014290.jpg,true,D:\Project_ConvLoRA\ISIC-2017_Training_Part1_GroundTruth\ISIC_0014290_segmentation.png,target_adaptation,false,42
ISIC_0014291,D:\Project_ConvLoRA\ISIC-2017_Training_Data\ISIC_0014291.jpg,true,D:\Project_ConvLoRA\ISIC-2017_Training_Part1_GroundTruth\ISIC_0014291_segmentation.png,target_adaptation,false,42
ISIC_0014299,D:\Project_ConvLoRA\ISIC-2017_Training_Data\ISIC_0014299.jpg,true,D:\Project_ConvLoRA\ISIC-2017_Training_Part1_GroundTruth\ISIC_0014299_segmentation.png,target_adaptation,false,42
ISIC_0014308,D:\Project_ConvLoRA\ISIC-2017_Training_Data\ISIC_0014308.jpg,true,D:\Project_ConvLoRA\ISIC-2017_Training_Part1_GroundTruth\ISIC_0014308_segmentation.png,target_adaptation,false,42
ISIC_0014311,D:\Project_ConvLoRA\ISIC-2017_Training_Data\ISIC_0014311.jpg,true,D:\Project_ConvLoRA\ISIC-2017_Training_Part1_GroundTruth\ISIC_0014311_segmentation.png,target_adaptation,false,42
ISIC_0014316,D:\Project_ConvLoRA\ISIC-2017_Training_Data\ISIC_0014316.jpg,true,D:\Project_ConvLoRA\ISIC-2017_Training_Part1_GroundTruth\ISIC_0014316_segmentation.png,target_adaptation,false,42
ISIC_0014317,D:\Project_ConvLoRA\ISIC-2017_Training_Data\ISIC_0014317.jpg,true,D:\Project_ConvLoRA\ISIC-2017_Training_Part1_GroundTruth\ISIC_0014317_segmentation.png,target_adaptation,false,42
ISIC_0014324,D:\Project_ConvLoRA\ISIC-2017_Training_Data\ISIC_0014324.jpg,true,D:\Project_ConvLoRA\ISIC-2017_Training_Part1_GroundTruth\ISIC_0014324_segmentation.png,target_adaptation,false,42
ISIC_0014327,D:\Project_ConvLoRA\ISIC-2017_Training_Data\ISIC_0014327.jpg,true,D:\Project_ConvLoRA\ISIC-2017_Training_Part1_GroundTruth\ISIC_0014327_segmentation.png,target_adaptation,false,42
ISIC_0014328,D:\Project_ConvLoRA\ISIC-2017_Training_Data\ISIC_0014328.jpg,true,D:\Project_ConvLoRA\ISIC-2017_Training_Part1_GroundTruth\ISIC_0014328_segmentation.png,target_adaptation,false,42
ISIC_0014331,D:\Project_ConvLoRA\ISIC-2017_Training_Data\ISIC_0014331.jpg,true,D:\Project_ConvLoRA\ISIC-2017_Training_Part1_GroundTruth\ISIC_0014331_segmentation.png,target_adaptation,false,42
ISIC_0014337,D:\Project_ConvLoRA\ISIC-2017_Training_Data\ISIC_0014337.jpg,true,D:\Project_ConvLoRA\ISIC-2017_Training_Part1_GroundTruth\ISIC_0014337_segmentation.png,target_adaptation,false,42
ISIC_0014341,D:\Project_ConvLoRA\ISIC-2017_Training_Data\ISIC_0014341.jpg,true,D:\Project_ConvLoRA\ISIC-2017_Training_Part1_GroundTruth\ISIC_0014341_segmentation.png,target_adaptation,false,42
ISIC_0014346,D:\Project_ConvLoRA\ISIC-2017_Training_Data\ISIC_0014346.jpg,true,D:\Project_ConvLoRA\ISIC-2017_Training_Part1_GroundTruth\ISIC_0014346_segmentation.png,target_adaptation,false,42
ISIC_0014347,D:\Project_ConvLoRA\ISIC-2017_Training_Data\ISIC_0014347.jpg,true,D:\Project_ConvLoRA\ISIC-2017_Training_Part1_GroundTruth\ISIC_0014347_segmentation.png,target_adaptation,false,42
ISIC_0014353,D:\Project_ConvLoRA\ISIC-2017_Training_Data\ISIC_0014353.jpg,true,D:\Project_ConvLoRA\ISIC-2017_Training_Part1_GroundTruth\ISIC_0014353_segmentation.png,target_adaptation,false,42
ISIC_0014357,D:\Project_ConvLoRA\ISIC-2017_Training_Data\ISIC_0014357.jpg,true,D:\Project_ConvLoRA\ISIC-2017_Training_Part1_GroundTruth\ISIC_0014357_segmentation.png,target_adaptation,false,42
ISIC_0014360,D:\Project_ConvLoRA\ISIC-2017_Training_Data\ISIC_0014360.jpg,true,D:\Project_ConvLoRA\ISIC-2017_Training_Part1_GroundTruth\ISIC_0014360_segmentation.png,target_adaptation,false,42
ISIC_0014361,D:\Project_ConvLoRA\ISIC-2017_Training_Data\ISIC_0014361.jpg,true,D:\Project_ConvLoRA\ISIC-2017_Training_Part1_GroundTruth\ISIC_0014361_segmentation.png,target_adaptation,false,42
ISIC_0014366,D:\Project_ConvLoRA\ISIC-2017_Training_Data\ISIC_0014366.jpg,true,D:\Project_ConvLoRA\ISIC-2017_Training_Part1_GroundTruth\ISIC_0014366_segmentation.png,target_adaptation,false,42
ISIC_0014372,D:\Project_ConvLoRA\ISIC-2017_Training_Data\ISIC_0014372.jpg,true,D:\Project_ConvLoRA\ISIC-2017_Training_Part1_GroundTruth\ISIC_0014372_segmentation.png,target_adaptation,false,42
ISIC_0014393,D:\Project_ConvLoRA\ISIC-2017_Training_Data\ISIC_0014393.jpg,true,D:\Project_ConvLoRA\ISIC-2017_Training_Part1_GroundTruth\ISIC_0014393_segmentation.png,target_adaptation,false,42
ISIC_0014394,D:\Project_ConvLoRA\ISIC-2017_Training_Data\ISIC_0014394.jpg,true,D:\Project_ConvLoRA\ISIC-2017_Training_Part1_GroundTruth\ISIC_0014394_segmentation.png,target_adaptation,false,42
ISIC_0014395,D:\Project_ConvLoRA\ISIC-2017_Training_Data\ISIC_0014395.jpg,true,D:\Project_ConvLoRA\ISIC-2017_Training_Part1_GroundTruth\ISIC_0014395_segmentation.png,target_adaptation,false,42
ISIC_0014397,D:\Project_ConvLoRA\ISIC-2017_Training_Data\ISIC_0014397.jpg,true,D:\Project_ConvLoRA\ISIC-2017_Training_Part1_GroundTruth\ISIC_0014397_segmentation.png,target_adaptation,false,42
ISIC_0014410,D:\Project_ConvLoRA\ISIC-2017_Training_Data\ISIC_0014410.jpg,true,D:\Project_ConvLoRA\ISIC-2017_Training_Part1_GroundTruth\ISIC_0014410_segmentation.png,target_adaptation,false,42
ISIC_0014422,D:\Project_ConvLoRA\ISIC-2017_Training_Data\ISIC_0014422.jpg,true,D:\Project_ConvLoRA\ISIC-2017_Training_Part1_GroundTruth\ISIC_0014422_segmentation.png,target_adaptation,false,42
ISIC_0014430,D:\Project_ConvLoRA\ISIC-2017_Training_Data\ISIC_0014430.jpg,true,D:\Project_ConvLoRA\ISIC-2017_Training_Part1_GroundTruth\ISIC_0014430_segmentation.png,target_adaptation,false,42
ISIC_0014431,D:\Project_ConvLoRA\ISIC-2017_Training_Data\ISIC_0014431.jpg,true,D:\Project_ConvLoRA\ISIC-2017_Training_Part1_GroundTruth\ISIC_0014431_segmentation.png,target_adaptation,false,42
ISIC_0014433,D:\Project_ConvLoRA\ISIC-2017_Training_Data\ISIC_0014433.jpg,true,D:\Project_ConvLoRA\ISIC-2017_Training_Part1_GroundTruth\ISIC_0014433_segmentation.png,target_adaptation,false,42
ISIC_0014438,D:\Project_ConvLoRA\ISIC-2017_Training_Data\ISIC_0014438.jpg,true,D:\Project_ConvLoRA\ISIC-2017_Training_Part1_GroundTruth\ISIC_0014438_segmentation.png,target_adaptation,false,42
ISIC_0014440,D:\Project_ConvLoRA\ISIC-2017_Training_Data\ISIC_0014440.jpg,true,D:\Project_ConvLoRA\ISIC-2017_Training_Part1_GroundTruth\ISIC_0014440_segmentation.png,target_adaptation,false,42
ISIC_0014441,D:\Project_ConvLoRA\ISIC-2017_Training_Data\ISIC_0014441.jpg,true,D:\Project_ConvLoRA\ISIC-2017_Training_Part1_GroundTruth\ISIC_0014441_segmentation.png,target_adaptation,false,42
ISIC_0014458,D:\Project_ConvLoRA\ISIC-2017_Training_Data\ISIC_0014458.jpg,true,D:\Project_ConvLoRA\ISIC-2017_Training_Part1_GroundTruth\ISIC_0014458_segmentation.png,target_adaptation,false,42
ISIC_0014469,D:\Project_ConvLoRA\ISIC-2017_Training_Data\ISIC_0014469.jpg,true,D:\Project_ConvLoRA\ISIC-2017_Training_Part1_GroundTruth\ISIC_0014469_segmentation.png,target_adaptation,false,42
ISIC_0014473,D:\Project_ConvLoRA\ISIC-2017_Training_Data\ISIC_0014473.jpg,true,D:\Project_ConvLoRA\ISIC-2017_Training_Part1_GroundTruth\ISIC_0014473_segmentation.png,target_adaptation,false,42
ISIC_0014476,D:\Project_ConvLoRA\ISIC-2017_Training_Data\ISIC_0014476.jpg,true,D:\Project_ConvLoRA\ISIC-2017_Training_Part1_GroundTruth\ISIC_0014476_segmentation.png,target_adaptation,false,42
ISIC_0014480,D:\Project_ConvLoRA\ISIC-2017_Training_Data\ISIC_0014480.jpg,true,D:\Project_ConvLoRA\ISIC-2017_Training_Part1_GroundTruth\ISIC_0014480_segmentation.png,target_adaptation,false,42
ISIC_0014486,D:\Project_ConvLoRA\ISIC-2017_Training_Data\ISIC_0014486.jpg,true,D:\Project_ConvLoRA\ISIC-2017_Training_Part1_GroundTruth\ISIC_0014486_segmentation.png,target_adaptation,false,42
ISIC_0014490,D:\Project_ConvLoRA\ISIC-2017_Training_Data\ISIC_0014490.jpg,true,D:\Project_ConvLoRA\ISIC-2017_Training_Part1_GroundTruth\ISIC_0014490_segmentation.png,target_adaptation,false,42
ISIC_0014498,D:\Project_ConvLoRA\ISIC-2017_Training_Data\ISIC_0014498.jpg,true,D:\Project_ConvLoRA\ISIC-2017_Training_Part1_GroundTruth\ISIC_0014498_segmentation.png,target_adaptation,false,42
ISIC_0014501,D:\Project_ConvLoRA\ISIC-2017_Training_Data\ISIC_0014501.jpg,true,D:\Project_ConvLoRA\ISIC-2017_Training_Part1_GroundTruth\ISIC_0014501_segmentation.png,target_adaptation,false,42
ISIC_0014502,D:\Project_ConvLoRA\ISIC-2017_Training_Data\ISIC_0014502.jpg,true,D:\Project_ConvLoRA\ISIC-2017_Training_Part1_GroundTruth\ISIC_0014502_segmentation.png,target_adaptation,false,42
ISIC_0014504,D:\Project_ConvLoRA\ISIC-2017_Training_Data\ISIC_0014504.jpg,true,D:\Project_ConvLoRA\ISIC-2017_Training_Part1_GroundTruth\ISIC_0014504_segmentation.png,target_adaptation,false,42
ISIC_0014511,D:\Project_ConvLoRA\ISIC-2017_Training_Data\ISIC_0014511.jpg,true,D:\Project_ConvLoRA\ISIC-2017_Training_Part1_GroundTruth\ISIC_0014511_segmentation.png,target_adaptation,false,42
ISIC_0014515,D:\Project_ConvLoRA\ISIC-2017_Training_Data\ISIC_0014515.jpg,true,D:\Project_ConvLoRA\ISIC-2017_Training_Part1_GroundTruth\ISIC_0014515_segmentation.png,target_adaptation,false,42
ISIC_0014522,D:\Project_ConvLoRA\ISIC-2017_Training_Data\ISIC_0014522.jpg,true,D:\Project_ConvLoRA\ISIC-2017_Training_Part1_GroundTruth\ISIC_0014522_segmentation.png,target_adaptation,false,42
ISIC_0014525,D:\Project_ConvLoRA\ISIC-2017_Training_Data\ISIC_0014525.jpg,true,D:\Project_ConvLoRA\ISIC-2017_Training_Part1_GroundTruth\ISIC_0014525_segmentation.png,target_adaptation,false,42
ISIC_0014529,D:\Project_ConvLoRA\ISIC-2017_Training_Data\ISIC_0014529.jpg,true,D:\Project_ConvLoRA\ISIC-2017_Training_Part1_GroundTruth\ISIC_0014529_segmentation.png,target_adaptation,false,42
ISIC_0014537,D:\Project_ConvLoRA\ISIC-2017_Training_Data\ISIC_0014537.jpg,true,D:\Project_ConvLoRA\ISIC-2017_Training_Part1_GroundTruth\ISIC_0014537_segmentation.png,target_adaptation,false,42
ISIC_0014543,D:\Project_ConvLoRA\ISIC-2017_Training_Data\ISIC_0014543.jpg,true,D:\Project_ConvLoRA\ISIC-2017_Training_Part1_GroundTruth\ISIC_0014543_segmentation.png,target_adaptation,false,42
ISIC_0014545,D:\Project_ConvLoRA\ISIC-2017_Training_Data\ISIC_0014545.jpg,true,D:\Project_ConvLoRA\ISIC-2017_Training_Part1_GroundTruth\ISIC_0014545_segmentation.png,target_adaptation,false,42
ISIC_0014547,D:\Project_ConvLoRA\ISIC-2017_Training_Data\ISIC_0014547.jpg,true,D:\Project_ConvLoRA\ISIC-2017_Training_Part1_GroundTruth\ISIC_0014547_segmentation.png,target_adaptation,false,42
ISIC_0014554,D:\Project_ConvLoRA\ISIC-2017_Training_Data\ISIC_0014554.jpg,true,D:\Project_ConvLoRA\ISIC-2017_Training_Part1_GroundTruth\ISIC_0014554_segmentation.png,target_adaptation,false,42
ISIC_0014557,D:\Project_ConvLoRA\ISIC-2017_Training_Data\ISIC_0014557.jpg,true,D:\Project_ConvLoRA\ISIC-2017_Training_Part1_GroundTruth\ISIC_0014557_segmentation.png,target_adaptation,false,42
ISIC_0014570,D:\Project_ConvLoRA\ISIC-2017_Training_Data\ISIC_0014570.jpg,true,D:\Project_ConvLoRA\ISIC-2017_Training_Part1_GroundTruth\ISIC_0014570_segmentation.png,target_adaptation,false,42
ISIC_0014571,D:\Project_ConvLoRA\ISIC-2017_Training_Data\ISIC_0014571.jpg,true,D:\Project_ConvLoRA\ISIC-2017_Training_Part1_GroundTruth\ISIC_0014571_segmentation.png,target_adaptation,false,42
ISIC_0014573,D:\Project_ConvLoRA\ISIC-2017_Training_Data\ISIC_0014573.jpg,true,D:\Project_ConvLoRA\ISIC-2017_Training_Part1_GroundTruth\ISIC_0014573_segmentation.png,target_adaptation,false,42
ISIC_0014576,D:\Project_ConvLoRA\ISIC-2017_Training_Data\ISIC_0014576.jpg,true,D:\Project_ConvLoRA\ISIC-2017_Training_Part1_GroundTruth\ISIC_0014576_segmentation.png,target_adaptation,false,42
ISIC_0014577,D:\Project_ConvLoRA\ISIC-2017_Training_Data\ISIC_0014577.jpg,true,D:\Project_ConvLoRA\ISIC-2017_Training_Part1_GroundTruth\ISIC_0014577_segmentation.png,target_adaptation,false,42
ISIC_0014578,D:\Project_ConvLoRA\ISIC-2017_Training_Data\ISIC_0014578.jpg,true,D:\Project_ConvLoRA\ISIC-2017_Training_Part1_GroundTruth\ISIC_0014578_segmentation.png,target_adaptation,false,42
ISIC_0014579,D:\Project_ConvLoRA\ISIC-2017_Training_Data\ISIC_0014579.jpg,true,D:\Project_ConvLoRA\ISIC-2017_Training_Part1_GroundTruth\ISIC_0014579_segmentation.png,target_adaptation,false,42
ISIC_0014580,D:\Project_ConvLoRA\ISIC-2017_Training_Data\ISIC_0014580.jpg,true,D:\Project_ConvLoRA\ISIC-2017_Training_Part1_GroundTruth\ISIC_0014580_segmentation.png,target_adaptation,false,42
ISIC_0014581,D:\Project_ConvLoRA\ISIC-2017_Training_Data\ISIC_0014581.jpg,true,D:\Project_ConvLoRA\ISIC-2017_Training_Part1_GroundTruth\ISIC_0014581_segmentation.png,target_adaptation,false,42
ISIC_0014585,D:\Project_ConvLoRA\ISIC-2017_Training_Data\ISIC_0014585.jpg,true,D:\Project_ConvLoRA\ISIC-2017_Training_Part1_GroundTruth\ISIC_0014585_segmentation.png,target_adaptation,false,42
ISIC_0014589,D:\Project_ConvLoRA\ISIC-2017_Training_Data\ISIC_0014589.jpg,true,D:\Project_ConvLoRA\ISIC-2017_Training_Part1_GroundTruth\ISIC_0014589_segmentation.png,target_adaptation,false,42
ISIC_0014592,D:\Project_ConvLoRA\ISIC-2017_Training_Data\ISIC_0014592.jpg,true,D:\Project_ConvLoRA\ISIC-2017_Training_Part1_GroundTruth\ISIC_0014592_segmentation.png,target_adaptation,false,42
ISIC_0014593,D:\Project_ConvLoRA\ISIC-2017_Training_Data\ISIC_0014593.jpg,true,D:\Project_ConvLoRA\ISIC-2017_Training_Part1_GroundTruth\ISIC_0014593_segmentation.png,target_adaptation,false,42
ISIC_0014595,D:\Project_ConvLoRA\ISIC-2017_Training_Data\ISIC_0014595.jpg,true,D:\Project_ConvLoRA\ISIC-2017_Training_Part1_GroundTruth\ISIC_0014595_segmentation.png,target_adaptation,false,42
ISIC_0014596,D:\Project_ConvLoRA\ISIC-2017_Training_Data\ISIC_0014596.jpg,true,D:\Project_ConvLoRA\ISIC-2017_Training_Part1_GroundTruth\ISIC_0014596_segmentation.png,target_adaptation,false,42
ISIC_0014598,D:\Project_ConvLoRA\ISIC-2017_Training_Data\ISIC_0014598.jpg,true,D:\Project_ConvLoRA\ISIC-2017_Training_Part1_GroundTruth\ISIC_0014598_segmentation.png,target_adaptation,false,42
ISIC_0014602,D:\Project_ConvLoRA\ISIC-2017_Training_Data\ISIC_0014602.jpg,true,D:\Project_ConvLoRA\ISIC-2017_Training_Part1_GroundTruth\ISIC_0014602_segmentation.png,target_adaptation,false,42
ISIC_0014603,D:\Project_ConvLoRA\ISIC-2017_Training_Data\ISIC_0014603.jpg,true,D:\Project_ConvLoRA\ISIC-2017_Training_Part1_GroundTruth\ISIC_0014603_segmentation.png,target_adaptation,false,42
ISIC_0014606,D:\Project_ConvLoRA\ISIC-2017_Training_Data\ISIC_0014606.jpg,true,D:\Project_ConvLoRA\ISIC-2017_Training_Part1_GroundTruth\ISIC_0014606_segmentation.png,target_adaptation,false,42
ISIC_0014607,D:\Project_ConvLoRA\ISIC-2017_Training_Data\ISIC_0014607.jpg,true,D:\Project_ConvLoRA\ISIC-2017_Training_Part1_GroundTruth\ISIC_0014607_segmentation.png,target_adaptation,false,42
ISIC_0014609,D:\Project_ConvLoRA\ISIC-2017_Training_Data\ISIC_0014609.jpg,true,D:\Project_ConvLoRA\ISIC-2017_Training_Part1_GroundTruth\ISIC_0014609_segmentation.png,target_adaptation,false,42
ISIC_0014612,D:\Project_ConvLoRA\ISIC-2017_Training_Data\ISIC_0014612.jpg,true,D:\Project_ConvLoRA\ISIC-2017_Training_Part1_GroundTruth\ISIC_0014612_segmentation.png,target_adaptation,false,42
ISIC_0014617,D:\Project_ConvLoRA\ISIC-2017_Training_Data\ISIC_0014617.jpg,true,D:\Project_ConvLoRA\ISIC-2017_Training_Part1_GroundTruth\ISIC_0014617_segmentation.png,target_adaptation,false,42
ISIC_0014621,D:\Project_ConvLoRA\ISIC-2017_Training_Data\ISIC_0014621.jpg,true,D:\Project_ConvLoRA\ISIC-2017_Training_Part1_GroundTruth\ISIC_0014621_segmentation.png,target_adaptation,false,42
ISIC_0014622,D:\Project_ConvLoRA\ISIC-2017_Training_Data\ISIC_0014622.jpg,true,D:\Project_ConvLoRA\ISIC-2017_Training_Part1_GroundTruth\ISIC_0014622_segmentation.png,target_adaptation,false,42
ISIC_0014630,D:\Project_ConvLoRA\ISIC-2017_Training_Data\ISIC_0014630.jpg,true,D:\Project_ConvLoRA\ISIC-2017_Training_Part1_GroundTruth\ISIC_0014630_segmentation.png,target_adaptation,false,42
ISIC_0014632,D:\Project_ConvLoRA\ISIC-2017_Training_Data\ISIC_0014632.jpg,true,D:\Project_ConvLoRA\ISIC-2017_Training_Part1_GroundTruth\ISIC_0014632_segmentation.png,target_adaptation,false,42
ISIC_0014636,D:\Project_ConvLoRA\ISIC-2017_Training_Data\ISIC_0014636.jpg,true,D:\Project_ConvLoRA\ISIC-2017_Training_Part1_GroundTruth\ISIC_0014636_segmentation.png,target_adaptation,false,42
ISIC_0014638,D:\Project_ConvLoRA\ISIC-2017_Training_Data\ISIC_0014638.jpg,true,D:\Project_ConvLoRA\ISIC-2017_Training_Part1_GroundTruth\ISIC_0014638_segmentation.png,target_adaptation,false,42
ISIC_0014639,D:\Project_ConvLoRA\ISIC-2017_Training_Data\ISIC_0014639.jpg,true,D:\Project_ConvLoRA\ISIC-2017_Training_Part1_GroundTruth\ISIC_0014639_segmentation.png,target_adaptation,false,42
ISIC_0014640,D:\Project_ConvLoRA\ISIC-2017_Training_Data\ISIC_0014640.jpg,true,D:\Project_ConvLoRA\ISIC-2017_Training_Part1_GroundTruth\ISIC_0014640_segmentation.png,target_adaptation,false,42
ISIC_0014641,D:\Project_ConvLoRA\ISIC-2017_Training_Data\ISIC_0014641.jpg,true,D:\Project_ConvLoRA\ISIC-2017_Training_Part1_GroundTruth\ISIC_0014641_segmentation.png,target_adaptation,false,42
ISIC_0014642,D:\Project_ConvLoRA\ISIC-2017_Training_Data\ISIC_0014642.jpg,true,D:\Project_ConvLoRA\ISIC-2017_Training_Part1_GroundTruth\ISIC_0014642_segmentation.png,target_adaptation,false,42
ISIC_0014646,D:\Project_ConvLoRA\ISIC-2017_Training_Data\ISIC_0014646.jpg,true,D:\Project_ConvLoRA\ISIC-2017_Training_Part1_GroundTruth\ISIC_0014646_segmentation.png,target_adaptation,false,42
ISIC_0014650,D:\Project_ConvLoRA\ISIC-2017_Training_Data\ISIC_0014650.jpg,true,D:\Project_ConvLoRA\ISIC-2017_Training_Part1_GroundTruth\ISIC_0014650_segmentation.png,target_adaptation,false,42
ISIC_0014651,D:\Project_ConvLoRA\ISIC-2017_Training_Data\ISIC_0014651.jpg,true,D:\Project_ConvLoRA\ISIC-2017_Training_Part1_GroundTruth\ISIC_0014651_segmentation.png,target_adaptation,false,42
ISIC_0014657,D:\Project_ConvLoRA\ISIC-2017_Training_Data\ISIC_0014657.jpg,true,D:\Project_ConvLoRA\ISIC-2017_Training_Part1_GroundTruth\ISIC_0014657_segmentation.png,target_adaptation,false,42
ISIC_0014661,D:\Project_ConvLoRA\ISIC-2017_Training_Data\ISIC_0014661.jpg,true,D:\Project_ConvLoRA\ISIC-2017_Training_Part1_GroundTruth\ISIC_0014661_segmentation.png,target_adaptation,false,42
ISIC_0014664,D:\Project_ConvLoRA\ISIC-2017_Training_Data\ISIC_0014664.jpg,true,D:\Project_ConvLoRA\ISIC-2017_Training_Part1_GroundTruth\ISIC_0014664_segmentation.png,target_adaptation,false,42
ISIC_0014665,D:\Project_ConvLoRA\ISIC-2017_Training_Data\ISIC_0014665.jpg,true,D:\Project_ConvLoRA\ISIC-2017_Training_Part1_GroundTruth\ISIC_0014665_segmentation.png,target_adaptation,false,42
ISIC_0014667,D:\Project_ConvLoRA\ISIC-2017_Training_Data\ISIC_0014667.jpg,true,D:\Project_ConvLoRA\ISIC-2017_Training_Part1_GroundTruth\ISIC_0014667_segmentation.png,target_adaptation,false,42
ISIC_0014680,D:\Project_ConvLoRA\ISIC-2017_Training_Data\ISIC_0014680.jpg,true,D:\Project_ConvLoRA\ISIC-2017_Training_Part1_GroundTruth\ISIC_0014680_segmentation.png,target_adaptation,false,42
ISIC_0014682,D:\Project_ConvLoRA\ISIC-2017_Training_Data\ISIC_0014682.jpg,true,D:\Project_ConvLoRA\ISIC-2017_Training_Part1_GroundTruth\ISIC_0014682_segmentation.png,target_adaptation,false,42
ISIC_0014683,D:\Project_ConvLoRA\ISIC-2017_Training_Data\ISIC_0014683.jpg,true,D:\Project_ConvLoRA\ISIC-2017_Training_Part1_GroundTruth\ISIC_0014683_segmentation.png,target_adaptation,false,42
ISIC_0014684,D:\Project_ConvLoRA\ISIC-2017_Training_Data\ISIC_0014684.jpg,true,D:\Project_ConvLoRA\ISIC-2017_Training_Part1_GroundTruth\ISIC_0014684_segmentation.png,target_adaptation,false,42
ISIC_0014685,D:\Project_ConvLoRA\ISIC-2017_Training_Data\ISIC_0014685.jpg,true,D:\Project_ConvLoRA\ISIC-2017_Training_Part1_GroundTruth\ISIC_0014685_segmentation.png,target_adaptation,false,42
ISIC_0014692,D:\Project_ConvLoRA\ISIC-2017_Training_Data\ISIC_0014692.jpg,true,D:\Project_ConvLoRA\ISIC-2017_Training_Part1_GroundTruth\ISIC_0014692_segmentation.png,target_adaptation,false,42
ISIC_0014694,D:\Project_ConvLoRA\ISIC-2017_Training_Data\ISIC_0014694.jpg,true,D:\Project_ConvLoRA\ISIC-2017_Training_Part1_GroundTruth\ISIC_0014694_segmentation.png,target_adaptation,false,42
ISIC_0014699,D:\Project_ConvLoRA\ISIC-2017_Training_Data\ISIC_0014699.jpg,true,D:\Project_ConvLoRA\ISIC-2017_Training_Part1_GroundTruth\ISIC_0014699_segmentation.png,target_adaptation,false,42
ISIC_0014702,D:\Project_ConvLoRA\ISIC-2017_Training_Data\ISIC_0014702.jpg,true,D:\Project_ConvLoRA\ISIC-2017_Training_Part1_GroundTruth\ISIC_0014702_segmentation.png,target_adaptation,false,42
ISIC_0014708,D:\Project_ConvLoRA\ISIC-2017_Training_Data\ISIC_0014708.jpg,true,D:\Project_ConvLoRA\ISIC-2017_Training_Part1_GroundTruth\ISIC_0014708_segmentation.png,target_adaptation,false,42
ISIC_0014711,D:\Project_ConvLoRA\ISIC-2017_Training_Data\ISIC_0014711.jpg,true,D:\Project_ConvLoRA\ISIC-2017_Training_Part1_GroundTruth\ISIC_0014711_segmentation.png,target_adaptation,false,42
ISIC_0014713,D:\Project_ConvLoRA\ISIC-2017_Training_Data\ISIC_0014713.jpg,true,D:\Project_ConvLoRA\ISIC-2017_Training_Part1_GroundTruth\ISIC_0014713_segmentation.png,target_adaptation,false,42
ISIC_0014714,D:\Project_ConvLoRA\ISIC-2017_Training_Data\ISIC_0014714.jpg,true,D:\Project_ConvLoRA\ISIC-2017_Training_Part1_GroundTruth\ISIC_0014714_segmentation.png,target_adaptation,false,42
ISIC_0014715,D:\Project_ConvLoRA\ISIC-2017_Training_Data\ISIC_0014715.jpg,true,D:\Project_ConvLoRA\ISIC-2017_Training_Part1_GroundTruth\ISIC_0014715_segmentation.png,target_adaptation,false,42
ISIC_0014716,D:\Project_ConvLoRA\ISIC-2017_Training_Data\ISIC_0014716.jpg,true,D:\Project_ConvLoRA\ISIC-2017_Training_Part1_GroundTruth\ISIC_0014716_segmentation.png,target_adaptation,false,42
ISIC_0014723,D:\Project_ConvLoRA\ISIC-2017_Training_Data\ISIC_0014723.jpg,true,D:\Project_ConvLoRA\ISIC-2017_Training_Part1_GroundTruth\ISIC_0014723_segmentation.png,target_adaptation,false,42
ISIC_0014726,D:\Project_ConvLoRA\ISIC-2017_Training_Data\ISIC_0014726.jpg,true,D:\Project_ConvLoRA\ISIC-2017_Training_Part1_GroundTruth\ISIC_0014726_segmentation.png,target_adaptation,false,42
ISIC_0014730,D:\Project_ConvLoRA\ISIC-2017_Training_Data\ISIC_0014730.jpg,true,D:\Project_ConvLoRA\ISIC-2017_Training_Part1_GroundTruth\ISIC_0014730_segmentation.png,target_adaptation,false,42
ISIC_0014731,D:\Project_ConvLoRA\ISIC-2017_Training_Data\ISIC_0014731.jpg,true,D:\Project_ConvLoRA\ISIC-2017_Training_Part1_GroundTruth\ISIC_0014731_segmentation.png,target_adaptation,false,42
ISIC_0014735,D:\Project_ConvLoRA\ISIC-2017_Training_Data\ISIC_0014735.jpg,true,D:\Project_ConvLoRA\ISIC-2017_Training_Part1_GroundTruth\ISIC_0014735_segmentation.png,target_adaptation,false,42
ISIC_0014739,D:\Project_ConvLoRA\ISIC-2017_Training_Data\ISIC_0014739.jpg,true,D:\Project_ConvLoRA\ISIC-2017_Training_Part1_GroundTruth\ISIC_0014739_segmentation.png,target_adaptation,false,42
ISIC_0014742,D:\Project_ConvLoRA\ISIC-2017_Training_Data\ISIC_0014742.jpg,true,D:\Project_ConvLoRA\ISIC-2017_Training_Part1_GroundTruth\ISIC_0014742_segmentation.png,target_adaptation,false,42
ISIC_0014748,D:\Project_ConvLoRA\ISIC-2017_Training_Data\ISIC_0014748.jpg,true,D:\Project_ConvLoRA\ISIC-2017_Training_Part1_GroundTruth\ISIC_0014748_segmentation.png,target_adaptation,false,42
ISIC_0014760,D:\Project_ConvLoRA\ISIC-2017_Training_Data\ISIC_0014760.jpg,true,D:\Project_ConvLoRA\ISIC-2017_Training_Part1_GroundTruth\ISIC_0014760_segmentation.png,target_adaptation,false,42
ISIC_0014762,D:\Project_ConvLoRA\ISIC-2017_Training_Data\ISIC_0014762.jpg,true,D:\Project_ConvLoRA\ISIC-2017_Training_Part1_GroundTruth\ISIC_0014762_segmentation.png,target_adaptation,false,42
ISIC_0014763,D:\Project_ConvLoRA\ISIC-2017_Training_Data\ISIC_0014763.jpg,true,D:\Project_ConvLoRA\ISIC-2017_Training_Part1_GroundTruth\ISIC_0014763_segmentation.png,target_adaptation,false,42
ISIC_0014769,D:\Project_ConvLoRA\ISIC-2017_Training_Data\ISIC_0014769.jpg,true,D:\Project_ConvLoRA\ISIC-2017_Training_Part1_GroundTruth\ISIC_0014769_segmentation.png,target_adaptation,false,42
ISIC_0014770,D:\Project_ConvLoRA\ISIC-2017_Training_Data\ISIC_0014770.jpg,true,D:\Project_ConvLoRA\ISIC-2017_Training_Part1_GroundTruth\ISIC_0014770_segmentation.png,target_adaptation,false,42
ISIC_0014771,D:\Project_ConvLoRA\ISIC-2017_Training_Data\ISIC_0014771.jpg,true,D:\Project_ConvLoRA\ISIC-2017_Training_Part1_GroundTruth\ISIC_0014771_segmentation.png,target_adaptation,false,42
ISIC_0014778,D:\Project_ConvLoRA\ISIC-2017_Training_Data\ISIC_0014778.jpg,true,D:\Project_ConvLoRA\ISIC-2017_Training_Part1_GroundTruth\ISIC_0014778_segmentation.png,target_adaptation,false,42
ISIC_0014779,D:\Project_ConvLoRA\ISIC-2017_Training_Data\ISIC_0014779.jpg,true,D:\Project_ConvLoRA\ISIC-2017_Training_Part1_GroundTruth\ISIC_0014779_segmentation.png,target_adaptation,false,42
ISIC_0014785,D:\Project_ConvLoRA\ISIC-2017_Training_Data\ISIC_0014785.jpg,true,D:\Project_ConvLoRA\ISIC-2017_Training_Part1_GroundTruth\ISIC_0014785_segmentation.png,target_adaptation,false,42
ISIC_0014788,D:\Project_ConvLoRA\ISIC-2017_Training_Data\ISIC_0014788.jpg,true,D:\Project_ConvLoRA\ISIC-2017_Training_Part1_GroundTruth\ISIC_0014788_segmentation.png,target_adaptation,false,42
ISIC_0014791,D:\Project_ConvLoRA\ISIC-2017_Training_Data\ISIC_0014791.jpg,true,D:\Project_ConvLoRA\ISIC-2017_Training_Part1_GroundTruth\ISIC_0014791_segmentation.png,target_adaptation,false,42
ISIC_0014793,D:\Project_ConvLoRA\ISIC-2017_Training_Data\ISIC_0014793.jpg,true,D:\Project_ConvLoRA\ISIC-2017_Training_Part1_GroundTruth\ISIC_0014793_segmentation.png,target_adaptation,false,42
ISIC_0014794,D:\Project_ConvLoRA\ISIC-2017_Training_Data\ISIC_0014794.jpg,true,D:\Project_ConvLoRA\ISIC-2017_Training_Part1_GroundTruth\ISIC_0014794_segmentation.png,target_adaptation,false,42
ISIC_0014795,D:\Project_ConvLoRA\ISIC-2017_Training_Data\ISIC_0014795.jpg,true,D:\Project_ConvLoRA\ISIC-2017_Training_Part1_GroundTruth\ISIC_0014795_segmentation.png,target_adaptation,false,42
ISIC_0014797,D:\Project_ConvLoRA\ISIC-2017_Training_Data\ISIC_0014797.jpg,true,D:\Project_ConvLoRA\ISIC-2017_Training_Part1_GroundTruth\ISIC_0014797_segmentation.png,target_adaptation,false,42
ISIC_0014802,D:\Project_ConvLoRA\ISIC-2017_Training_Data\ISIC_0014802.jpg,true,D:\Project_ConvLoRA\ISIC-2017_Training_Part1_GroundTruth\ISIC_0014802_segmentation.png,target_adaptation,false,42
ISIC_0014803,D:\Project_ConvLoRA\ISIC-2017_Training_Data\ISIC_0014803.jpg,true,D:\Project_ConvLoRA\ISIC-2017_Training_Part1_GroundTruth\ISIC_0014803_segmentation.png,target_adaptation,false,42
ISIC_0014804,D:\Project_ConvLoRA\ISIC-2017_Training_Data\ISIC_0014804.jpg,true,D:\Project_ConvLoRA\ISIC-2017_Training_Part1_GroundTruth\ISIC_0014804_segmentation.png,target_adaptation,false,42
ISIC_0014805,D:\Project_ConvLoRA\ISIC-2017_Training_Data\ISIC_0014805.jpg,true,D:\Project_ConvLoRA\ISIC-2017_Training_Part1_GroundTruth\ISIC_0014805_segmentation.png,target_adaptation,false,42
ISIC_0014806,D:\Project_ConvLoRA\ISIC-2017_Training_Data\ISIC_0014806.jpg,true,D:\Project_ConvLoRA\ISIC-2017_Training_Part1_GroundTruth\ISIC_0014806_segmentation.png,target_adaptation,false,42
ISIC_0014812,D:\Project_ConvLoRA\ISIC-2017_Training_Data\ISIC_0014812.jpg,true,D:\Project_ConvLoRA\ISIC-2017_Training_Part1_GroundTruth\ISIC_0014812_segmentation.png,target_adaptation,false,42
ISIC_0014818,D:\Project_ConvLoRA\ISIC-2017_Training_Data\ISIC_0014818.jpg,true,D:\Project_ConvLoRA\ISIC-2017_Training_Part1_GroundTruth\ISIC_0014818_segmentation.png,target_adaptation,false,42
ISIC_0014819,D:\Project_ConvLoRA\ISIC-2017_Training_Data\ISIC_0014819.jpg,true,D:\Project_ConvLoRA\ISIC-2017_Training_Part1_GroundTruth\ISIC_0014819_segmentation.png,target_adaptation,false,42
ISIC_0014821,D:\Project_ConvLoRA\ISIC-2017_Training_Data\ISIC_0014821.jpg,true,D:\Project_ConvLoRA\ISIC-2017_Training_Part1_GroundTruth\ISIC_0014821_segmentation.png,target_adaptation,false,42
ISIC_0014823,D:\Project_ConvLoRA\ISIC-2017_Training_Data\ISIC_0014823.jpg,true,D:\Project_ConvLoRA\ISIC-2017_Training_Part1_GroundTruth\ISIC_0014823_segmentation.png,target_adaptation,false,42
ISIC_0014830,D:\Project_ConvLoRA\ISIC-2017_Training_Data\ISIC_0014830.jpg,true,D:\Project_ConvLoRA\ISIC-2017_Training_Part1_GroundTruth\ISIC_0014830_segmentation.png,target_adaptation,false,42
ISIC_0014831,D:\Project_ConvLoRA\ISIC-2017_Training_Data\ISIC_0014831.jpg,true,D:\Project_ConvLoRA\ISIC-2017_Training_Part1_GroundTruth\ISIC_0014831_segmentation.png,target_adaptation,false,42
ISIC_0014834,D:\Project_ConvLoRA\ISIC-2017_Training_Data\ISIC_0014834.jpg,true,D:\Project_ConvLoRA\ISIC-2017_Training_Part1_GroundTruth\ISIC_0014834_segmentation.png,target_adaptation,false,42
ISIC_0014836,D:\Project_ConvLoRA\ISIC-2017_Training_Data\ISIC_0014836.jpg,true,D:\Project_ConvLoRA\ISIC-2017_Training_Part1_GroundTruth\ISIC_0014836_segmentation.png,target_adaptation,false,42
ISIC_0014838,D:\Project_ConvLoRA\ISIC-2017_Training_Data\ISIC_0014838.jpg,true,D:\Project_ConvLoRA\ISIC-2017_Training_Part1_GroundTruth\ISIC_0014838_segmentation.png,target_adaptation,false,42
ISIC_0014839,D:\Project_ConvLoRA\ISIC-2017_Training_Data\ISIC_0014839.jpg,true,D:\Project_ConvLoRA\ISIC-2017_Training_Part1_GroundTruth\ISIC_0014839_segmentation.png,target_adaptation,false,42
ISIC_0014843,D:\Project_ConvLoRA\ISIC-2017_Training_Data\ISIC_0014843.jpg,true,D:\Project_ConvLoRA\ISIC-2017_Training_Part1_GroundTruth\ISIC_0014843_segmentation.png,target_adaptation,false,42
ISIC_0014845,D:\Project_ConvLoRA\ISIC-2017_Training_Data\ISIC_0014845.jpg,true,D:\Project_ConvLoRA\ISIC-2017_Training_Part1_GroundTruth\ISIC_0014845_segmentation.png,target_adaptation,false,42
ISIC_0014846,D:\Project_ConvLoRA\ISIC-2017_Training_Data\ISIC_0014846.jpg,true,D:\Project_ConvLoRA\ISIC-2017_Training_Part1_GroundTruth\ISIC_0014846_segmentation.png,target_adaptation,false,42
ISIC_0014848,D:\Project_ConvLoRA\ISIC-2017_Training_Data\ISIC_0014848.jpg,true,D:\Project_ConvLoRA\ISIC-2017_Training_Part1_GroundTruth\ISIC_0014848_segmentation.png,target_adaptation,false,42
ISIC_0014849,D:\Project_ConvLoRA\ISIC-2017_Training_Data\ISIC_0014849.jpg,true,D:\Project_ConvLoRA\ISIC-2017_Training_Part1_GroundTruth\ISIC_0014849_segmentation.png,target_adaptation,false,42
ISIC_0014850,D:\Project_ConvLoRA\ISIC-2017_Training_Data\ISIC_0014850.jpg,true,D:\Project_ConvLoRA\ISIC-2017_Training_Part1_GroundTruth\ISIC_0014850_segmentation.png,target_adaptation,false,42
ISIC_0014851,D:\Project_ConvLoRA\ISIC-2017_Training_Data\ISIC_0014851.jpg,true,D:\Project_ConvLoRA\ISIC-2017_Training_Part1_GroundTruth\ISIC_0014851_segmentation.png,target_adaptation,false,42
ISIC_0014855,D:\Project_ConvLoRA\ISIC-2017_Training_Data\ISIC_0014855.jpg,true,D:\Project_ConvLoRA\ISIC-2017_Training_Part1_GroundTruth\ISIC_0014855_segmentation.png,target_adaptation,false,42
ISIC_0014860,D:\Project_ConvLoRA\ISIC-2017_Training_Data\ISIC_0014860.jpg,true,D:\Project_ConvLoRA\ISIC-2017_Training_Part1_GroundTruth\ISIC_0014860_segmentation.png,target_adaptation,false,42
ISIC_0014866,D:\Project_ConvLoRA\ISIC-2017_Training_Data\ISIC_0014866.jpg,true,D:\Project_ConvLoRA\ISIC-2017_Training_Part1_GroundTruth\ISIC_0014866_segmentation.png,target_adaptation,false,42
ISIC_0014869,D:\Project_ConvLoRA\ISIC-2017_Training_Data\ISIC_0014869.jpg,true,D:\Project_ConvLoRA\ISIC-2017_Training_Part1_GroundTruth\ISIC_0014869_segmentation.png,target_adaptation,false,42
ISIC_0014890,D:\Project_ConvLoRA\ISIC-2017_Training_Data\ISIC_0014890.jpg,true,D:\Project_ConvLoRA\ISIC-2017_Training_Part1_GroundTruth\ISIC_0014890_segmentation.png,target_adaptation,false,42
ISIC_0014891,D:\Project_ConvLoRA\ISIC-2017_Training_Data\ISIC_0014891.jpg,true,D:\Project_ConvLoRA\ISIC-2017_Training_Part1_GroundTruth\ISIC_0014891_segmentation.png,target_adaptation,false,42
ISIC_0014897,D:\Project_ConvLoRA\ISIC-2017_Training_Data\ISIC_0014897.jpg,true,D:\Project_ConvLoRA\ISIC-2017_Training_Part1_GroundTruth\ISIC_0014897_segmentation.png,target_adaptation,false,42
ISIC_0014898,D:\Project_ConvLoRA\ISIC-2017_Training_Data\ISIC_0014898.jpg,true,D:\Project_ConvLoRA\ISIC-2017_Training_Part1_GroundTruth\ISIC_0014898_segmentation.png,target_adaptation,false,42
ISIC_0014903,D:\Project_ConvLoRA\ISIC-2017_Training_Data\ISIC_0014903.jpg,true,D:\Project_ConvLoRA\ISIC-2017_Training_Part1_GroundTruth\ISIC_0014903_segmentation.png,target_adaptation,false,42
ISIC_0014908,D:\Project_ConvLoRA\ISIC-2017_Training_Data\ISIC_0014908.jpg,true,D:\Project_ConvLoRA\ISIC-2017_Training_Part1_GroundTruth\ISIC_0014908_segmentation.png,target_adaptation,false,42
ISIC_0014911,D:\Project_ConvLoRA\ISIC-2017_Training_Data\ISIC_0014911.jpg,true,D:\Project_ConvLoRA\ISIC-2017_Training_Part1_GroundTruth\ISIC_0014911_segmentation.png,target_adaptation,false,42
ISIC_0014915,D:\Project_ConvLoRA\ISIC-2017_Training_Data\ISIC_0014915.jpg,true,D:\Project_ConvLoRA\ISIC-2017_Training_Part1_GroundTruth\ISIC_0014915_segmentation.png,target_adaptation,false,42
ISIC_0014919,D:\Project_ConvLoRA\ISIC-2017_Training_Data\ISIC_0014919.jpg,true,D:\Project_ConvLoRA\ISIC-2017_Training_Part1_GroundTruth\ISIC_0014919_segmentation.png,target_adaptation,false,42
ISIC_0014920,D:\Project_ConvLoRA\ISIC-2017_Training_Data\ISIC_0014920.jpg,true,D:\Project_ConvLoRA\ISIC-2017_Training_Part1_GroundTruth\ISIC_0014920_segmentation.png,target_adaptation,false,42
ISIC_0014922,D:\Project_ConvLoRA\ISIC-2017_Training_Data\ISIC_0014922.jpg,true,D:\Project_ConvLoRA\ISIC-2017_Training_Part1_GroundTruth\ISIC_0014922_segmentation.png,target_adaptation,false,42
ISIC_0014923,D:\Project_ConvLoRA\ISIC-2017_Training_Data\ISIC_0014923.jpg,true,D:\Project_ConvLoRA\ISIC-2017_Training_Part1_GroundTruth\ISIC_0014923_segmentation.png,target_adaptation,false,42
ISIC_0014929,D:\Project_ConvLoRA\ISIC-2017_Training_Data\ISIC_0014929.jpg,true,D:\Project_ConvLoRA\ISIC-2017_Training_Part1_GroundTruth\ISIC_0014929_segmentation.png,target_adaptation,false,42
ISIC_0014930,D:\Project_ConvLoRA\ISIC-2017_Training_Data\ISIC_0014930.jpg,true,D:\Project_ConvLoRA\ISIC-2017_Training_Part1_GroundTruth\ISIC_0014930_segmentation.png,target_adaptation,false,42
ISIC_0014933,D:\Project_ConvLoRA\ISIC-2017_Training_Data\ISIC_0014933.jpg,true,D:\Project_ConvLoRA\ISIC-2017_Training_Part1_GroundTruth\ISIC_0014933_segmentation.png,target_adaptation,false,42
ISIC_0014951,D:\Project_ConvLoRA\ISIC-2017_Training_Data\ISIC_0014951.jpg,true,D:\Project_ConvLoRA\ISIC-2017_Training_Part1_GroundTruth\ISIC_0014951_segmentation.png,target_adaptation,false,42
ISIC_0014975,D:\Project_ConvLoRA\ISIC-2017_Training_Data\ISIC_0014975.jpg,true,D:\Project_ConvLoRA\ISIC-2017_Training_Part1_GroundTruth\ISIC_0014975_segmentation.png,target_adaptation,false,42
ISIC_0015005,D:\Project_ConvLoRA\ISIC-2017_Training_Data\ISIC_0015005.jpg,true,D:\Project_ConvLoRA\ISIC-2017_Training_Part1_GroundTruth\ISIC_0015005_segmentation.png,target_adaptation,false,42
ISIC_0015006,D:\Project_ConvLoRA\ISIC-2017_Training_Data\ISIC_0015006.jpg,true,D:\Project_ConvLoRA\ISIC-2017_Training_Part1_GroundTruth\ISIC_0015006_segmentation.png,target_adaptation,false,42
ISIC_0015032,D:\Project_ConvLoRA\ISIC-2017_Training_Data\ISIC_0015032.jpg,true,D:\Project_ConvLoRA\ISIC-2017_Training_Part1_GroundTruth\ISIC_0015032_segmentation.png,target_adaptation,false,42
ISIC_0015045,D:\Project_ConvLoRA\ISIC-2017_Training_Data\ISIC_0015045.jpg,true,D:\Project_ConvLoRA\ISIC-2017_Training_Part1_GroundTruth\ISIC_0015045_segmentation.png,target_adaptation,false,42
ISIC_0015082,D:\Project_ConvLoRA\ISIC-2017_Training_Data\ISIC_0015082.jpg,true,D:\Project_ConvLoRA\ISIC-2017_Training_Part1_GroundTruth\ISIC_0015082_segmentation.png,target_adaptation,false,42
ISIC_0015112,D:\Project_ConvLoRA\ISIC-2017_Training_Data\ISIC_0015112.jpg,true,D:\Project_ConvLoRA\ISIC-2017_Training_Part1_GroundTruth\ISIC_0015112_segmentation.png,target_adaptation,false,42
ISIC_0015113,D:\Project_ConvLoRA\ISIC-2017_Training_Data\ISIC_0015113.jpg,true,D:\Project_ConvLoRA\ISIC-2017_Training_Part1_GroundTruth\ISIC_0015113_segmentation.png,target_adaptation,false,42
ISIC_0015153,D:\Project_ConvLoRA\ISIC-2017_Training_Data\ISIC_0015153.jpg,true,D:\Project_ConvLoRA\ISIC-2017_Training_Part1_GroundTruth\ISIC_0015153_segmentation.png,target_adaptation,false,42
ISIC_0015166,D:\Project_ConvLoRA\ISIC-2017_Training_Data\ISIC_0015166.jpg,true,D:\Project_ConvLoRA\ISIC-2017_Training_Part1_GroundTruth\ISIC_0015166_segmentation.png,target_adaptation,false,42
ISIC_0015170,D:\Project_ConvLoRA\ISIC-2017_Training_Data\ISIC_0015170.jpg,true,D:\Project_ConvLoRA\ISIC-2017_Training_Part1_GroundTruth\ISIC_0015170_segmentation.png,target_adaptation,false,42
ISIC_0015189,D:\Project_ConvLoRA\ISIC-2017_Training_Data\ISIC_0015189.jpg,true,D:\Project_ConvLoRA\ISIC-2017_Training_Part1_GroundTruth\ISIC_0015189_segmentation.png,target_adaptation,false,42
ISIC_0015190,D:\Project_ConvLoRA\ISIC-2017_Training_Data\ISIC_0015190.jpg,true,D:\Project_ConvLoRA\ISIC-2017_Training_Part1_GroundTruth\ISIC_0015190_segmentation.png,target_adaptation,false,42
ISIC_0015220,D:\Project_ConvLoRA\ISIC-2017_Training_Data\ISIC_0015220.jpg,true,D:\Project_ConvLoRA\ISIC-2017_Training_Part1_GroundTruth\ISIC_0015220_segmentation.png,target_adaptation,false,42
ISIC_0015260,D:\Project_ConvLoRA\ISIC-2017_Training_Data\ISIC_0015260.jpg,true,D:\Project_ConvLoRA\ISIC-2017_Training_Part1_GroundTruth\ISIC_0015260_segmentation.png,target_adaptation,false,42
ISIC_0015284,D:\Project_ConvLoRA\ISIC-2017_Training_Data\ISIC_0015284.jpg,true,D:\Project_ConvLoRA\ISIC-2017_Training_Part1_GroundTruth\ISIC_0015284_segmentation.png,target_adaptation,false,42
