target_image_id,target_filename,source_image_id,source_filename,sha256,reason
ISIC_0000080,ISIC_0000080.jpg,ISIC_0000080,ISIC_0000080.jpg,005114d72ba4e40463e205d787de62f63785b19dfc111bf5e335fc8fb9f7a59e,exact_byte_level_duplicate
ISIC_0000120,ISIC_0000120.jpg,ISIC_0000120,ISIC_0000120.jpg,00f4e473d1be798c6eae4cb85e39a8737a2935e339034e9e98fe30fb0c0c2f07,exact_byte_level_duplicate
ISIC_0010086,ISIC_0010086.jpg,ISIC_0010086,ISIC_0010086.jpg,01154d08cde643843419f6e8be370dbffab512c8b880e10a6d38643d09349760,exact_byte_level_duplicate
ISIC_0000009,ISIC_0000009.jpg,ISIC_0000009,ISIC_0000009.jpg,015c14af831773d16b5f3ce87aa1ddbc6be7efd0d856bd2bac2c7a4fd3f5309a,exact_byte_level_duplicate
ISIC_0002439,ISIC_0002439.jpg,ISIC_0002439,ISIC_0002439.jpg,01c334d9fb466dac672c117a8c72bcdc43102703a9fddde2543c3dc5957075ec,exact_byte_level_duplicate
ISIC_0010480,ISIC_0010480.jpg,ISIC_0010480,ISIC_0010480.jpg,027db2b76427fc59c6367379725e0414b53a5ebb937147f28f3f2851e55180ab,exact_byte_level_duplicate
ISIC_0000004,ISIC_0000004.jpg,ISIC_0000004,ISIC_0000004.jpg,036678938dc7da0eecff14e3fe8f647e353060ac08e05226bf7e1d9433fed090,exact_byte_level_duplicate
ISIC_0011296,ISIC_0011296.jpg,ISIC_0011296,ISIC_0011296.jpg,037c3e0cd78df14213fe7007643f2e56e41a96227bd217d44bdd8ad4a7a7b6dd,exact_byte_level_duplicate
ISIC_0000445,ISIC_0000445.jpg,ISIC_0000445,ISIC_0000445.jpg,038837ea7a79a426f0719a6bf9e52bea29e85b975bfd2becea4c63e687fbdeed,exact_byte_level_duplicate
ISIC_0010036,ISIC_0010036.jpg,ISIC_0010036,ISIC_0010036.jpg,03e63e09fad576f7fc543a21dff896fa01ab4b6326c587ac2870fb1683146696,exact_byte_level_duplicate
ISIC_0010575,ISIC_0010575.jpg,ISIC_0010575,ISIC_0010575.jpg,03f86b4ea6f124a8e5dbb1b930cfc4dec32a1fc4dc7068fcbd0ff3fa3edf899b,exact_byte_level_duplicate
ISIC_0000199,ISIC_0000199.jpg,ISIC_0000199,ISIC_0000199.jpg,04f213feceb1dacad400ab0216dd0e87fd9367adec120c2b73e2f3da75aa9738,exact_byte_level_duplicate
ISIC_0000415,ISIC_0000415.jpg,ISIC_0000415,ISIC_0000415.jpg,0512fe4b45247dc9586b5bc903e8df119f99ed48d79b815dfac6dc826b1c1235,exact_byte_level_duplicate
ISIC_0011348,ISIC_0011348.jpg,ISIC_0011348,ISIC_0011348.jpg,05569de854d0ee9c700cf05609dc1c3eca148c7fcfdfca68b22538edef0e8b9a,exact_byte_level_duplicate
ISIC_0000089,ISIC_0000089.jpg,ISIC_0000089,ISIC_0000089.jpg,05703d20ae15795081e7c48f067c78b778d68c0e721bc97d5fb9b4e655db03c6,exact_byte_level_duplicate
ISIC_0010382,ISIC_0010382.jpg,ISIC_0010382,ISIC_0010382.jpg,0571d19d6945b06ef846b73807eeb1b68159c165b782bf958544f5bb34c27519,exact_byte_level_duplicate
ISIC_0000307,ISIC_0000307.jpg,ISIC_0000307,ISIC_0000307.jpg,05cf7c78d6b8ca57cf906a243b9c60d3f4fe275df5d74f8f35ade32085e65bd6,exact_byte_level_duplicate
ISIC_0000156,ISIC_0000156.jpg,ISIC_0000156,ISIC_0000156.jpg,0635ee6b6b5167ba614a985a6c6f9d0a6bd4bccc349d4972af282d94b6b4b45b,exact_byte_level_duplicate
ISIC_0000496,ISIC_0000496.jpg,ISIC_0000496,ISIC_0000496.jpg,06ddb82ca6dd345f121af6b393968653044f7bdd352f91d87b35579ba6f5e642,exact_byte_level_duplicate
ISIC_0000548,ISIC_0000548.jpg,ISIC_0000548,ISIC_0000548.jpg,06fdb74ed76dc3ae03a8136a947432371af7f7922e78919eab37e7023b086ecd,exact_byte_level_duplicate
ISIC_0010337,ISIC_0010337.jpg,ISIC_0010337,ISIC_0010337.jpg,06fe3a8254f4d885a4ddfa413bc24e1eb647647e3e21421c18593d2f6edd65a6,exact_byte_level_duplicate
ISIC_0009909,ISIC_0009909.jpg,ISIC_0009909,ISIC_0009909.jpg,08b43209f5c7e90dc90baac38507cedbe3cb3d76dbc287d9b57783bf4383cb15,exact_byte_level_duplicate
ISIC_0000348,ISIC_0000348.jpg,ISIC_0000348,ISIC_0000348.jpg,08ffac1caa5c6a1658dd70a8b8ddb8976c058ac730e2f9b5f4d5b333f4ae5413,exact_byte_level_duplicate
ISIC_0000552,ISIC_0000552.jpg,ISIC_0000552,ISIC_0000552.jpg,093a1193f8730cd403fb9ff6a88ccd9ae223979b2c1cc9e7a3bab512046e456c,exact_byte_level_duplicate
ISIC_0011306,ISIC_0011306.jpg,ISIC_0011306,ISIC_0011306.jpg,09d0bf23d1e71b646da5f8e3bdf8d8d3a7ea78a1d21a407491cc1a1eb844d66d,exact_byte_level_duplicate
ISIC_0000366,ISIC_0000366.jpg,ISIC_0000366,ISIC_0000366.jpg,09fbb5c69f461f7178cc90eadb75c881a2c5fd598a12c05ac1ca1279d009f64c,exact_byte_level_duplicate
ISIC_0010573,ISIC_0010573.jpg,ISIC_0010573,ISIC_0010573.jpg,0a4da4e6dd5c86879df7223a65029b92ebee00620b6c3df08b6da114dc34cdec,exact_byte_level_duplicate
ISIC_0010467,ISIC_0010467.jpg,ISIC_0010467,ISIC_0010467.jpg,0aeb50f3d9aeb169b184465df203d4f76ade1bbf8d495538eacdbec51525d1e0,exact_byte_level_duplicate
ISIC_0009960,ISIC_0009960.jpg,ISIC_0009960,ISIC_0009960.jpg,0b6a3f59fa89a646d6b413659cd53eda7ec59b71cb21837cc319e76c80e9156c,exact_byte_level_duplicate
ISIC_0000314,ISIC_0000314.jpg,ISIC_0000314,ISIC_0000314.jpg,0b7aad2160cb8eca28d2cb9cb4bc9c8a46ff151c28dbcdb013d1e7d8af9cfc8f,exact_byte_level_duplicate
ISIC_0000232,ISIC_0000232.jpg,ISIC_0000232,ISIC_0000232.jpg,0c9b26eaa991fa272fd5153e6710a34a7f4039a6cdca9ba7edb66a642ac88815,exact_byte_level_duplicate
ISIC_0011211,ISIC_0011211.jpg,ISIC_0011211,ISIC_0011211.jpg,0d159a7d5afea8da2b9fdf99aaa14e192a87102c323b5209db8d3a486ad18785,exact_byte_level_duplicate
ISIC_0010848,ISIC_0010848.jpg,ISIC_0010848,ISIC_0010848.jpg,0de069f43a80e13ca9578e2670973f3b8ffc79ce9d3f0827360ff9e8df0e2472,exact_byte_level_duplicate
ISIC_0000421,ISIC_0000421.jpg,ISIC_0000421,ISIC_0000421.jpg,0ea8da3deeabe96d9c2dc867f95eeef414a39b49f6320871dec5d96f8c59207e,exact_byte_level_duplicate
ISIC_0000134,ISIC_0000134.jpg,ISIC_0000134,ISIC_0000134.jpg,0eb59bb4b048a4819ab0d9461b276fdc1a7d7e5303ede57c3bcbca1910c724bf,exact_byte_level_duplicate
ISIC_0009877,ISIC_0009877.jpg,ISIC_0009877,ISIC_0009877.jpg,0f0a729601b16de0b0572b5c322767216a933eb53a5e117c1c7bfedaf5b0e98a,exact_byte_level_duplicate
ISIC_0000035,ISIC_0000035.jpg,ISIC_0000035,ISIC_0000035.jpg,0f0d9005e1e535c17f87958c99fd79db50d06cb18e2cb80d47822dabae0e5096,exact_byte_level_duplicate
ISIC_0010341,ISIC_0010341.jpg,ISIC_0010341,ISIC_0010341.jpg,0f25ab2f6e41575610d23c5e40a0e21a8c6d6a346d9d1ab73c0fc4a441f58e9c,exact_byte_level_duplicate
ISIC_0002459,ISIC_0002459.jpg,ISIC_0002459,ISIC_0002459.jpg,0f26146468833f5a4f845ec3b25d728d671f967eddaeecf3f4a3608eb5ec49df,exact_byte_level_duplicate
ISIC_0000116,ISIC_0000116.jpg,ISIC_0000116,ISIC_0000116.jpg,0f7f5b948de8f96b10d6a99891b7786e72a830eff4b0c44940481e7513b0157b,exact_byte_level_duplicate
ISIC_0000065,ISIC_0000065.jpg,ISIC_0000065,ISIC_0000065.jpg,106af7e827e360b4fca04e1e05298225183c51f74db3cdb3c1c99a8de9b2752b,exact_byte_level_duplicate
ISIC_0011173,ISIC_0011173.jpg,ISIC_0011173,ISIC_0011173.jpg,110289c5770890143fd13e2f96e8f2483645684f57c14e04f3a62eb06794a5b2,exact_byte_level_duplicate
ISIC_0000085,ISIC_0000085.jpg,ISIC_0000085,ISIC_0000085.jpg,11de70fcff461eb7d9699901c0aa7bdd1052a81f5c896a7b81f1b50dc0e0b2f1,exact_byte_level_duplicate
ISIC_0009987,ISIC_0009987.jpg,ISIC_0009987,ISIC_0009987.jpg,12c6dd702e908c1809a1e660c62ef0f0794359fc6d8f2b862418c39f1b179fb2,exact_byte_level_duplicate
ISIC_0005639,ISIC_0005639.jpg,ISIC_0005639,ISIC_0005639.jpg,132af71ef6cc4fb0ba3c5a3db6e82224160e5d570dfd141004f19e9758952d40,exact_byte_level_duplicate
ISIC_0010566,ISIC_0010566.jpg,ISIC_0010566,ISIC_0010566.jpg,1367e3c5d7fa675927f93258b1c2c06cb80bbb034feb8cadc58955e86569ce98,exact_byte_level_duplicate
ISIC_0002453,ISIC_0002453.jpg,ISIC_0002453,ISIC_0002453.jpg,1373f2c01912dc45b46885ff8aab86cb35898a599f4e600338233d652d828cfa,exact_byte_level_duplicate
ISIC_0000381,ISIC_0000381.jpg,ISIC_0000381,ISIC_0000381.jpg,142689e59164984d6e34039d3fd8531be61aa7d3384d312b9943274fbfee7bf8,exact_byte_level_duplicate
ISIC_0000283,ISIC_0000283.jpg,ISIC_0000283,ISIC_0000283.jpg,146a09834827a5f571449144827ebb639deb5ee9f68371c41a45b536f41499fc,exact_byte_level_duplicate
ISIC_0000390,ISIC_0000390.jpg,ISIC_0000390,ISIC_0000390.jpg,146d303e85c9d122e0e9520cfa319d218fc3f596f2a9eb61459c9d6a0b308b37,exact_byte_level_duplicate
ISIC_0009942,ISIC_0009942.jpg,ISIC_0009942,ISIC_0009942.jpg,146e2be8dd60faaa5edc5e0109660b62a3c5926744dec318d128c47712145659,exact_byte_level_duplicate
ISIC_0011166,ISIC_0011166.jpg,ISIC_0011166,ISIC_0011166.jpg,1473ebf6b939395c68951c434e5e067fd76cb5f1a577ec61c1b756276c01580c,exact_byte_level_duplicate
ISIC_0010267,ISIC_0010267.jpg,ISIC_0010267,ISIC_0010267.jpg,148a61c03bc0e12382937d652c1fab3762caf016fbf529fee7d7252f111e882d,exact_byte_level_duplicate
ISIC_0009899,ISIC_0009899.jpg,ISIC_0009899,ISIC_0009899.jpg,1490b3645f745cafe047667c7fdbfbff28fb195eb9436c76c257e8235baba26d,exact_byte_level_duplicate
ISIC_0010435,ISIC_0010435.jpg,ISIC_0010435,ISIC_0010435.jpg,149d081ab1f6a09b3f5899874abe42c5e6d5de9bfc614235402623109b686979,exact_byte_level_duplicate
ISIC_0011398,ISIC_0011398.jpg,ISIC_0011398,ISIC_0011398.jpg,14b80d2c0fefd863a13ac9026128aad5c0bae03cb74d0e49ceff56611f47bcbd,exact_byte_level_duplicate
ISIC_0000000,ISIC_0000000.jpg,ISIC_0000000,ISIC_0000000.jpg,153b10f7b8b82bf80badbfdf73a544312637a1950e2dad97822a69b739b6aa1e,exact_byte_level_duplicate
ISIC_0000016,ISIC_0000016.jpg,ISIC_0000016,ISIC_0000016.jpg,15f76d37c756cc77129d6d5f54f9e9990f33bc78678a73fe3337fd17520b2410,exact_byte_level_duplicate
ISIC_0010002,ISIC_0010002.jpg,ISIC_0010002,ISIC_0010002.jpg,16d26a1a048a3a8c69a689db74e9b103eb2028cbb3c1c0690b9442b65e684e8f,exact_byte_level_duplicate
ISIC_0000081,ISIC_0000081.jpg,ISIC_0000081,ISIC_0000081.jpg,179b4dda76403c680254fd33e6b7abe083012477e43d9b39db7a0ba480e8e8c4,exact_byte_level_duplicate
ISIC_0011137,ISIC_0011137.jpg,ISIC_0011137,ISIC_0011137.jpg,1833373b04afd9c4668d4c75d80555027199c0301d017b71c59801b0348518dc,exact_byte_level_duplicate
ISIC_0011225,ISIC_0011225.jpg,ISIC_0011225,ISIC_0011225.jpg,1895f736161540e62ad1f552a412761de50613151369468c578c0a86120a00c5,exact_byte_level_duplicate
ISIC_0009910,ISIC_0009910.jpg,ISIC_0009910,ISIC_0009910.jpg,18c044084b8052995fc3c5c09a17cc827db459f21285e6acfa32b234e683d29e,exact_byte_level_duplicate
ISIC_0000274,ISIC_0000274.jpg,ISIC_0000274,ISIC_0000274.jpg,18f65e15bb38af1de921f73e5a8bafb5202e996406ba3f0e525bbc18c4b453c3,exact_byte_level_duplicate
ISIC_0009968,ISIC_0009968.jpg,ISIC_0009968,ISIC_0009968.jpg,19c9dcb4b3b4ad956b0afe1b471ffc7a0f3332ee5c4d63a1fa7c8cea0af1d250,exact_byte_level_duplicate
ISIC_0011317,ISIC_0011317.jpg,ISIC_0011317,ISIC_0011317.jpg,19d3a7ea0178004004952980fcd80b0dd5c2868de1143cc4adbd179458412fd0,exact_byte_level_duplicate
ISIC_0008993,ISIC_0008993.jpg,ISIC_0008993,ISIC_0008993.jpg,19de94476e51bdb615d1c4d6bca09088a0dde7cdc9a89feb0e56ee77745c4192,exact_byte_level_duplicate
ISIC_0010032,ISIC_0010032.jpg,ISIC_0010032,ISIC_0010032.jpg,19e48637f09a9506fbf17c7337ad8ac256f2c5ef7ab2cec3b3fb3f56216525a9,exact_byte_level_duplicate
ISIC_0000453,ISIC_0000453.jpg,ISIC_0000453,ISIC_0000453.jpg,1adf6f56b48ee723aa7383c9dd6a27d511f2f3dfdb81c9e5a0af49b1c10f852a,exact_byte_level_duplicate
ISIC_0010562,ISIC_0010562.jpg,ISIC_0010562,ISIC_0010562.jpg,1b5f7d7c1cdb339e16a6e5ae301921cec19a2abbb76932655840f98385825fcb,exact_byte_level_duplicate
ISIC_0000206,ISIC_0000206.jpg,ISIC_0000206,ISIC_0000206.jpg,1baa33ba4fb4e588b074a485198ef28a893e91302b687168b1301b38b3b1786a,exact_byte_level_duplicate
ISIC_0000385,ISIC_0000385.jpg,ISIC_0000385,ISIC_0000385.jpg,1c172bc102f854103a55839dc22519e1b0499ab81a1905f2a34847e73950e3fe,exact_byte_level_duplicate
ISIC_0000105,ISIC_0000105.jpg,ISIC_0000105,ISIC_0000105.jpg,1cbc58e7c4e5750f05a5f9e39f31901208c3061dc25863567219f0339f3bfe7e,exact_byte_level_duplicate
ISIC_0010205,ISIC_0010205.jpg,ISIC_0010205,ISIC_0010205.jpg,1cdbf07a88168b33bba2650fe25304bb436351103f1b6bbbb478a2b651c0d5ab,exact_byte_level_duplicate
ISIC_0000044,ISIC_0000044.jpg,ISIC_0000044,ISIC_0000044.jpg,1cf3d5905a9aa813b2363569c6393b1fd4afdd0f47dea255aa573dafb1211e1d,exact_byte_level_duplicate
ISIC_0000365,ISIC_0000365.jpg,ISIC_0000365,ISIC_0000365.jpg,1da6ae40f87b5a7ca10071b7bdd98dceaa4df53ab33ce83889352eb4b8966bdd,exact_byte_level_duplicate
ISIC_0000529,ISIC_0000529.jpg,ISIC_0000529,ISIC_0000529.jpg,1df4484044365dace82266488b5387c62740141a114052f97dc999bb3808e75b,exact_byte_level_duplicate
ISIC_0000104,ISIC_0000104.jpg,ISIC_0000104,ISIC_0000104.jpg,1e3b6184227feafda99304174616ae657cfa7dc26277344efd4feb5cdb99dd61,exact_byte_level_duplicate
ISIC_0005555,ISIC_0005555.jpg,ISIC_0005555,ISIC_0005555.jpg,1f4c16c81dc85c6ccd9ec0a7466a075462f36c984344b96ccd1c9bdb9a37543e,exact_byte_level_duplicate
ISIC_0009160,ISIC_0009160.jpg,ISIC_0009160,ISIC_0009160.jpg,1f5666af01300b1c75aa37235874be478ff55dcd403e039b1e9ea32b152163ba,exact_byte_level_duplicate
ISIC_0010241,ISIC_0010241.jpg,ISIC_0010241,ISIC_0010241.jpg,1f9455d5af6bbf96f4494e44b604f8d90569c9b0f812937ab116b61225bf2434,exact_byte_level_duplicate
ISIC_0009912,ISIC_0009912.jpg,ISIC_0009912,ISIC_0009912.jpg,1f9aa6149842a43dbb3ee4bea7ba34609e26bdef8f2ac4f688d96cc7ea5b1267,exact_byte_level_duplicate
ISIC_0000467,ISIC_0000467.jpg,ISIC_0000467,ISIC_0000467.jpg,202e0887b55b0e2575cea579eb8c1e8197b69e787565d053978a447ff36bd1df,exact_byte_level_duplicate
ISIC_0000387,ISIC_0000387.jpg,ISIC_0000387,ISIC_0000387.jpg,206276ca6eb0e3dbbb60d43c70a7231eeafe9e7f0f15cc38414667b13cda6d29,exact_byte_level_duplicate
ISIC_0001133,ISIC_0001133.jpg,ISIC_0001133,ISIC_0001133.jpg,20c2a970f0eaeb42a10d2fc5899d701eae75a04fde50b04eae1f1f8111d9dd2c,exact_byte_level_duplicate
ISIC_0011387,ISIC_0011387.jpg,ISIC_0011387,ISIC_0011387.jpg,2184422aa2702840b35df65b852d2e223026288396caf1a62942963be9c71236,exact_byte_level_duplicate
ISIC_0000511,ISIC_0000511.jpg,ISIC_0000511,ISIC_0000511.jpg,21923a738a01c3c1e21c90738deb3a56845629ff9e056d8970c1bdfd0ea1857d,exact_byte_level_duplicate
ISIC_0000457,ISIC_0000457.jpg,ISIC_0000457,ISIC_0000457.jpg,222591d33f9b08229ccb7b35eae715f8621115ccbe526e81355edc3781d66af0,exact_byte_level_duplicate
ISIC_0010602,ISIC_0010602.jpg,ISIC_0010602,ISIC_0010602.jpg,224cb5cb63fc25d0dda26515aaa6d46e199555001d553a5fc0613f7969f5b1d4,exact_byte_level_duplicate
ISIC_0010586,ISIC_0010586.jpg,ISIC_0010586,ISIC_0010586.jpg,22bf11f284027515a108e056bf07a527a943e052550ae6d47abb37247aa8711b,exact_byte_level_duplicate
ISIC_0000507,ISIC_0000507.jpg,ISIC_0000507,ISIC_0000507.jpg,2324f2d7f0730c66a025c77b045049a7449350cf7b095e57ac33e6f4ed8a5380,exact_byte_level_duplicate
ISIC_0000077,ISIC_0000077.jpg,ISIC_0000077,ISIC_0000077.jpg,236071e3ccf8ba889cb6f3278099f935779319a64fb5fd4e5a2414e095dabf49,exact_byte_level_duplicate
ISIC_0000461,ISIC_0000461.jpg,ISIC_0000461,ISIC_0000461.jpg,242c6b25fa45e532cde99b3bb820d5531d01635d1943c5cee14fc6a4b114a52f,exact_byte_level_duplicate
ISIC_0000505,ISIC_0000505.jpg,ISIC_0000505,ISIC_0000505.jpg,2455599b234a5e8821bb11ded29f9f7aad5f586354c017f75d149c4fd56fed81,exact_byte_level_duplicate
ISIC_0011214,ISIC_0011214.jpg,ISIC_0011214,ISIC_0011214.jpg,2475c18ea4939be2c707de7f3d893bfb517192e59b925f4d5c446930a9ad3359,exact_byte_level_duplicate
ISIC_0010014,ISIC_0010014.jpg,ISIC_0010014,ISIC_0010014.jpg,2493afae42bc0ca58f3f18127a55eca2a930306999060b9b80584d6bd703cf29,exact_byte_level_duplicate
ISIC_0010081,ISIC_0010081.jpg,ISIC_0010081,ISIC_0010081.jpg,24db5ce205a05f7e1772f9f17f690a12569fa70187560fe1aea169815a3dcd1b,exact_byte_level_duplicate
ISIC_0000347,ISIC_0000347.jpg,ISIC_0000347,ISIC_0000347.jpg,24eb9102f6204432bb78866b4a571444dee936ebaec0faa2798fead3d8e6cea4,exact_byte_level_duplicate
ISIC_0009868,ISIC_0009868.jpg,ISIC_0009868,ISIC_0009868.jpg,25a3d9cc60a0dc4ffea38e955a2b5cdaa379eaac0d23407e7ded497aeb334946,exact_byte_level_duplicate
ISIC_0011353,ISIC_0011353.jpg,ISIC_0011353,ISIC_0011353.jpg,2637766ade172968b0050e159e1978fc11375afd2eaa73763f83ec3dbb1f66cf,exact_byte_level_duplicate
ISIC_0010063,ISIC_0010063.jpg,ISIC_0010063,ISIC_0010063.jpg,2647ef01a760a439038d845aa47a106eb55d4381636f6479d41893d4eb2d459a,exact_byte_level_duplicate
ISIC_0000396,ISIC_0000396.jpg,ISIC_0000396,ISIC_0000396.jpg,2681f951cf5bc8d6ede7e78b074e26aba72ae8f5e5cb24a553627173cb8a0c51,exact_byte_level_duplicate
ISIC_0011372,ISIC_0011372.jpg,ISIC_0011372,ISIC_0011372.jpg,2710ccd78215fb6b9ddf968bb6e9c55250750263fe4c81a9a9c0d9a5a06ddfda,exact_byte_level_duplicate
ISIC_0000551,ISIC_0000551.jpg,ISIC_0000551,ISIC_0000551.jpg,27357807b1f95f540588518ede739def5f84f0d7003ace9d3308aa6919a4071d,exact_byte_level_duplicate
ISIC_0010603,ISIC_0010603.jpg,ISIC_0010603,ISIC_0010603.jpg,27697d5a548c10ba57c25bd6bff3f588088a09966c8e1679005d9cb0bf6ed065,exact_byte_level_duplicate
ISIC_0000276,ISIC_0000276.jpg,ISIC_0000276,ISIC_0000276.jpg,27f172264193a832728cd8f8a04c46ba334102259b5526f88eb52413ce2b6cc6,exact_byte_level_duplicate
ISIC_0000403,ISIC_0000403.jpg,ISIC_0000403,ISIC_0000403.jpg,285effa6f4911b5eab733f4b63d803d54c1f0e6a79a70df2084aa5f4e25219fb,exact_byte_level_duplicate
ISIC_0010461,ISIC_0010461.jpg,ISIC_0010461,ISIC_0010461.jpg,2875659b27bccd6fb7d28c63df42f58e3bc0b1bedd1f46c133e7f20a73c8fc05,exact_byte_level_duplicate
ISIC_0000514,ISIC_0000514.jpg,ISIC_0000514,ISIC_0000514.jpg,296a1d6d9581efaca59da1d5d7dd297bd17d3414d8cfa8f30b62fba3660eecae,exact_byte_level_duplicate
ISIC_0010219,ISIC_0010219.jpg,ISIC_0010219,ISIC_0010219.jpg,298a6ec7abfa029c8d5269b76a7c471d4e7a7a38e712c3631cf505b952387e12,exact_byte_level_duplicate
ISIC_0009504,ISIC_0009504.jpg,ISIC_0009504,ISIC_0009504.jpg,29d50118640f03afc09a971a1374aba206cca4cdaeb6a66355580152e0cea285,exact_byte_level_duplicate
ISIC_0002251,ISIC_0002251.jpg,ISIC_0002251,ISIC_0002251.jpg,29e5a372daf9edd401057e9f7b1328c25912eed963785dce71947afd51e6da60,exact_byte_level_duplicate
ISIC_0000110,ISIC_0000110.jpg,ISIC_0000110,ISIC_0000110.jpg,2a20b0496ce7a51d58b189fc29a1978e8e1fed47ea7f4b1c97f04d31a7966ac9,exact_byte_level_duplicate
ISIC_0000493,ISIC_0000493.jpg,ISIC_0000493,ISIC_0000493.jpg,2a3abb891de1d805fc69a42827a099bbb4b2e02f7320905cd1f3502ecd6eb113,exact_byte_level_duplicate
ISIC_0010066,ISIC_0010066.jpg,ISIC_0010066,ISIC_0010066.jpg,2a4a4486f3f9d76722cbd6180b7e902968d132341a8a5f8aa52f41fb531ea38b,exact_byte_level_duplicate
ISIC_0000416,ISIC_0000416.jpg,ISIC_0000416,ISIC_0000416.jpg,2a5a613e2edd50d716dca8e277852cf87d31e617d4fe27fbd5aa99d3f40bbf12,exact_byte_level_duplicate
ISIC_0009941,ISIC_0009941.jpg,ISIC_0009941,ISIC_0009941.jpg,2aac70fec09006524395f32c3ba041f6665f2bc5964ebe5ebb93491db27c6e5f,exact_byte_level_duplicate
ISIC_0002806,ISIC_0002806.jpg,ISIC_0002806,ISIC_0002806.jpg,2ab41fb611034c1300b8cd7369f59f7e9f3aa4a003671e16b965eedf0a7a624c,exact_byte_level_duplicate
ISIC_0000137,ISIC_0000137.jpg,ISIC_0000137,ISIC_0000137.jpg,2b4bb7f6e4e1413040f9195c25b4702fa9333a47c8aac9c25b7c77c4673fd784,exact_byte_level_duplicate
ISIC_0000431,ISIC_0000431.jpg,ISIC_0000431,ISIC_0000431.jpg,2b750db6ae39561f95e1ae52331abcddf32c5e9f6c393acc5abd9799bf83d8ce,exact_byte_level_duplicate
ISIC_0000374,ISIC_0000374.jpg,ISIC_0000374,ISIC_0000374.jpg,2b991a277dbb58f1560cadf006998f941d0693ff56085c72fa20805cf891b59b,exact_byte_level_duplicate
ISIC_0000321,ISIC_0000321.jpg,ISIC_0000321,ISIC_0000321.jpg,2ba9e46e5b48d3950861bcad3379f606852ef6190f546b7434c49477667ba215,exact_byte_level_duplicate
ISIC_0000154,ISIC_0000154.jpg,ISIC_0000154,ISIC_0000154.jpg,2c3edf10057ffd2f310089868b1a81bde2283f1d43292abe4e453cf843285f7a,exact_byte_level_duplicate
ISIC_0009895,ISIC_0009895.jpg,ISIC_0009895,ISIC_0009895.jpg,2c77cc1b8f357b697b5adea6424898d179d8f40fdc1bb516a35b5c8c290e75af,exact_byte_level_duplicate
ISIC_0000359,ISIC_0000359.jpg,ISIC_0000359,ISIC_0000359.jpg,2ca4c001d8f9b1ef15b5336e5a9958394fd2a438ce22674af9ff55759d2dad05,exact_byte_level_duplicate
ISIC_0010087,ISIC_0010087.jpg,ISIC_0010087,ISIC_0010087.jpg,2cad19e152565208b81a39656b1a9d245742bb4ce77a8ac0183fa7800b3a6b07,exact_byte_level_duplicate
ISIC_0000007,ISIC_0000007.jpg,ISIC_0000007,ISIC_0000007.jpg,2d3fe1d91afb6dcf7f21893ec8bfaf42b8ed885026bf88afe7ffe7e42b24c8a6,exact_byte_level_duplicate
ISIC_0005620,ISIC_0005620.jpg,ISIC_0005620,ISIC_0005620.jpg,2d4ef8234a13f2c523a0fe04fcf453b64baa82fb30d9dc70025f97c02f3dbfe5,exact_byte_level_duplicate
ISIC_0008347,ISIC_0008347.jpg,ISIC_0008347,ISIC_0008347.jpg,2dbf441cd46f95ff989e424decaa0210cac28aff2e43e77e15ccaaf7d7ef5371,exact_byte_level_duplicate
ISIC_0010248,ISIC_0010248.jpg,ISIC_0010248,ISIC_0010248.jpg,2dd2093bebdd981f8c437d675885084ef0e3046cf15c26eccee13fcd051fc500,exact_byte_level_duplicate
ISIC_0000397,ISIC_0000397.jpg,ISIC_0000397,ISIC_0000397.jpg,2df3ccb07cbe88bbd2171e3f2b9a2039d7b4c7f263bcfa7c580e9d1510a4f634,exact_byte_level_duplicate
ISIC_0000236,ISIC_0000236.jpg,ISIC_0000236,ISIC_0000236.jpg,2e0d02486dc6ad0f7d990705b647cb72a63bca62cc32828d9d3e54b0debdc0da,exact_byte_level_duplicate
ISIC_0000463,ISIC_0000463.jpg,ISIC_0000463,ISIC_0000463.jpg,2ea04d48dfb2449d1d7586c4df6363db460c7f7cef03e811f9fd61d18c46e273,exact_byte_level_duplicate
ISIC_0001118,ISIC_0001118.jpg,ISIC_0001118,ISIC_0001118.jpg,2eecf469559dc3621cc143bee225b224429636942d99bfeb562d3d095270f0c7,exact_byte_level_duplicate
ISIC_0011164,ISIC_0011164.jpg,ISIC_0011164,ISIC_0011164.jpg,2f01651f2a0b74ca954f3efa12be674172a9e8cbc2c9b4536951d6e8bb393b10,exact_byte_level_duplicate
ISIC_0010851,ISIC_0010851.jpg,ISIC_0010851,ISIC_0010851.jpg,2f027c69108dd5a0bb0393fe1852f09ef7c64876d363eba1fc0c6a590bf38db9,exact_byte_level_duplicate
ISIC_0010558,ISIC_0010558.jpg,ISIC_0010558,ISIC_0010558.jpg,2f102c6df9b393142221c12bda85a5361eef96bd4de9fc656fe478f7a4c391d7,exact_byte_level_duplicate
ISIC_0000292,ISIC_0000292.jpg,ISIC_0000292,ISIC_0000292.jpg,2ffd4622e790158c3bfd61b1f50ac288d6d6f403f6732252cce83535b4ae355e,exact_byte_level_duplicate
ISIC_0009758,ISIC_0009758.jpg,ISIC_0009758,ISIC_0009758.jpg,30a291c692c5f4728b4b625b6f6aa6e6ef335d2c6981fd01e3a53e6080b70dc2,exact_byte_level_duplicate
ISIC_0002469,ISIC_0002469.jpg,ISIC_0002469,ISIC_0002469.jpg,31abc82d11519cffe97335ce995367843711a8ee941ca7a3378bd61ca1dd373c,exact_byte_level_duplicate
ISIC_0000047,ISIC_0000047.jpg,ISIC_0000047,ISIC_0000047.jpg,31cc3b5fb77f6cf9df55af22c54c018375035a4c9d9100cadae8e85acd672e70,exact_byte_level_duplicate
ISIC_0000167,ISIC_0000167.jpg,ISIC_0000167,ISIC_0000167.jpg,322d7fa625f1ce0d997816371f60bcaf3001b41ce5f2fcbc2124b750a032c823,exact_byte_level_duplicate
ISIC_0008807,ISIC_0008807.jpg,ISIC_0008807,ISIC_0008807.jpg,32333f6b6b9ad34ff66d3c936f3f0b8c3af37d7562a5104a9bd3da8d0275a4c3,exact_byte_level_duplicate
ISIC_0000128,ISIC_0000128.jpg,ISIC_0000128,ISIC_0000128.jpg,32ce7fa3084b67ad1c334940fa29c00f413b2db787ec9d40e2327cf8fc55e288,exact_byte_level_duplicate
ISIC_0000152,ISIC_0000152.jpg,ISIC_0000152,ISIC_0000152.jpg,32da3e97b3b30d6edf9e40fed9e48076569154362865da5bda8a87c6d95de7bb,exact_byte_level_duplicate
ISIC_0010046,ISIC_0010046.jpg,ISIC_0010046,ISIC_0010046.jpg,330514361e4f43f9d2c23a716f1dbed0fef380006b2a90690119b5699c5cfe57,exact_byte_level_duplicate
ISIC_0010455,ISIC_0010455.jpg,ISIC_0010455,ISIC_0010455.jpg,333df650c4a46deae57b6fbf44b51a7a01425f2246631071b67e2677ee4f0785,exact_byte_level_duplicate
ISIC_0010060,ISIC_0010060.jpg,ISIC_0010060,ISIC_0010060.jpg,334c4498bac9e23ac48e8e1405149dbb59d5fb9ab094cb78dbbcd6343870762b,exact_byte_level_duplicate
ISIC_0010078,ISIC_0010078.jpg,ISIC_0010078,ISIC_0010078.jpg,3395503ff9744f1815929db7b2c3fff297780d7f90b5b59f8ecb6080dbdbbee3,exact_byte_level_duplicate
ISIC_0002353,ISIC_0002353.jpg,ISIC_0002353,ISIC_0002353.jpg,34058ccd1229772f9000fc391859230bd2288aa4833bd41de5cbc67945a10f6b,exact_byte_level_duplicate
ISIC_0011382,ISIC_0011382.jpg,ISIC_0011382,ISIC_0011382.jpg,340bafcd118caee2123278c195ad23b91a91ad3a03b8a8ef07f02bc59e8750a8,exact_byte_level_duplicate
ISIC_0002836,ISIC_0002836.jpg,ISIC_0002836,ISIC_0002836.jpg,348f1f0c2765edea72b37bd6d74e00294b498a79083dfa050c4f7d15490be3c7,exact_byte_level_duplicate
ISIC_0000224,ISIC_0000224.jpg,ISIC_0000224,ISIC_0000224.jpg,3599b5c9f7afda742c5f5f4e00f4e985395bd11c8f370dada89e2a080662fa32,exact_byte_level_duplicate
ISIC_0000475,ISIC_0000475.jpg,ISIC_0000475,ISIC_0000475.jpg,35f47463642cd29f7b8e3ee67659c94512e874f17df005edd37374e1e51a26ed,exact_byte_level_duplicate
ISIC_0005787,ISIC_0005787.jpg,ISIC_0005787,ISIC_0005787.jpg,3636647b45dcef5902067cd4be9c5db0d648bda5a4d376069402e4839504d889,exact_byte_level_duplicate
ISIC_0011161,ISIC_0011161.jpg,ISIC_0011161,ISIC_0011161.jpg,364ee2bc7f84bcdec3ec88cefda4fed5b871651d89118a69e64cf57c746c3d4a,exact_byte_level_duplicate
ISIC_0000063,ISIC_0000063.jpg,ISIC_0000063,ISIC_0000063.jpg,3662901ca84db18ef9bdee508e594caf0020a14d5f553a4667d639c840a1d1ba,exact_byte_level_duplicate
ISIC_0000427,ISIC_0000427.jpg,ISIC_0000427,ISIC_0000427.jpg,368fd8ef75fff5723547fb40433076de2dbe05d5d93aaf6ba8e73b29e438de0e,exact_byte_level_duplicate
ISIC_0003174,ISIC_0003174.jpg,ISIC_0003174,ISIC_0003174.jpg,36be4c5ad91257ab02995ed79697c07185237e72a5f2cf730683abdd02822f2e,exact_byte_level_duplicate
ISIC_0011079,ISIC_0011079.jpg,ISIC_0011079,ISIC_0011079.jpg,36fc7539ad6c037367f17abae6f98e6699dce80639139019b8401060fd75f7e7,exact_byte_level_duplicate
ISIC_0011347,ISIC_0011347.jpg,ISIC_0011347,ISIC_0011347.jpg,3731a8a3148d89e6effd493c2a35eec3398fb62b9700baa1483e18953532bff5,exact_byte_level_duplicate
ISIC_0000341,ISIC_0000341.jpg,ISIC_0000341,ISIC_0000341.jpg,3797566e56bede521a08ee335ba32a227092f5c77ea6642e937f6fe41c2432e2,exact_byte_level_duplicate
ISIC_0000295,ISIC_0000295.jpg,ISIC_0000295,ISIC_0000295.jpg,37dcd21622fc65c1a185483a34cacda0b1580faacc82532462968fafe6ce3633,exact_byte_level_duplicate
ISIC_0010362,ISIC_0010362.jpg,ISIC_0010362,ISIC_0010362.jpg,37f06dd2299e939cf5f3ac27e517bb5a1d3742cab3e8eee65bc7006ca89a1080,exact_byte_level_duplicate
ISIC_0010593,ISIC_0010593.jpg,ISIC_0010593,ISIC_0010593.jpg,381f13da5e0639f605084bf4dad2f7a834da1aef3d55a4ed6111d64317bcf951,exact_byte_level_duplicate
ISIC_0000240,ISIC_0000240.jpg,ISIC_0000240,ISIC_0000240.jpg,3853528060cb565cb4702c5a71396faa5bb02b49945a9a46f24286e75836b92a,exact_byte_level_duplicate
ISIC_0000322,ISIC_0000322.jpg,ISIC_0000322,ISIC_0000322.jpg,38ec10b2fefb87367db61ab315c40f35defd3a58ea1bdaaa26c509a85f72151e,exact_byte_level_duplicate
ISIC_0000041,ISIC_0000041.jpg,ISIC_0000041,ISIC_0000041.jpg,391094c1beb3d2f36be662d23c4b79b61e96b0f2f75ad13b67b19fd7f59dca6f,exact_byte_level_duplicate
ISIC_0000492,ISIC_0000492.jpg,ISIC_0000492,ISIC_0000492.jpg,394498f883449a11788990e486a61c3efc70b0aff06ebcba18567270b33f3e9e,exact_byte_level_duplicate
ISIC_0000410,ISIC_0000410.jpg,ISIC_0000410,ISIC_0000410.jpg,3990beadf83f8905a933663281486bf6d81997412d9d967646bade1fd9c6e6b1,exact_byte_level_duplicate
ISIC_0011303,ISIC_0011303.jpg,ISIC_0011303,ISIC_0011303.jpg,3a052f3e58e5220b9962420d981da3282a18ac03f681894d253435c61dfe577d,exact_byte_level_duplicate
ISIC_0010334,ISIC_0010334.jpg,ISIC_0010334,ISIC_0010334.jpg,3ac04fd1f26c20359b389a1e6fb9da6601c9c2fb4b145bfc259503d18355cb2e,exact_byte_level_duplicate
ISIC_0010256,ISIC_0010256.jpg,ISIC_0010256,ISIC_0010256.jpg,3b2abbbb801c88f9cc3758d81dbe552aabad3745657558e6ea57c223a1429fcb,exact_byte_level_duplicate
ISIC_0000395,ISIC_0000395.jpg,ISIC_0000395,ISIC_0000395.jpg,3b3d7d4e40dda4338ef992d3dda7ef0f2a14ce43ec73b931b38aa3789bab226f,exact_byte_level_duplicate
ISIC_0011330,ISIC_0011330.jpg,ISIC_0011330,ISIC_0011330.jpg,3c05db9cbe4a0d891b78310ce2de7e35b0ff389b2537ba342338699b431bd5ef,exact_byte_level_duplicate
ISIC_0001134,ISIC_0001134.jpg,ISIC_0001134,ISIC_0001134.jpg,3ca6b3f825cd05a6f7edfb797e9dcf90897c70b5f5ef3069330ba1c326d8ff98,exact_byte_level_duplicate
ISIC_0001126,ISIC_0001126.jpg,ISIC_0001126,ISIC_0001126.jpg,3cc0be52bf6301a43c3a8edf34c87fad95e5fb621aaea16dbf9b774ef1d218a7,exact_byte_level_duplicate
ISIC_0010372,ISIC_0010372.jpg,ISIC_0010372,ISIC_0010372.jpg,3da04f9f5514a5ebbbb6af413f010d6410366aff3d4283aa58f4e89a08a3c983,exact_byte_level_duplicate
ISIC_0010317,ISIC_0010317.jpg,ISIC_0010317,ISIC_0010317.jpg,4014020b1c7ee6c7b122362628ca7499170b669aa7e419052e994ff9017cff88,exact_byte_level_duplicate
ISIC_0000162,ISIC_0000162.jpg,ISIC_0000162,ISIC_0000162.jpg,405bcc60c78d896ee182f117b7ac7eadb1a4f0b950975976602cd45fcab7123d,exact_byte_level_duplicate
ISIC_0010019,ISIC_0010019.jpg,ISIC_0010019,ISIC_0010019.jpg,40d5af20dd0bfed9a8c36a943301dd3b620548fcc18ff2bbb7548c443ff061c3,exact_byte_level_duplicate
ISIC_0000277,ISIC_0000277.jpg,ISIC_0000277,ISIC_0000277.jpg,40fb8ebeb91c0159567c922049aa8c1269d40fbcc895ac0883c85b3aa7380c6c,exact_byte_level_duplicate
ISIC_0000500,ISIC_0000500.jpg,ISIC_0000500,ISIC_0000500.jpg,410b6762998031d1d022801166e15ff4db0cc572969676333d776f371babd532,exact_byte_level_duplicate
ISIC_0000155,ISIC_0000155.jpg,ISIC_0000155,ISIC_0000155.jpg,4168e8168886b8ea87696ea4d1636963e423463765c6c044e1fad03728d51fcd,exact_byte_level_duplicate
ISIC_0000344,ISIC_0000344.jpg,ISIC_0000344,ISIC_0000344.jpg,4199c4994b0eef3a5b7416035d6396404ebf6d212e2feb4a9fe8118eb3c84499,exact_byte_level_duplicate
ISIC_0000203,ISIC_0000203.jpg,ISIC_0000203,ISIC_0000203.jpg,4206d08cf20d7306f127df10c7bda00d859140fad3ab9e5a9ece4412e5e3a8e7,exact_byte_level_duplicate
ISIC_0000350,ISIC_0000350.jpg,ISIC_0000350,ISIC_0000350.jpg,420fdd59ddbdfdb5f67158b0aca360ad84c9199b6c6e1db6f89fbe610ce48412,exact_byte_level_duplicate
ISIC_0008294,ISIC_0008294.jpg,ISIC_0008294,ISIC_0008294.jpg,421168eb7a360f83117158d68804ec34d7d4d380fdfccf6a3f57eded8b58ea64,exact_byte_level_duplicate
ISIC_0009875,ISIC_0009875.jpg,ISIC_0009875,ISIC_0009875.jpg,424c7ab92cb522f064600b711f73563a74265c6a60a8b1eeaa3f6d889df5020b,exact_byte_level_duplicate
ISIC_0000503,ISIC_0000503.jpg,ISIC_0000503,ISIC_0000503.jpg,427d7ca02e39ef03f625840a2bbf9f7af1839de06f8f5c3df83dcbbf77938cb2,exact_byte_level_duplicate
ISIC_0010249,ISIC_0010249.jpg,ISIC_0010249,ISIC_0010249.jpg,4327ae13f5628a5f7ed89936a814c4794b4fbf0f0e1f898d9ccfce14f5aa4491,exact_byte_level_duplicate
ISIC_0000528,ISIC_0000528.jpg,ISIC_0000528,ISIC_0000528.jpg,43690d83ad382dbcad3045698f2a14f4de7c3784704c066932ce445becd895a8,exact_byte_level_duplicate
ISIC_0000269,ISIC_0000269.jpg,ISIC_0000269,ISIC_0000269.jpg,43a29c803861051e0064cf35afdb4a09a0a1b42f155850023c1330d71c57c441,exact_byte_level_duplicate
ISIC_0011203,ISIC_0011203.jpg,ISIC_0011203,ISIC_0011203.jpg,43a57c02aae272db2b62ef95b3d237afa07e93cc11329e90a51cceeca9855a00,exact_byte_level_duplicate
ISIC_0009940,ISIC_0009940.jpg,ISIC_0009940,ISIC_0009940.jpg,455dd763560af7b10f35286664c38e60c3ec08d87dcdba0da00b1e1ea677adee,exact_byte_level_duplicate
ISIC_0008879,ISIC_0008879.jpg,ISIC_0008879,ISIC_0008879.jpg,4576acbac8c1faebc61a190369f7644e46d359cc832ced815e49fed7c278f680,exact_byte_level_duplicate
ISIC_0010174,ISIC_0010174.jpg,ISIC_0010174,ISIC_0010174.jpg,4578f917c705cc0cbdabeed4eaa0f0a681f0f237d5c58c26f8855dea5d24028b,exact_byte_level_duplicate
ISIC_0010000,ISIC_0010000.jpg,ISIC_0010000,ISIC_0010000.jpg,45a12e39438b3b7ddf24462d43d1fdfdecae27cd0a3b1a4ed495f7551d366b8f,exact_byte_level_duplicate
ISIC_0000372,ISIC_0000372.jpg,ISIC_0000372,ISIC_0000372.jpg,45ce502ce54ac6a4757befe47a3526eecdfc72c5f9bc4be03a35f0b45652856e,exact_byte_level_duplicate
ISIC_0010472,ISIC_0010472.jpg,ISIC_0010472,ISIC_0010472.jpg,46f8f41243fdc4ebcc502653d2e11660711156c098c1d67bd86aeb8d8339d981,exact_byte_level_duplicate
ISIC_0000217,ISIC_0000217.jpg,ISIC_0000217,ISIC_0000217.jpg,474520bb2fbb22c4ecd17ef98758f8b590230eaced5f9c0e89e07658aeb46915,exact_byte_level_duplicate
ISIC_0010465,ISIC_0010465.jpg,ISIC_0010465,ISIC_0010465.jpg,47b20a2bbbd29cad0c68085d27caec890db4928aee0cfa1c388ee2941c2c1894,exact_byte_level_duplicate
ISIC_0011322,ISIC_0011322.jpg,ISIC_0011322,ISIC_0011322.jpg,47d6352443c8c4c7d627e8bff5bf9bf62ca79e3ab3c4410b458f98db907d8f17,exact_byte_level_duplicate
ISIC_0010182,ISIC_0010182.jpg,ISIC_0010182,ISIC_0010182.jpg,483bd35ac20bc28e50efe0322ee4c49576be5c4b4a8befe986063e96bbd52f53,exact_byte_level_duplicate
ISIC_0010860,ISIC_0010860.jpg,ISIC_0010860,ISIC_0010860.jpg,48744c214d988ba8b2eff438dfadac67d828a288fca4b1103df10f280139eaaa,exact_byte_level_duplicate
ISIC_0002476,ISIC_0002476.jpg,ISIC_0002476,ISIC_0002476.jpg,48834ad28a4e51697b7b0fec7978ca5666b54ae51e1dd7148fe244ed3d2ed640,exact_byte_level_duplicate
ISIC_0010493,ISIC_0010493.jpg,ISIC_0010493,ISIC_0010493.jpg,4885de84a9d8f7dada7df2f025997ae1294075ec1debd49c5c942f1b38978d6d,exact_byte_level_duplicate
ISIC_0010247,ISIC_0010247.jpg,ISIC_0010247,ISIC_0010247.jpg,49a931c29fa0fed6209995ee05a0d0c402792aa086e410ffc70315d50f0cd145,exact_byte_level_duplicate
ISIC_0011218,ISIC_0011218.jpg,ISIC_0011218,ISIC_0011218.jpg,4a74761eb8c8c91093bccb1cde56d41f1969bedfd10ec886af02ca89eedcca64,exact_byte_level_duplicate
ISIC_0011324,ISIC_0011324.jpg,ISIC_0011324,ISIC_0011324.jpg,4ab9e534ed5f94ed7ee4160d58eb95c5861493f949fc4bd727cedc44e41b6895,exact_byte_level_duplicate
ISIC_0000262,ISIC_0000262.jpg,ISIC_0000262,ISIC_0000262.jpg,4b223e6976bccdb01bad851c401feea1a36e7dca6eac3e03e334c24e223e6459,exact_byte_level_duplicate
ISIC_0000143,ISIC_0000143.jpg,ISIC_0000143,ISIC_0000143.jpg,4b46ac290a11854c2299e5fb0d8105364eaf277b1405a76776aef30c0d4d19d1,exact_byte_level_duplicate
ISIC_0002976,ISIC_0002976.jpg,ISIC_0002976,ISIC_0002976.jpg,4c98fe99844f0a64d809724e2fec367b61fff7157c664558adff00fd874c38e3,exact_byte_level_duplicate
ISIC_0000147,ISIC_0000147.jpg,ISIC_0000147,ISIC_0000147.jpg,4cdd6c15a033760ae4110d3cc9e51479395dde0609a42790237f328aef749a57,exact_byte_level_duplicate
ISIC_0011131,ISIC_0011131.jpg,ISIC_0011131,ISIC_0011131.jpg,4d72f9d462ee003180ef8c48c767c88d05c05d7fab848deccdab9348214ac0ca,exact_byte_level_duplicate
ISIC_0011229,ISIC_0011229.jpg,ISIC_0011229,ISIC_0011229.jpg,4d7cf73ce99b26a517872ccd829b2d778637e17e4e8941d88f6394af362a7491,exact_byte_level_duplicate
ISIC_0010318,ISIC_0010318.jpg,ISIC_0010318,ISIC_0010318.jpg,4df41d3ab615ad81626d0e34deb92c6817d79d1c5e3cc201e4395d8698ea40da,exact_byte_level_duplicate
ISIC_0000260,ISIC_0000260.jpg,ISIC_0000260,ISIC_0000260.jpg,4e29d4cdbc5d9886b45f5dbdfc40ae730f500a7bf50d70ed3c5f61c8d8cff340,exact_byte_level_duplicate
ISIC_0005548,ISIC_0005548.jpg,ISIC_0005548,ISIC_0005548.jpg,4e3f723842353ea6b025e4fd3ab6b79c46690c96ed8ae2290fb5ea6d37c89885,exact_byte_level_duplicate
ISIC_0000488,ISIC_0000488.jpg,ISIC_0000488,ISIC_0000488.jpg,4e7ffd843146df7c269229e9c11eb69bf643b5479a5e1a7c32d72b795a446c1f,exact_byte_level_duplicate
ISIC_0000032,ISIC_0000032.jpg,ISIC_0000032,ISIC_0000032.jpg,4eb49c205de9801ea39adedc0d84ee62e3ad44cd113faf9ee29c2b3a33ce51a2,exact_byte_level_duplicate
ISIC_0000017,ISIC_0000017.jpg,ISIC_0000017,ISIC_0000017.jpg,4ee5446da3b757c809fddc15647f80d28f1a716879811e22bcaf8b2c42d42338,exact_byte_level_duplicate
ISIC_0011352,ISIC_0011352.jpg,ISIC_0011352,ISIC_0011352.jpg,4f4e1816408734fc9f0c4533a44ed5ae2cfcba1b4a46cbb08ad58b9c3775065c,exact_byte_level_duplicate
ISIC_0000264,ISIC_0000264.jpg,ISIC_0000264,ISIC_0000264.jpg,4f51a4c75c344341ca2e4a817c652996593b420dceeb3071f9546d3f95b7f05b,exact_byte_level_duplicate
ISIC_0010102,ISIC_0010102.jpg,ISIC_0010102,ISIC_0010102.jpg,4f550c483db0819448cad46c32194ed4fea3bf897c7ae783fa1fb8af3ad7f237,exact_byte_level_duplicate
ISIC_0010333,ISIC_0010333.jpg,ISIC_0010333,ISIC_0010333.jpg,4f687887f75b7daa83b291ebd09d4fccea9d159085cf1d91b9cd76887894f7ce,exact_byte_level_duplicate
ISIC_0000999,ISIC_0000999.jpg,ISIC_0000999,ISIC_0000999.jpg,4f6934ad1757f642ab6e84b9239891d7b3f46dd51fe07e671af3d14eb8098323,exact_byte_level_duplicate
ISIC_0007557,ISIC_0007557.jpg,ISIC_0007557,ISIC_0007557.jpg,50ba39d21ea8c362a8570ace87a4dcd72fea8d94806a225ab93556271d228b24,exact_byte_level_duplicate
ISIC_0004715,ISIC_0004715.jpg,ISIC_0004715,ISIC_0004715.jpg,50e459c3a0dadb2cdd9924e9d58e63a188251b875e2dc49700d83ad6df4692cc,exact_byte_level_duplicate
ISIC_0011163,ISIC_0011163.jpg,ISIC_0011163,ISIC_0011163.jpg,51308dc2f0e2e76f3cfae103322ab7dfb3993e3d95f6240dfe05e81cd90190c3,exact_byte_level_duplicate
ISIC_0000409,ISIC_0000409.jpg,ISIC_0000409,ISIC_0000409.jpg,5156312fcd603bf2564197d3a3a0835691d3bfc3f1c9891647456bab17df3c82,exact_byte_level_duplicate
ISIC_0010473,ISIC_0010473.jpg,ISIC_0010473,ISIC_0010473.jpg,523f262f06c0f6777bc6d28f71309c495fb6a1ed1330f82501e60f4cb7f2ef5c,exact_byte_level_duplicate
ISIC_0009252,ISIC_0009252.jpg,ISIC_0009252,ISIC_0009252.jpg,525a87d025f565cf39e8b3918e06bcfa976a1e613ffd588ce5356f41a4424ee5,exact_byte_level_duplicate
ISIC_0010458,ISIC_0010458.jpg,ISIC_0010458,ISIC_0010458.jpg,526f19f58fc35020a680f0ffcfe87f39450fc1c4dbde536d033990965ec67133,exact_byte_level_duplicate
ISIC_0010364,ISIC_0010364.jpg,ISIC_0010364,ISIC_0010364.jpg,52aea44b51ebf3fdfa82a0e2e16357af291d2155344731d6dc1b5831df45feb6,exact_byte_level_duplicate
ISIC_0000189,ISIC_0000189.jpg,ISIC_0000189,ISIC_0000189.jpg,52c30197ef8e0959c5237eed8519792a3207b2fe11d5defbc6653d39f01c974e,exact_byte_level_duplicate
ISIC_0009953,ISIC_0009953.jpg,ISIC_0009953,ISIC_0009953.jpg,52dc95b8d1eb25e669bd3d33cf97a21c54842276a8a35f9806a2b6a2352e03d8,exact_byte_level_duplicate
ISIC_0000491,ISIC_0000491.jpg,ISIC_0000491,ISIC_0000491.jpg,52ff27afa898b6e9842d93353a74a712e412823e53cf4b68bc012c06d0e17326,exact_byte_level_duplicate
ISIC_0006612,ISIC_0006612.jpg,ISIC_0006612,ISIC_0006612.jpg,5388464f5bedfb8a3a469806b83ab1efff10ca155acdbc4992bdb14c0a0d5cfc,exact_byte_level_duplicate
ISIC_0006326,ISIC_0006326.jpg,ISIC_0006326,ISIC_0006326.jpg,53bba2c171235b3c2cada90e76991afa020b766c0b1cacb2f1e8ec2f8f2bb17c,exact_byte_level_duplicate
ISIC_0010371,ISIC_0010371.jpg,ISIC_0010371,ISIC_0010371.jpg,53e6e38c94a4eae8856eca2c1fee5262b38452f40e5ba11e2d1294418e3ad81b,exact_byte_level_duplicate
ISIC_0010568,ISIC_0010568.jpg,ISIC_0010568,ISIC_0010568.jpg,541b725606bc9e946ff64e9a969a74995359d4b15fa73f5e92d9040c148522c8,exact_byte_level_duplicate
ISIC_0000124,ISIC_0000124.jpg,ISIC_0000124,ISIC_0000124.jpg,5421723a6ec554e8134bfd2dd824fe3e5a64c7ca82302890484b10732e91cd31,exact_byte_level_duplicate
ISIC_0000382,ISIC_0000382.jpg,ISIC_0000382,ISIC_0000382.jpg,547e17899ea4eee1292eacb4d3776df8d33c9963a376e4c4cafc281da2e970c2,exact_byte_level_duplicate
ISIC_0000303,ISIC_0000303.jpg,ISIC_0000303,ISIC_0000303.jpg,54b6516d7604a1d29e8807b33bcfa72cb4fd96bca8d57bbafb4aec5cc201dff0,exact_byte_level_duplicate
ISIC_0011343,ISIC_0011343.jpg,ISIC_0011343,ISIC_0011343.jpg,54b675e768969dea2e388b5ab10d0a8f1bfeb91422f65c9024f0e5276d0a8790,exact_byte_level_duplicate
ISIC_0010067,ISIC_0010067.jpg,ISIC_0010067,ISIC_0010067.jpg,54ea32b145774a962bf14da6072b1d5f28dd786374ef02de6e9b6e925a827ee0,exact_byte_level_duplicate
ISIC_0010581,ISIC_0010581.jpg,ISIC_0010581,ISIC_0010581.jpg,54f6ce8c75bffeb073f512f8f583936bdb1947b2a37003ca68d8719c894db681,exact_byte_level_duplicate
ISIC_0000118,ISIC_0000118.jpg,ISIC_0000118,ISIC_0000118.jpg,55b23a3e353af8029ef7899204f4d6f78930dc954a92f099b3f5196150038db8,exact_byte_level_duplicate
ISIC_0009947,ISIC_0009947.jpg,ISIC_0009947,ISIC_0009947.jpg,55bc9421ea78fd97862b132195eb20dbb30cac3f1733f1b9770c1dc8bfa99db3,exact_byte_level_duplicate
ISIC_0000010,ISIC_0000010.jpg,ISIC_0000010,ISIC_0000010.jpg,55dbef9891a8766e52b448397d3578a20cdc012f231bbdb2b46cac317ff74eaa,exact_byte_level_duplicate
ISIC_0000259,ISIC_0000259.jpg,ISIC_0000259,ISIC_0000259.jpg,56447a0e0e9539a0c378d209d6ff7c702cb2fd9940066f48c23b785eb250f07f,exact_byte_level_duplicate
ISIC_0000316,ISIC_0000316.jpg,ISIC_0000316,ISIC_0000316.jpg,566cd7f23f4e9268e3bde7ff8a685ceb2fb7f4dee5080896473f331abdef8fcd,exact_byte_level_duplicate
ISIC_0000486,ISIC_0000486.jpg,ISIC_0000486,ISIC_0000486.jpg,573d603b02f01588f231f96a0f0e1ce835859f131bad96f3673adbccf0b02c3d,exact_byte_level_duplicate
ISIC_0009188,ISIC_0009188.jpg,ISIC_0009188,ISIC_0009188.jpg,5774861f3d4f94c6f5ca7a057d41dd7450be79d529ec049e391f48219b68e2a9,exact_byte_level_duplicate
ISIC_0011085,ISIC_0011085.jpg,ISIC_0011085,ISIC_0011085.jpg,587235ac443e28021008e6b9a79803174e7018b94e363b6554f9fc30f0eacd44,exact_byte_level_duplicate
ISIC_0000214,ISIC_0000214.jpg,ISIC_0000214,ISIC_0000214.jpg,58a949df7e326f7b4814889338477e1841e731cda4e9369097fd783930cec954,exact_byte_level_duplicate
ISIC_0000265,ISIC_0000265.jpg,ISIC_0000265,ISIC_0000265.jpg,58af609b8de7d6158cdf1b84e56cbcf06d9372894e0ad7ec0505fe6afc8bc976,exact_byte_level_duplicate
ISIC_0002093,ISIC_0002093.jpg,ISIC_0002093,ISIC_0002093.jpg,58c2282790bbecd0f532ece9871a44293fc5bf9300e9523c7eeb6192aced8cad,exact_byte_level_duplicate
ISIC_0010443,ISIC_0010443.jpg,ISIC_0010443,ISIC_0010443.jpg,5969dcc4e50035f0747786d00784a883b5a2013e1309165fe0887e694aabc03f,exact_byte_level_duplicate
ISIC_0010051,ISIC_0010051.jpg,ISIC_0010051,ISIC_0010051.jpg,596b30b7de978ed3483cba7b396dafc704737b7326bfaeef0590b16cf4520320,exact_byte_level_duplicate
ISIC_0010043,ISIC_0010043.jpg,ISIC_0010043,ISIC_0010043.jpg,59c7c0a7533afeeb2fe26060fc48c0415d16925ccc7b8780b7e1e85ae50962d5,exact_byte_level_duplicate
ISIC_0000096,ISIC_0000096.jpg,ISIC_0000096,ISIC_0000096.jpg,5aaee1a3bef198ee33bf1c2ec1d5b8241b73068ab1cec2c4c5326887ec1bc8b3,exact_byte_level_duplicate
ISIC_0010351,ISIC_0010351.jpg,ISIC_0010351,ISIC_0010351.jpg,5acd32ccaa084186fa74f43269568401483cdfe5a269a1d900bd385389c16916,exact_byte_level_duplicate
ISIC_0010042,ISIC_0010042.jpg,ISIC_0010042,ISIC_0010042.jpg,5bce68c745a4e32b6cc1d226458b97dcabf0b2b2998b413401482a95f0ec3992,exact_byte_level_duplicate
ISIC_0011169,ISIC_0011169.jpg,ISIC_0011169,ISIC_0011169.jpg,5c08cf4aca27a12158b9c912c0c345f75167e6b5374394f477e9f00d0dadb0f2,exact_byte_level_duplicate
ISIC_0008280,ISIC_0008280.jpg,ISIC_0008280,ISIC_0008280.jpg,5c0d2ddc1c3c9eb0fb1786a344f1fa4892788d16b2a307d5debe85ba60224e00,exact_byte_level_duplicate
ISIC_0009860,ISIC_0009860.jpg,ISIC_0009860,ISIC_0009860.jpg,5c55a4435e9fef140c2dc697b90fa290502279e6e5e4d7aaa9646b4054487b78,exact_byte_level_duplicate
ISIC_0000425,ISIC_0000425.jpg,ISIC_0000425,ISIC_0000425.jpg,5cab16f120980d79521f65124672b7a8be99c14c298ab8e57d1c64499bc7dca2,exact_byte_level_duplicate
ISIC_0009962,ISIC_0009962.jpg,ISIC_0009962,ISIC_0009962.jpg,5cc840473aeac993d2d9145b44a478d76378fd1f9af452b3870c2c32bb2ad700,exact_byte_level_duplicate
ISIC_0000229,ISIC_0000229.jpg,ISIC_0000229,ISIC_0000229.jpg,5d0bb96d1210e4e15cdd1e334eb2ccbde3137a4c5e40f37dc7f13901243ca7ca,exact_byte_level_duplicate
ISIC_0002488,ISIC_0002488.jpg,ISIC_0002488,ISIC_0002488.jpg,5d4d1ed69b4adf0484976d653e40a4c1ffae0c7d5750fbf92282998caeab19d7,exact_byte_level_duplicate
ISIC_0009933,ISIC_0009933.jpg,ISIC_0009933,ISIC_0009933.jpg,5dea9fdb60b8b8d6f39d4ead79beba141e628f19af0f77e785d1c0f506b5bfb1,exact_byte_level_duplicate
ISIC_0006776,ISIC_0006776.jpg,ISIC_0006776,ISIC_0006776.jpg,5e481de1a5d3e6fc159f2f5c0b4b2196bed337f583e4f745dbe1aabb3b422998,exact_byte_level_duplicate
ISIC_0000067,ISIC_0000067.jpg,ISIC_0000067,ISIC_0000067.jpg,5e72117190f2f03ccc366630d9ba72fd159f5077496d972179561b27f1ce5baf,exact_byte_level_duplicate
ISIC_0000535,ISIC_0000535.jpg,ISIC_0000535,ISIC_0000535.jpg,5ee4f2e24aa62818f9d0493c11cddef2bcb08c558e49d4ad5da525e6b875a40b,exact_byte_level_duplicate
ISIC_0000323,ISIC_0000323.jpg,ISIC_0000323,ISIC_0000323.jpg,5ee7cd17f80bd70fa1567066a33cfb13cce0c0b20df1e9444e8188af72e962b8,exact_byte_level_duplicate
ISIC_0000030,ISIC_0000030.jpg,ISIC_0000030,ISIC_0000030.jpg,5f14f28fb3b237ddb7b41ba76d647c56e44c336f3357a352b75e8eed66656d06,exact_byte_level_duplicate
ISIC_0010262,ISIC_0010262.jpg,ISIC_0010262,ISIC_0010262.jpg,5f354986e82270537f7b24e934f843767bc8e6ae42cf6e938b945db760a48c27,exact_byte_level_duplicate
ISIC_0000383,ISIC_0000383.jpg,ISIC_0000383,ISIC_0000383.jpg,5f5a95eddf1e3b7819f95e5471df8c38f2eba9e5c9d0a39c1e80394b7a644052,exact_byte_level_duplicate
ISIC_0000498,ISIC_0000498.jpg,ISIC_0000498,ISIC_0000498.jpg,5f69f27ae9045ab20bdf12f3dbd75001be79c4bf4be02ff3385904d9a6d3e18e,exact_byte_level_duplicate
ISIC_0009884,ISIC_0009884.jpg,ISIC_0009884,ISIC_0009884.jpg,5fa5350c116b054cb235d30fe6ce79f0f7196c6eece4070a73c5dab293930a2b,exact_byte_level_duplicate
ISIC_0000216,ISIC_0000216.jpg,ISIC_0000216,ISIC_0000216.jpg,5fc36208d5b8ff6e297ef535c99853ee7aa6a56924a43ae5c5d5c24117e2d8e4,exact_byte_level_duplicate
ISIC_0000025,ISIC_0000025.jpg,ISIC_0000025,ISIC_0000025.jpg,5fd39f65bde3971aaa9eeb2b4955c38b05c5f3b1a3f9763b215bd0d91cb78264,exact_byte_level_duplicate
ISIC_0010025,ISIC_0010025.jpg,ISIC_0010025,ISIC_0010025.jpg,5ff26abd8361a11c16d31d00001b0364e052e81127352da604fac271f72c17e1,exact_byte_level_duplicate
ISIC_0000358,ISIC_0000358.jpg,ISIC_0000358,ISIC_0000358.jpg,6083353fbcead201eb08bb4d5bebab1d717651af47adbdfb9363b18e3abe9fd9,exact_byte_level_duplicate
ISIC_0000275,ISIC_0000275.jpg,ISIC_0000275,ISIC_0000275.jpg,60c360a86d871e41ac44208540cf8547434f5847e3907416874fa0609c03817b,exact_byte_level_duplicate
ISIC_0009297,ISIC_0009297.jpg,ISIC_0009297,ISIC_0009297.jpg,612189e8a852ec8d37e903d6440c1aa0e480cb9dd3fc6c1917af443769539213,exact_byte_level_duplicate
ISIC_0010327,ISIC_0010327.jpg,ISIC_0010327,ISIC_0010327.jpg,613599240453a8473677377ae3d94aa552953836eb5301e3f82da2220b0be1d3,exact_byte_level_duplicate
ISIC_0000001,ISIC_0000001.jpg,ISIC_0000001,ISIC_0000001.jpg,6180745ca3044c6267b58dd77ae821fca7df549c64bb65d0591e088f67b84547,exact_byte_level_duplicate
ISIC_0001140,ISIC_0001140.jpg,ISIC_0001140,ISIC_0001140.jpg,62ca35422bc45a0b01eff3c7736ec7242ffa7d4bb32e2dd9c92bbf5c2caf87d9,exact_byte_level_duplicate
ISIC_0010497,ISIC_0010497.jpg,ISIC_0010497,ISIC_0010497.jpg,62f86cb4d322fa97d4c1a218cf1906712cec70d24469ccdbe81da8a682cc09f9,exact_byte_level_duplicate
ISIC_0010015,ISIC_0010015.jpg,ISIC_0010015,ISIC_0010015.jpg,631af5d1cb0af736acac23c3b1096d19af0618db13dde395878382bf6fe28b78,exact_byte_level_duplicate
ISIC_0010350,ISIC_0010350.jpg,ISIC_0010350,ISIC_0010350.jpg,63671f8a017678cdbf189e0a38af76ad409e4ac43e694b0aa70ab64ca2aa548b,exact_byte_level_duplicate
ISIC_0000468,ISIC_0000468.jpg,ISIC_0000468,ISIC_0000468.jpg,63aee7444c054bab3f7074ac8b77888e7466b4faa73f1ddaf1edb6868c78703a,exact_byte_level_duplicate
ISIC_0000252,ISIC_0000252.jpg,ISIC_0000252,ISIC_0000252.jpg,63ea512b35b3fe0887ff962b66848ff8c5c4f32048950b49819fa571e388981b,exact_byte_level_duplicate
ISIC_0009939,ISIC_0009939.jpg,ISIC_0009939,ISIC_0009939.jpg,643c731bc02db3c2d4e2f92be853fcc37b0102397c0cac9944b85563ceefed2b,exact_byte_level_duplicate
ISIC_0010240,ISIC_0010240.jpg,ISIC_0010240,ISIC_0010240.jpg,64b3bcf34c4e95517cb0f6fff89a55ac87e894bf88ddfbb90e932cc30b9663fa,exact_byte_level_duplicate
ISIC_0000109,ISIC_0000109.jpg,ISIC_0000109,ISIC_0000109.jpg,64d6e1297c16b63157c32d376030313f7de3042c00b3c0b3b13644fec560a38c,exact_byte_level_duplicate
ISIC_0000181,ISIC_0000181.jpg,ISIC_0000181,ISIC_0000181.jpg,654c3241ae9981835c2fe2f0dda20cee0cab39f0d059ab3690b252b9fa37b2d2,exact_byte_level_duplicate
ISIC_0000059,ISIC_0000059.jpg,ISIC_0000059,ISIC_0000059.jpg,659f8fb2865486b64187345d0f9d523ed09eb24362b34555258d0d4c561d8fd2,exact_byte_level_duplicate
ISIC_0008552,ISIC_0008552.jpg,ISIC_0008552,ISIC_0008552.jpg,665dd5bae300410188a2ee9c6a27ccc60bf038c1519462a88007e77e237aa82b,exact_byte_level_duplicate
ISIC_0010021,ISIC_0010021.jpg,ISIC_0010021,ISIC_0010021.jpg,66e7d42ccc450ed7373813683e06347dc12d20581618be5326404e7f42b6f03b,exact_byte_level_duplicate
ISIC_0010850,ISIC_0010850.jpg,ISIC_0010850,ISIC_0010850.jpg,66e860678554c515495fa1d8777dc324cf227381c3ce02e896b63bfa57cbd9e8,exact_byte_level_duplicate
ISIC_0000317,ISIC_0000317.jpg,ISIC_0000317,ISIC_0000317.jpg,672b068b73a608b895679ad5c8e36e80560dc5c8b37c79a8c24f930a59b233c0,exact_byte_level_duplicate
ISIC_0000345,ISIC_0000345.jpg,ISIC_0000345,ISIC_0000345.jpg,6759efadd0f986530983375d6f53472737ae81bddf3ac11079642fe6005f10ae,exact_byte_level_duplicate
ISIC_0000211,ISIC_0000211.jpg,ISIC_0000211,ISIC_0000211.jpg,6761fab8f2dfd28c89e2cf320af69d88751577801d55b1adc775b81725dcd21e,exact_byte_level_duplicate
ISIC_0010251,ISIC_0010251.jpg,ISIC_0010251,ISIC_0010251.jpg,680dc936e4ee8b3ad6549ac372ad112fde6fe590af4b638b774baf86d9b0b942,exact_byte_level_duplicate
ISIC_0000121,ISIC_0000121.jpg,ISIC_0000121,ISIC_0000121.jpg,682cf836360f17b16d1064c609ab2ce54b346053507432fc61de42f58829ed07,exact_byte_level_duplicate
ISIC_0010356,ISIC_0010356.jpg,ISIC_0010356,ISIC_0010356.jpg,683de5c6b85bdf81b1191106c08f47cc59733ab5458031c1093dd01c7df2e2e5,exact_byte_level_duplicate
ISIC_0010864,ISIC_0010864.jpg,ISIC_0010864,ISIC_0010864.jpg,683f424ebf9cdb9f3510d6d1421309637ad359065341ba9ba02598b0e5fdbb50,exact_byte_level_duplicate
ISIC_0003308,ISIC_0003308.jpg,ISIC_0003308,ISIC_0003308.jpg,6930ec3f34e1f5634bc865721ac8ef96f6d570b06c67e1fce2d5040d0a054529,exact_byte_level_duplicate
ISIC_0011165,ISIC_0011165.jpg,ISIC_0011165,ISIC_0011165.jpg,69be33adb5d0426f685652f8cd5e8d1b23007666012ab2557cedbedb91c9077b,exact_byte_level_duplicate
ISIC_0006940,ISIC_0006940.jpg,ISIC_0006940,ISIC_0006940.jpg,69e4acff824eb0fedf8b79dd86b7de9564f38d92239aa85cca04014a4291f749,exact_byte_level_duplicate
ISIC_0000176,ISIC_0000176.jpg,ISIC_0000176,ISIC_0000176.jpg,69ebeb24076c071466637e8dd2cc97fcc0729b855648946e47b925b666b834bd,exact_byte_level_duplicate
ISIC_0010185,ISIC_0010185.jpg,ISIC_0010185,ISIC_0010185.jpg,6a28cd25689fde954df396707cc380aa7ca96a1298096ca3de520f8486fbcbaa,exact_byte_level_duplicate
ISIC_0011121,ISIC_0011121.jpg,ISIC_0011121,ISIC_0011121.jpg,6a4bcf0abc5dff508004c0bc101bc258f8cc98a2415446e8b2355ceced947560,exact_byte_level_duplicate
ISIC_0010178,ISIC_0010178.jpg,ISIC_0010178,ISIC_0010178.jpg,6aa4650f543dd1f42198ab18e41c2b839fe5576c84b64fe774eb2b856cca6e2c,exact_byte_level_duplicate
ISIC_0000215,ISIC_0000215.jpg,ISIC_0000215,ISIC_0000215.jpg,6b0e28b8721e51dcf9e0cfe5c82087688f3d62048d7a313754905d530a0a0293,exact_byte_level_duplicate
ISIC_0002885,ISIC_0002885.jpg,ISIC_0002885,ISIC_0002885.jpg,6b1a57bbbd4ed10055e45d04704909cefa16c0935a14a3a084784738977e6494,exact_byte_level_duplicate
ISIC_0010220,ISIC_0010220.jpg,ISIC_0010220,ISIC_0010220.jpg,6b3454910aac2fcd4681351b728ab0c190087acc649e5bc5b350b659d11e6a76,exact_byte_level_duplicate
ISIC_0010177,ISIC_0010177.jpg,ISIC_0010177,ISIC_0010177.jpg,6b6da5286afa448f440a257fcfbfd297a9535a78252b0145dba7c0a51bc97996,exact_byte_level_duplicate
ISIC_0010184,ISIC_0010184.jpg,ISIC_0010184,ISIC_0010184.jpg,6b77a6a48bdb16fc2a97b166c93a7194eb641f98937deb84ae1609d2a9b6ef28,exact_byte_level_duplicate
ISIC_0011146,ISIC_0011146.jpg,ISIC_0011146,ISIC_0011146.jpg,6b9b1961b61243ca31cb24264c484004cac7f625e54c82dd0e15af04816817c7,exact_byte_level_duplicate
ISIC_0008403,ISIC_0008403.jpg,ISIC_0008403,ISIC_0008403.jpg,6b9d0c64255b4562e24578f1b749bf8e6c1f4a4e396ecbb9bb0df1224f82e73c,exact_byte_level_duplicate
ISIC_0000122,ISIC_0000122.jpg,ISIC_0000122,ISIC_0000122.jpg,6c11f4f1cecb87d015447dce58a09be053b899fc157d9defc887caa9f41d7883,exact_byte_level_duplicate
ISIC_0000370,ISIC_0000370.jpg,ISIC_0000370,ISIC_0000370.jpg,6c6dfc5687dffedff153d73efb75ce2cc6f2300c0fcb6346254d674f697c8b46,exact_byte_level_duplicate
ISIC_0000046,ISIC_0000046.jpg,ISIC_0000046,ISIC_0000046.jpg,6c9bb3bbee5656ff8419e2a72fc94dac8dcfa01cd78f3c86af7636f499c5c6ed,exact_byte_level_duplicate
ISIC_0010105,ISIC_0010105.jpg,ISIC_0010105,ISIC_0010105.jpg,6d2899b4a32d645b18fb2f9a55b732dca776839d19815e296eeb1d1b09006ec2,exact_byte_level_duplicate
ISIC_0000315,ISIC_0000315.jpg,ISIC_0000315,ISIC_0000315.jpg,6da8b466a1c7ec87a1465703f398f3705981d21381e5303a0493363fa0534ac6,exact_byte_level_duplicate
ISIC_0000519,ISIC_0000519.jpg,ISIC_0000519,ISIC_0000519.jpg,6ddf43b7d189cb4b647fc1a5ce57a043c86db907d77bd92a0271843fc9ca2403,exact_byte_level_duplicate
ISIC_0000220,ISIC_0000220.jpg,ISIC_0000220,ISIC_0000220.jpg,6e16aa91b42b53a42dedf96a27eef21597c5b0171f230f6ff7c1e4347f657bfb,exact_byte_level_duplicate
ISIC_0000300,ISIC_0000300.jpg,ISIC_0000300,ISIC_0000300.jpg,6e25045680756f6c9dd4427be8980e0bc815bc5b5b0c3560dcbdb6f11c44d01f,exact_byte_level_duplicate
ISIC_0000157,ISIC_0000157.jpg,ISIC_0000157,ISIC_0000157.jpg,6e371260fd9a7aed6cb5f41e573082dc3ba6b8ead80a1ba9464f41589588cd89,exact_byte_level_duplicate
ISIC_0009533,ISIC_0009533.jpg,ISIC_0009533,ISIC_0009533.jpg,6e81dea9f505111ffc60dd3051185e1d66a31729d6275938b591eb563305fbaa,exact_byte_level_duplicate
ISIC_0000073,ISIC_0000073.jpg,ISIC_0000073,ISIC_0000073.jpg,6ef968cb1a0ab6a8f9461ba2ab608b44ca868293e37487f85fd7cf5e96cda26b,exact_byte_level_duplicate
ISIC_0000294,ISIC_0000294.jpg,ISIC_0000294,ISIC_0000294.jpg,6f07cb5d0d5af575acac0f9b8e2a38137f301a74c101ca61f09911a0df3220d9,exact_byte_level_duplicate
ISIC_0000256,ISIC_0000256.jpg,ISIC_0000256,ISIC_0000256.jpg,7031d9adc777fbbef042f9403c55d50b534ac0ba26a4e83b0e411ec2f1df32fe,exact_byte_level_duplicate
ISIC_0009938,ISIC_0009938.jpg,ISIC_0009938,ISIC_0009938.jpg,715869687b3d1c49d23c47ea83bd8ae945ad8fcc2cc92e070db371c9f446d98b,exact_byte_level_duplicate
ISIC_0000087,ISIC_0000087.jpg,ISIC_0000087,ISIC_0000087.jpg,719aa11981c92eda25c0506fa195d0a81c1c4a85feb1dfb24c2927b0d12efeaa,exact_byte_level_duplicate
ISIC_0000150,ISIC_0000150.jpg,ISIC_0000150,ISIC_0000150.jpg,71d5cecf55aa5629c575c43a2d80cbcad9eddf60901c2c2039c82b2dd1fe02bf,exact_byte_level_duplicate
ISIC_0010168,ISIC_0010168.jpg,ISIC_0010168,ISIC_0010168.jpg,71feecd18b7c2972830b9098f99c17764863c19beb5bf823fa780de0986cdcc5,exact_byte_level_duplicate
ISIC_0000204,ISIC_0000204.jpg,ISIC_0000204,ISIC_0000204.jpg,720caede855795d49a9ed16ee36f3f5f04cce5200e0ac6fe459d2ebc289d9d9f,exact_byte_level_duplicate
ISIC_0000426,ISIC_0000426.jpg,ISIC_0000426,ISIC_0000426.jpg,72663488158f74ed46537e9488fb96ddd7f26fcf136667f8aa4667d32016e78e,exact_byte_level_duplicate
ISIC_0000235,ISIC_0000235.jpg,ISIC_0000235,ISIC_0000235.jpg,72cdd9433f3c5295299c25ddb3d5fe27244ea182129b7b10ef325e558fd4cba8,exact_byte_level_duplicate
ISIC_0010447,ISIC_0010447.jpg,ISIC_0010447,ISIC_0010447.jpg,72ecaefbb4c42dd3ee0411a857c7619379c8fd8f48f909bfa18017654b6e85ac,exact_byte_level_duplicate
ISIC_0000050,ISIC_0000050.jpg,ISIC_0000050,ISIC_0000050.jpg,731bceb0bc06e03a6ffdd7b6f47a4d7b8f9c30709984fa382ccd39a2ad0a236c,exact_byte_level_duplicate
ISIC_0000079,ISIC_0000079.jpg,ISIC_0000079,ISIC_0000079.jpg,73b478fc1d67950131259f4ffa0f67a7da71b0661e7487c1e7dbc9ca8e7b669e,exact_byte_level_duplicate
ISIC_0000332,ISIC_0000332.jpg,ISIC_0000332,ISIC_0000332.jpg,73f1381f9f3dc7b673261894ff244efeec47dec14fe7c917b8c1bb480e1826b6,exact_byte_level_duplicate
ISIC_0000074,ISIC_0000074.jpg,ISIC_0000074,ISIC_0000074.jpg,744c6a4f5986888327f3e6e321d32cd048a95f20865c928b534155722fb9b6b1,exact_byte_level_duplicate
ISIC_0010466,ISIC_0010466.jpg,ISIC_0010466,ISIC_0010466.jpg,749edcf0b7aaa648798a26378acfed7c3d9e61b3f22689c4adea3f10c3fe814c,exact_byte_level_duplicate
ISIC_0000331,ISIC_0000331.jpg,ISIC_0000331,ISIC_0000331.jpg,74afce94eea5d4c6f6a6be027faee74dd7b9ee6927faf9ec05f017ce7ac525e4,exact_byte_level_duplicate
ISIC_0000285,ISIC_0000285.jpg,ISIC_0000285,ISIC_0000285.jpg,74dd66a6a7fbff72cbb22dbfaf76dd4cc82b8ed703570be385a99c85ab383211,exact_byte_level_duplicate
ISIC_0000423,ISIC_0000423.jpg,ISIC_0000423,ISIC_0000423.jpg,75201be9f1c941aeed474df2485f1b97c7a43cdff91b9625b73cffd3c9547ef4,exact_byte_level_duplicate
ISIC_0000006,ISIC_0000006.jpg,ISIC_0000006,ISIC_0000006.jpg,755896e5f1593d8b705f3c54c9b2632c7ba894eb89c36281f809564fc31d3d85,exact_byte_level_duplicate
ISIC_0008541,ISIC_0008541.jpg,ISIC_0008541,ISIC_0008541.jpg,75830c1807377a55df71c6afd77ecdc14790f74efe5b50939d96daafc9235320,exact_byte_level_duplicate
ISIC_0010370,ISIC_0010370.jpg,ISIC_0010370,ISIC_0010370.jpg,762b4e25f3b850f1706d092d8907181035cb469bf02ee0f35088c0a0621318a2,exact_byte_level_duplicate
ISIC_0009583,ISIC_0009583.jpg,ISIC_0009583,ISIC_0009583.jpg,762fcee2439253e44ce3c4dc8263cea96db04b74c7c96ba355d4755fc484660b,exact_byte_level_duplicate
ISIC_0010222,ISIC_0010222.jpg,ISIC_0010222,ISIC_0010222.jpg,76357ca069cc9eee899442b3e60d79f6001f5fa9aecac0d90754b2427954d676,exact_byte_level_duplicate
ISIC_0000051,ISIC_0000051.jpg,ISIC_0000051,ISIC_0000051.jpg,76df72cde7cd2f26d44624e896ac966c0dfe0bd41e0ba944d2fab644e7f44ccb,exact_byte_level_duplicate
ISIC_0000442,ISIC_0000442.jpg,ISIC_0000442,ISIC_0000442.jpg,775ebfca5e8fc82414d79593bb177791f5004d6fdee635afdbd0a910f5a3f158,exact_byte_level_duplicate
ISIC_0010479,ISIC_0010479.jpg,ISIC_0010479,ISIC_0010479.jpg,7782bba58e0dda2939989c83b03f619b8d133094ea05d59b4f8b8d7c585861c1,exact_byte_level_duplicate
ISIC_0000419,ISIC_0000419.jpg,ISIC_0000419,ISIC_0000419.jpg,7858dd04754d952c2a35ea352e6c1c5aab18439716796d972898692f385189de,exact_byte_level_duplicate
ISIC_0000097,ISIC_0000097.jpg,ISIC_0000097,ISIC_0000097.jpg,786ac6f0606fd75d8d67b792225200a3df3d163ab34ddecb2de390977feea35e,exact_byte_level_duplicate
ISIC_0000542,ISIC_0000542.jpg,ISIC_0000542,ISIC_0000542.jpg,79f38f2ac5b27d5825ef3d8e08221b2da8ae9d34db790a0738f0499749499ec1,exact_byte_level_duplicate
ISIC_0010024,ISIC_0010024.jpg,ISIC_0010024,ISIC_0010024.jpg,7a1b4da31325b34ad36976aed3598727bb0acd88844eb535d172783c8a4be9c1,exact_byte_level_duplicate
ISIC_0011135,ISIC_0011135.jpg,ISIC_0011135,ISIC_0011135.jpg,7a9b4d383e09fc6bbd076af56b5c24e793a1641c51d1d0c4d46b4d54a9bc6f4e,exact_byte_level_duplicate
ISIC_0009917,ISIC_0009917.jpg,ISIC_0009917,ISIC_0009917.jpg,7aa34ad5e0211c0ab0389b5226c09fdc4558d71f04120bcea9c6914efaaed2cd,exact_byte_level_duplicate
ISIC_0011212,ISIC_0011212.jpg,ISIC_0011212,ISIC_0011212.jpg,7b08c7e5408edd6a3789467ec053779629f33895cb3282b50dd7b9ad18913f7a,exact_byte_level_duplicate
ISIC_0011095,ISIC_0011095.jpg,ISIC_0011095,ISIC_0011095.jpg,7ba92a439698fbde0b5f2e20ba2a6e25b8691b48c2d425d904a92c277f35033c,exact_byte_level_duplicate
ISIC_0000531,ISIC_0000531.jpg,ISIC_0000531,ISIC_0000531.jpg,7cee756b51397840216a7b2c55a4458cfdd032d73cfb7be2239e9a9e4d0b77c5,exact_byte_level_duplicate
ISIC_0010332,ISIC_0010332.jpg,ISIC_0010332,ISIC_0010332.jpg,7dc1882cfb6f0c6936944bb79baf271fa8c72d29f5694c70c39bc745f5cfff9b,exact_byte_level_duplicate
ISIC_0000543,ISIC_0000543.jpg,ISIC_0000543,ISIC_0000543.jpg,7e07c59c5464c4f4a9e3794e5771e88508f5b56b60f83f686e8b87cf1c533ab9,exact_byte_level_duplicate
ISIC_0009873,ISIC_0009873.jpg,ISIC_0009873,ISIC_0009873.jpg,7e32225477cc077083a99ba16b0aeb746b026bfbf170c5b7a9b8a248045d0b06,exact_byte_level_duplicate
ISIC_0000207,ISIC_0000207.jpg,ISIC_0000207,ISIC_0000207.jpg,7e5c83c4ca30e08d97f93f5406ae28b29243ddf3e88a33eea930ec24cf0e3b0b,exact_byte_level_duplicate
ISIC_0010005,ISIC_0010005.jpg,ISIC_0010005,ISIC_0010005.jpg,7f497849529c68439df0d9ac9e6d8afc19c60f39a09768a16b449deacd31cb10,exact_byte_level_duplicate
ISIC_0000444,ISIC_0000444.jpg,ISIC_0000444,ISIC_0000444.jpg,7fba02897a96ea0e9bb3c6de804adda08c406cb25f16d5c24ada00155a1e2bb5,exact_byte_level_duplicate
ISIC_0000171,ISIC_0000171.jpg,ISIC_0000171,ISIC_0000171.jpg,7fc00970db001f43f04c81aaf3790a7abf4dc9f4fee349270dfce0eacba20a3a,exact_byte_level_duplicate
ISIC_0000455,ISIC_0000455.jpg,ISIC_0000455,ISIC_0000455.jpg,805efa363292bdb9143bfa152c051147e57eb124e7f2db309e6a22f987eec1b2,exact_byte_level_duplicate
ISIC_0010862,ISIC_0010862.jpg,ISIC_0010862,ISIC_0010862.jpg,8131517ed9a416075db33e52f551a0fe9832cc975b6215acda7d76e9f77387bd,exact_byte_level_duplicate
ISIC_0011158,ISIC_0011158.jpg,ISIC_0011158,ISIC_0011158.jpg,81c8397fb073c97f31bc86ea67143bd470844e035acb42afe25e6d47fbfe6443,exact_byte_level_duplicate
ISIC_0010468,ISIC_0010468.jpg,ISIC_0010468,ISIC_0010468.jpg,81e100abe5a753c01b8b40916123bc8d96f8feb56eb5e5f03ee4993d9ae8dc68,exact_byte_level_duplicate
ISIC_0000367,ISIC_0000367.jpg,ISIC_0000367,ISIC_0000367.jpg,81e28d669f1f8242a6e1106d6d58ffff25dad4d3e17956887c1f5d46e6e6ea5d,exact_byte_level_duplicate
ISIC_0011123,ISIC_0011123.jpg,ISIC_0011123,ISIC_0011123.jpg,82b59e5ee154c9081855a97bc1a92a46a583813d5e41520b9b53863f20225c37,exact_byte_level_duplicate
ISIC_0010471,ISIC_0010471.jpg,ISIC_0010471,ISIC_0010471.jpg,82c43f54d13d7f6cc966cb44b9ab2a861f626e72f8b3871f0a9728eee3d9a280,exact_byte_level_duplicate
ISIC_0000068,ISIC_0000068.jpg,ISIC_0000068,ISIC_0000068.jpg,842585542c59d7d88dd45574004b298de24ab917484dd4e47ee986046519acc9,exact_byte_level_duplicate
ISIC_0000349,ISIC_0000349.jpg,ISIC_0000349,ISIC_0000349.jpg,8483b9d3bb3c75bbd0b7e8e0820dd2086d00519c2824018ed31fb950c8207e6e,exact_byte_level_duplicate
ISIC_0000042,ISIC_0000042.jpg,ISIC_0000042,ISIC_0000042.jpg,84d19bc66b310ade1ed75c03fc7cdf5a1fb4b4b843baab72931c9d7d96f4b829,exact_byte_level_duplicate
ISIC_0011102,ISIC_0011102.jpg,ISIC_0011102,ISIC_0011102.jpg,851c9903170a033f58234bacf35234d4d90cbbb3de00a65fdb83969c7adb59fb,exact_byte_level_duplicate
ISIC_0000045,ISIC_0000045.jpg,ISIC_0000045,ISIC_0000045.jpg,85a0931b25dc38ba53a41caca2ac4ba61ca261912910ce3d4b3550f0fc315635,exact_byte_level_duplicate
ISIC_0010022,ISIC_0010022.jpg,ISIC_0010022,ISIC_0010022.jpg,85c26c76cedf7f4e731f1f39c7127c781af7a2c75070460dc4f3b440866af594,exact_byte_level_duplicate
ISIC_0011126,ISIC_0011126.jpg,ISIC_0011126,ISIC_0011126.jpg,8652ebc96ca45465c201843486aecaae339fbd40237805fb66f34040a3f331df,exact_byte_level_duplicate
ISIC_0000038,ISIC_0000038.jpg,ISIC_0000038,ISIC_0000038.jpg,8658328291419a4a84da051527b23bc012504bf2bfba30aab42486d690367335,exact_byte_level_duplicate
ISIC_0000209,ISIC_0000209.jpg,ISIC_0000209,ISIC_0000209.jpg,866a4a482e5c24f74d7f4ae883fd76fe5410fdeb01c34c1720e163eb235bb786,exact_byte_level_duplicate
ISIC_0002287,ISIC_0002287.jpg,ISIC_0002287,ISIC_0002287.jpg,86bda9c337502cb5271fc53fd97e3594c6dbe333c8da2caa7242175e963a13bb,exact_byte_level_duplicate
ISIC_0010233,ISIC_0010233.jpg,ISIC_0010233,ISIC_0010233.jpg,872c3e142359854cc42101c6486704632e99aa96b47022d19a8d80b19bd7b5a2,exact_byte_level_duplicate
ISIC_0000293,ISIC_0000293.jpg,ISIC_0000293,ISIC_0000293.jpg,8794a8e9d8f0f0ba648583ee3d19e1f324c714f96a0ff56287f63cf3c43f3d02,exact_byte_level_duplicate
ISIC_0000245,ISIC_0000245.jpg,ISIC_0000245,ISIC_0000245.jpg,887cca4ccd6eaf0d960994a1259314a26f49258218af8cb85f9e88ac881d1577,exact_byte_level_duplicate
ISIC_0000139,ISIC_0000139.jpg,ISIC_0000139,ISIC_0000139.jpg,88945463860b42b5d6de7142e5aa53b0e14ed99b7e49465acf21d40a973dc82b,exact_byte_level_duplicate
ISIC_0009344,ISIC_0009344.jpg,ISIC_0009344,ISIC_0009344.jpg,88f017f95f6352ba476769f6f15dc0de98c968e25708c6c65083bb777b559b9b,exact_byte_level_duplicate
ISIC_0000011,ISIC_0000011.jpg,ISIC_0000011,ISIC_0000011.jpg,89b4ad94bf50ed5d37e7cafab8fc98adcb302da85853c67672ebaca0fcb1d526,exact_byte_level_duplicate
ISIC_0000447,ISIC_0000447.jpg,ISIC_0000447,ISIC_0000447.jpg,8a4f3020f42fa8feea2baf56d3ccc2ee6a7d68a8b99be5c48ddfb5da9ecf1d7a,exact_byte_level_duplicate
ISIC_0010006,ISIC_0010006.jpg,ISIC_0010006,ISIC_0010006.jpg,8a85ad99683d770ad088cb444ca0321a69d20536441bc76455e941bf80ac080f,exact_byte_level_duplicate
ISIC_0000103,ISIC_0000103.jpg,ISIC_0000103,ISIC_0000103.jpg,8a8b34ce2ac35d00280c74a1d6b468c0422c737f59688f3e02639bc41b7358fb,exact_byte_level_duplicate
ISIC_0009963,ISIC_0009963.jpg,ISIC_0009963,ISIC_0009963.jpg,8b6aed5afcb00ac880fbf66e457783310f2b7adc11f8ecb147896b5fceb88b9d,exact_byte_level_duplicate
ISIC_0000108,ISIC_0000108.jpg,ISIC_0000108,ISIC_0000108.jpg,8bade94473673c4765352ac1d7c909b7559d58163020c5f45ed0170b65c21838,exact_byte_level_duplicate
ISIC_0000119,ISIC_0000119.jpg,ISIC_0000119,ISIC_0000119.jpg,8c9a6fb22042087bbcd3bd6cc23b1c98adf27fcad7879642ab4bb61069f79b6c,exact_byte_level_duplicate
ISIC_0000018,ISIC_0000018.jpg,ISIC_0000018,ISIC_0000018.jpg,8d207f610f33367debb007d07fe7aba13af0206a13a89653a9b9ed46bab562c9,exact_byte_level_duplicate
ISIC_0000288,ISIC_0000288.jpg,ISIC_0000288,ISIC_0000288.jpg,8e58f616d93ce3e4995b6188ed637122fb7b60d76cae7bd7b923898a05dbd2fc,exact_byte_level_duplicate
ISIC_0007760,ISIC_0007760.jpg,ISIC_0007760,ISIC_0007760.jpg,8e6ba6c49e72ea5e73f5b1985a091cb882400c9dccc3818733fe09eb1efc72f1,exact_byte_level_duplicate
ISIC_0010329,ISIC_0010329.jpg,ISIC_0010329,ISIC_0010329.jpg,8eba39b53bc6ff90c65cfebee9bebbd46d0cb803489ebd12cde075d6384db008,exact_byte_level_duplicate
ISIC_0010861,ISIC_0010861.jpg,ISIC_0010861,ISIC_0010861.jpg,8f50580e84ae31f03964e08b38ade20ab5774cfa80026338d2a1bf5c43e305ad,exact_byte_level_duplicate
ISIC_0006982,ISIC_0006982.jpg,ISIC_0006982,ISIC_0006982.jpg,8f54cc9b76d25b1bf3c339b0b23d6ee3050a99269391ed4d2e1ad1ae3b8047bd,exact_byte_level_duplicate
ISIC_0010570,ISIC_0010570.jpg,ISIC_0010570,ISIC_0010570.jpg,8fbe58bf0c446a45d3e9d7a1d984bbad952fc76427377b396b53d8416043e266,exact_byte_level_duplicate
ISIC_0000062,ISIC_0000062.jpg,ISIC_0000062,ISIC_0000062.jpg,8fbfc512889d9a0df61169dc9176bb3fd611c3274a06dec9ea7a22b94e6f03d7,exact_byte_level_duplicate
ISIC_0010571,ISIC_0010571.jpg,ISIC_0010571,ISIC_0010571.jpg,906f1fb8725834de486ead0f6127770c9a03a298da764d54d79103330667db52,exact_byte_level_duplicate
ISIC_0010053,ISIC_0010053.jpg,ISIC_0010053,ISIC_0010053.jpg,909dca66bb5f2f8e1c3e9c7cac3dec8a4f69e6c8303b88e34de97434f30b1ffa,exact_byte_level_duplicate
ISIC_0000028,ISIC_0000028.jpg,ISIC_0000028,ISIC_0000028.jpg,91b99ac35d84dc065b1304f934ddae9b8a3e19f98f9ccaf07d0ef690d3306de0,exact_byte_level_duplicate
ISIC_0011223,ISIC_0011223.jpg,ISIC_0011223,ISIC_0011223.jpg,920ac1dba46830acc5196a78756bdb10476d9b9076f839ada2d537b538b0ba12,exact_byte_level_duplicate
ISIC_0000290,ISIC_0000290.jpg,ISIC_0000290,ISIC_0000290.jpg,92210c5b406d2b2b7118af98b7ea56b801aacfb4373aa412be97abc34dc7bdd0,exact_byte_level_duplicate
ISIC_0000049,ISIC_0000049.jpg,ISIC_0000049,ISIC_0000049.jpg,9263713e88ac96d6f1507622e7f2e6cb9bac434629e51f541f576907b148f5ac,exact_byte_level_duplicate
ISIC_0010585,ISIC_0010585.jpg,ISIC_0010585,ISIC_0010585.jpg,92b9a7c34d8ae5994467f23f8382f20d94b1863d02eedeae5367a08bb4b6bfe3,exact_byte_level_duplicate
ISIC_0000391,ISIC_0000391.jpg,ISIC_0000391,ISIC_0000391.jpg,9344b35f3f4f6be6217ac9bb4899f7a58d255d170cef1904773fe4f16d6e3cbd,exact_byte_level_duplicate
ISIC_0000135,ISIC_0000135.jpg,ISIC_0000135,ISIC_0000135.jpg,935f0a6a800a60eefa7bfe4f9186c0413073ee275838bb8f9179a698e065ecbb,exact_byte_level_duplicate
ISIC_0011099,ISIC_0011099.jpg,ISIC_0011099,ISIC_0011099.jpg,93be55f9bc10c42584addd445a19ee25ce24e9aa475cb1a16baeddd250d10369,exact_byte_level_duplicate
ISIC_0000237,ISIC_0000237.jpg,ISIC_0000237,ISIC_0000237.jpg,93da975dae950f0ec3b55a990ee0b18d5b093e64e8935430be58034cf8c32217,exact_byte_level_duplicate
ISIC_0010852,ISIC_0010852.jpg,ISIC_0010852,ISIC_0010852.jpg,93ed3a1ac2a534c192b0be6d0ec71883e562d577129e429b7236c33e7fa9e3cd,exact_byte_level_duplicate
ISIC_0000078,ISIC_0000078.jpg,ISIC_0000078,ISIC_0000078.jpg,942b7e2e01c8034ec8e39393c334c6f396898900d100b65d6ef6c1b1246dcf6f,exact_byte_level_duplicate
ISIC_0000244,ISIC_0000244.jpg,ISIC_0000244,ISIC_0000244.jpg,954164c8e7fb643df5b05a0036d18822b64b25f8d2c0aaa61d02d4384540d8e3,exact_byte_level_duplicate
ISIC_0000024,ISIC_0000024.jpg,ISIC_0000024,ISIC_0000024.jpg,9545f02cfc565bfb13e184d68b3bd6528ffb70f73fdc7d4d7d0cb700818a8364,exact_byte_level_duplicate
ISIC_0011215,ISIC_0011215.jpg,ISIC_0011215,ISIC_0011215.jpg,9564890ebc6a635ef71a9d02d1e9d31d3db4d4af796612a269e5c8c5ba2c9495,exact_byte_level_duplicate
ISIC_0000495,ISIC_0000495.jpg,ISIC_0000495,ISIC_0000495.jpg,95653efd5cb5b9b11cb86b2170d776af0da548a9f57e7e95885e8f329846d12b,exact_byte_level_duplicate
ISIC_0000094,ISIC_0000094.jpg,ISIC_0000094,ISIC_0000094.jpg,962e1cb0c59e399be9863bee8b0edc65f55bfeb9c7bfd3d415037e0e05205221,exact_byte_level_duplicate
ISIC_0000522,ISIC_0000522.jpg,ISIC_0000522,ISIC_0000522.jpg,9664430da63ef61e282aab6e1a07a0f56e8c5708a39c9194baf6a4b11cbed25e,exact_byte_level_duplicate
ISIC_0000556,ISIC_0000556.jpg,ISIC_0000556,ISIC_0000556.jpg,9680672b79cfeac81b9c18354df1d8b3e4f7423cde412c020c2e3d82e30252c6,exact_byte_level_duplicate
ISIC_0010213,ISIC_0010213.jpg,ISIC_0010213,ISIC_0010213.jpg,96ebd5550c2e841201ae20de6c84694432f980e7025047e2f2224e01e6dc2d8c,exact_byte_level_duplicate
ISIC_0008145,ISIC_0008145.jpg,ISIC_0008145,ISIC_0008145.jpg,96ef1c1128154685e159bd60e9630694b0496f8326c68b1bd8b059c6290adba8,exact_byte_level_duplicate
ISIC_0010487,ISIC_0010487.jpg,ISIC_0010487,ISIC_0010487.jpg,973b1ef67f9e47d59db965cbf53fde323d422b02f19f6d1636ebd2d704a5f3e6,exact_byte_level_duplicate
ISIC_0011327,ISIC_0011327.jpg,ISIC_0011327,ISIC_0011327.jpg,9745effd71ed10516869e4fc597d73209649ed83c7265c310bde067749ea2e9e,exact_byte_level_duplicate
ISIC_0011114,ISIC_0011114.jpg,ISIC_0011114,ISIC_0011114.jpg,9771f4b92b286683b9a38978340f9a19b8446eb5354e250552c96eeac770a089,exact_byte_level_duplicate
ISIC_0000439,ISIC_0000439.jpg,ISIC_0000439,ISIC_0000439.jpg,983772970ff6a3b2427e69da37eac598dffa9488d597386018a41b0688384c48,exact_byte_level_duplicate
ISIC_0010090,ISIC_0010090.jpg,ISIC_0010090,ISIC_0010090.jpg,98a1f577f2264b5093812cf324a404f8692f8be6f77514511dc892235311bd03,exact_byte_level_duplicate
ISIC_0000205,ISIC_0000205.jpg,ISIC_0000205,ISIC_0000205.jpg,98b247eefc4242fd034d6c9c52b13af78612d63e87bd8b5f4c1b87e1d001a3f6,exact_byte_level_duplicate
ISIC_0001152,ISIC_0001152.jpg,ISIC_0001152,ISIC_0001152.jpg,99925a4116013ac6d7fc0d9143573891dbf2a6717d13159e5a9a0cf9eb051acc,exact_byte_level_duplicate
ISIC_0010246,ISIC_0010246.jpg,ISIC_0010246,ISIC_0010246.jpg,999396fafd141a174babc72627b2200c0434753a9a22706f0666ac15d865bb9a,exact_byte_level_duplicate
ISIC_0010044,ISIC_0010044.jpg,ISIC_0010044,ISIC_0010044.jpg,9a28dcd2248b46b8007c52d19f2cb5be94d6aa8e59f4fe437c22a01845e2a2e4,exact_byte_level_duplicate
ISIC_0000413,ISIC_0000413.jpg,ISIC_0000413,ISIC_0000413.jpg,9a4e480046b89af6499a066c8f5659abc31e1ab442f1ff9eda3acca44d496c22,exact_byte_level_duplicate
ISIC_0010569,ISIC_0010569.jpg,ISIC_0010569,ISIC_0010569.jpg,9a91b64ea9aafc764c2c00d456e51742642255e4d1c4dd8fdc4534a7045e8b2d,exact_byte_level_duplicate
ISIC_0000153,ISIC_0000153.jpg,ISIC_0000153,ISIC_0000153.jpg,9a98b340ec5654988855a9779449defa2c2ec05c71359be71dfa8f802542df17,exact_byte_level_duplicate
ISIC_0011230,ISIC_0011230.jpg,ISIC_0011230,ISIC_0011230.jpg,9b466de0ffbce6609af57302af41c4a9cc1a9867f63f773ac852c22dd163900f,exact_byte_level_duplicate
ISIC_0011361,ISIC_0011361.jpg,ISIC_0011361,ISIC_0011361.jpg,9b4a34bfa15dc4023e3c8d48992113b804bc5c7a5f8f81ec9a533c29153eabc0,exact_byte_level_duplicate
ISIC_0011145,ISIC_0011145.jpg,ISIC_0011145,ISIC_0011145.jpg,9bb14fa8856b561af0d5eee9fab988b91a5ddbe9ae37bb520199a1729518aa7c,exact_byte_level_duplicate
ISIC_0000355,ISIC_0000355.jpg,ISIC_0000355,ISIC_0000355.jpg,9c6eaa2fab2e7454cbf66234ceb962e731950d5a8db30b2741e30a7443bf3b19,exact_byte_level_duplicate
ISIC_0000544,ISIC_0000544.jpg,ISIC_0000544,ISIC_0000544.jpg,9cb26fd852491c34122c9d963eb5dd3ab6bd75853fa8e3d9b1a7b1367bfe8858,exact_byte_level_duplicate
ISIC_0000436,ISIC_0000436.jpg,ISIC_0000436,ISIC_0000436.jpg,9d2c6d2b7c3d82497c58f8b76f1a633ee84595feaf9b5c9b4286fd5434853cb6,exact_byte_level_duplicate
ISIC_0004985,ISIC_0004985.jpg,ISIC_0004985,ISIC_0004985.jpg,9d70a82ec8deef44b14c0c676a19843c5ae777044235a90681594e640ae9397d,exact_byte_level_duplicate
ISIC_0010358,ISIC_0010358.jpg,ISIC_0010358,ISIC_0010358.jpg,9d8746121cf6a7fd40b42d1412968a56996d8346b1e9ab4997b289b132a6338b,exact_byte_level_duplicate
ISIC_0000159,ISIC_0000159.jpg,ISIC_0000159,ISIC_0000159.jpg,9db233afe7f71c6dd431acf1994c4d56c4ac5687d8740be7d1810f4eb3db34b6,exact_byte_level_duplicate
ISIC_0009919,ISIC_0009919.jpg,ISIC_0009919,ISIC_0009919.jpg,9e4b03a2ce24a734d1e0a8011f49b69b4ba7ff232673e76d5922a71e1e9d6f22,exact_byte_level_duplicate
ISIC_0009972,ISIC_0009972.jpg,ISIC_0009972,ISIC_0009972.jpg,9e7053656044fafac734d1f6d1bf22767355365f13aacf3e55343123db8e2e1f,exact_byte_level_duplicate
ISIC_0011136,ISIC_0011136.jpg,ISIC_0011136,ISIC_0011136.jpg,9ecb5e5ce32f5a85d084a07b68151cdab58b90e88f6658c44b71bc7bb869d8eb,exact_byte_level_duplicate
ISIC_0010003,ISIC_0010003.jpg,ISIC_0010003,ISIC_0010003.jpg,9f4eb1851661761bb4eb9e9b736d554df144361160b36fee5a0624dbf9e39b8f,exact_byte_level_duplicate
ISIC_0002489,ISIC_0002489.jpg,ISIC_0002489,ISIC_0002489.jpg,9fba94c6e59c3a27aa80072e1a438cac415290af0f4bfe5ccb541ea393ea9f38,exact_byte_level_duplicate
ISIC_0011304,ISIC_0011304.jpg,ISIC_0011304,ISIC_0011304.jpg,a00a6f6defaba48d4874d16ef44c031bb02394b3be8e2919f6f0dd08e427da62,exact_byte_level_duplicate
ISIC_0000363,ISIC_0000363.jpg,ISIC_0000363,ISIC_0000363.jpg,a03864348306af783f36e10c41f97852079c33079dc810ff2d4a6ccacfc5bba7,exact_byte_level_duplicate
ISIC_0000369,ISIC_0000369.jpg,ISIC_0000369,ISIC_0000369.jpg,a0dde54d33e47930cec7ce7667d307b03cefb60aa81898c2dc1ad473cab9914c,exact_byte_level_duplicate
ISIC_0000471,ISIC_0000471.jpg,ISIC_0000471,ISIC_0000471.jpg,a0e8002ce5b8b7872818ccfe36525f8f7e88d7a82d02f9cfc2b2ecb238a17a78,exact_byte_level_duplicate
ISIC_0000443,ISIC_0000443.jpg,ISIC_0000443,ISIC_0000443.jpg,a112c506a989d9c059812de7d7998c881f002958d362c0edee0b39cb3a5afd63,exact_byte_level_duplicate
ISIC_0000353,ISIC_0000353.jpg,ISIC_0000353,ISIC_0000353.jpg,a1163b6f50dedf74cc35088f0683a2491dc2d2c0c753088f51605937640c28b7,exact_byte_level_duplicate
ISIC_0010342,ISIC_0010342.jpg,ISIC_0010342,ISIC_0010342.jpg,a1ba022ce525e5dddb34cbca557f1a6852ad962ef80e9fd03733c308c09923b0,exact_byte_level_duplicate
ISIC_0000093,ISIC_0000093.jpg,ISIC_0000093,ISIC_0000093.jpg,a21572a5f00581468c46ab5ac14cd615b3938d9c633067ac88d8c8a6b2832ef9,exact_byte_level_duplicate
ISIC_0000478,ISIC_0000478.jpg,ISIC_0000478,ISIC_0000478.jpg,a257f7e22b6a361f1a5d991f160bb38d5a32fe55d90f4c2b15dbf3b8cb147ac8,exact_byte_level_duplicate
ISIC_0010080,ISIC_0010080.jpg,ISIC_0010080,ISIC_0010080.jpg,a2db14dd5abe2f8bc48bbc4b35e386d9e41fffa777cf1b08cecacd5daab0faff,exact_byte_level_duplicate
ISIC_0000185,ISIC_0000185.jpg,ISIC_0000185,ISIC_0000185.jpg,a31aafe6ec5ec7aff4fc774ad9dcc702db6b7b586c379aff171d21863bae01bc,exact_byte_level_duplicate
ISIC_0011097,ISIC_0011097.jpg,ISIC_0011097,ISIC_0011097.jpg,a32488c02c97fbfd694d2d303e3819c7d3aba95db5ff669f60dcc36e5eb1fb9b,exact_byte_level_duplicate
ISIC_0000360,ISIC_0000360.jpg,ISIC_0000360,ISIC_0000360.jpg,a36fa4bfb401a8c2d2c00f1129ea63fc1efebfc657798e8ca8993866ba4ca8c9,exact_byte_level_duplicate
ISIC_0009974,ISIC_0009974.jpg,ISIC_0009974,ISIC_0009974.jpg,a439b4a258c93a5f9b762dd75b01ed5b97b490c6b8c808f3887b7353bf93122b,exact_byte_level_duplicate
ISIC_0010054,ISIC_0010054.jpg,ISIC_0010054,ISIC_0010054.jpg,a45e17c0af04ce24d1e200650f394bf822ddc174f62d5ac98c45e4ad1408879b,exact_byte_level_duplicate
ISIC_0000342,ISIC_0000342.jpg,ISIC_0000342,ISIC_0000342.jpg,a4c3eab9b59426c6cb5cf1d23cf3caae017863f35f5b55854a20678efe1c28af,exact_byte_level_duplicate
ISIC_0008396,ISIC_0008396.jpg,ISIC_0008396,ISIC_0008396.jpg,a66cef855b2df74bb13363ee012463739c307381911449713bf09d4d3ca6b461,exact_byte_level_duplicate
ISIC_0000133,ISIC_0000133.jpg,ISIC_0000133,ISIC_0000133.jpg,a66e588ac4ae66d0438ad50530fcb51c8d9de8476c7faf41cde692d3c2b33816,exact_byte_level_duplicate
ISIC_0010853,ISIC_0010853.jpg,ISIC_0010853,ISIC_0010853.jpg,a719123ccaaa16e6dbc0f27d610896b1fb50dfd758268962e4042214ea7450ca,exact_byte_level_duplicate
ISIC_0000297,ISIC_0000297.jpg,ISIC_0000297,ISIC_0000297.jpg,a7fd5964526e4ce57e7d23804e03d336a0efea5652bae6f88e21239dca4d5ed0,exact_byte_level_duplicate
ISIC_0000186,ISIC_0000186.jpg,ISIC_0000186,ISIC_0000186.jpg,a887ee6e159540c6bbe4a25fba2dfdd47c4e55754e0c909276a1ea5b8a137158,exact_byte_level_duplicate
ISIC_0000451,ISIC_0000451.jpg,ISIC_0000451,ISIC_0000451.jpg,a89ada433222c427dd12ff6c439d1d6399f2120b14e080a19862a22c9eb824d7,exact_byte_level_duplicate
ISIC_0000091,ISIC_0000091.jpg,ISIC_0000091,ISIC_0000091.jpg,a89e918c7455aeecc33ee2b51c48edf998c33b498186864befae7ac13e8fd5b0,exact_byte_level_duplicate
ISIC_0011402,ISIC_0011402.jpg,ISIC_0011402,ISIC_0011402.jpg,a90343b669d56008fbb78af4542b7f8451c651c98b38af9bb7133700b6ca015b,exact_byte_level_duplicate
ISIC_0010094,ISIC_0010094.jpg,ISIC_0010094,ISIC_0010094.jpg,a9f47a9f1d4c541163eb85cb76ccefa295982a7f5f0fe0090de1c07ddcf9468d,exact_byte_level_duplicate
ISIC_0000130,ISIC_0000130.jpg,ISIC_0000130,ISIC_0000130.jpg,aacd2ebd9551ee4de55a1d405d5dd65debb04bc90965bc5f52931567298baf35,exact_byte_level_duplicate
ISIC_0010194,ISIC_0010194.jpg,ISIC_0010194,ISIC_0010194.jpg,ab087ac9184b2a05729045dc0e85775acadf999ebb91b96bd2d3990ee0cc8773,exact_byte_level_duplicate
ISIC_0009935,ISIC_0009935.jpg,ISIC_0009935,ISIC_0009935.jpg,ab140f223cf2f84e4a81e179fafd571c36adfe7dafb83b4eb3cc7395e0f3be0c,exact_byte_level_duplicate
ISIC_0000034,ISIC_0000034.jpg,ISIC_0000034,ISIC_0000034.jpg,abc60105e5f79815df7d21001ad1d1d32fa991f764c141c4667c2432238f6439,exact_byte_level_duplicate
ISIC_0000352,ISIC_0000352.jpg,ISIC_0000352,ISIC_0000352.jpg,ac150f5727d2210964e95f4f8ce8e0f34281cc405a9b84903436eab8f907d0ed,exact_byte_level_duplicate
ISIC_0000193,ISIC_0000193.jpg,ISIC_0000193,ISIC_0000193.jpg,ac1a5d3ef9c0a9290f8e89dbb81d5a0cda1459f467f7cbeb4b68f095f74dc048,exact_byte_level_duplicate
ISIC_0011124,ISIC_0011124.jpg,ISIC_0011124,ISIC_0011124.jpg,ae4a675d916eb62e6773f6d392e179c211c5fd40efe3faa7d0615f0bf9a5dffd,exact_byte_level_duplicate
ISIC_0011157,ISIC_0011157.jpg,ISIC_0011157,ISIC_0011157.jpg,aedcb412defb13a5a955aa9ebb3d74d074899110a63a6f895752cce6ec37a57d,exact_byte_level_duplicate
ISIC_0010176,ISIC_0010176.jpg,ISIC_0010176,ISIC_0010176.jpg,af8cce1974eaf407d15d1e6ae5fd0d9587b512eaade529ce5da6c97419e0d872,exact_byte_level_duplicate
ISIC_0001102,ISIC_0001102.jpg,ISIC_0001102,ISIC_0001102.jpg,af8e1a8e6bbb980c4c7880a6a33c716aadeff30be961e618997bbb5320d84a79,exact_byte_level_duplicate
ISIC_0000473,ISIC_0000473.jpg,ISIC_0000473,ISIC_0000473.jpg,af9ba2065e9886d77441808a886d07e515e99d86d3073d0688133428c347e7f4,exact_byte_level_duplicate
ISIC_0000140,ISIC_0000140.jpg,ISIC_0000140,ISIC_0000140.jpg,afc2f33c755e289c2b901a68b630f6c7d0c1fe61e9fd2ffbaff1245e30333fe5,exact_byte_level_duplicate
ISIC_0010186,ISIC_0010186.jpg,ISIC_0010186,ISIC_0010186.jpg,afd5a56e4d07d430961de354addffcec2be68d39e5090d6d2869500559f69ace,exact_byte_level_duplicate
ISIC_0000474,ISIC_0000474.jpg,ISIC_0000474,ISIC_0000474.jpg,b080bd326cedb53e15751a81d301dc932b0c104e75fd5cd8412d2999b3fddd88,exact_byte_level_duplicate
ISIC_0002374,ISIC_0002374.jpg,ISIC_0002374,ISIC_0002374.jpg,b0ae2f5c1d7534c9cbe928ca9f1f7846828f95bcd2429afb255e1568d6ee1807,exact_byte_level_duplicate
ISIC_0000434,ISIC_0000434.jpg,ISIC_0000434,ISIC_0000434.jpg,b0cbf88f1fde8a8c449943df165f5895e6822b8fa114d88417f9f692c31b7686,exact_byte_level_duplicate
ISIC_0000460,ISIC_0000460.jpg,ISIC_0000460,ISIC_0000460.jpg,b1066c0d2a16a48aa9fc6130284186acfd897b4fe2152f335056545c43983f34,exact_byte_level_duplicate
ISIC_0009961,ISIC_0009961.jpg,ISIC_0009961,ISIC_0009961.jpg,b10e708bba5aef5b8485b2d197740c9dcf767ce5d40fcc7eb438467f4f4bc99e,exact_byte_level_duplicate
ISIC_0010070,ISIC_0010070.jpg,ISIC_0010070,ISIC_0010070.jpg,b1227fafa5cce6dd7350ce64c9ca6b248a8590d719f79ee53884df78867385b6,exact_byte_level_duplicate
ISIC_0006350,ISIC_0006350.jpg,ISIC_0006350,ISIC_0006350.jpg,b163d679715f9d2353133f8f512c7fe3bd3e63771b7cec73e7de45834da58696,exact_byte_level_duplicate
ISIC_0009932,ISIC_0009932.jpg,ISIC_0009932,ISIC_0009932.jpg,b1d847784705eef05eaa2b806bb57895007855672e54a0e068ad07e7a623cf5c,exact_byte_level_duplicate
ISIC_0000506,ISIC_0000506.jpg,ISIC_0000506,ISIC_0000506.jpg,b26c667f3fd197157e38c8579e21c111ae8c7adb1def1006c8df8a79aef2eb90,exact_byte_level_duplicate
ISIC_0000184,ISIC_0000184.jpg,ISIC_0000184,ISIC_0000184.jpg,b33e5466b5086805e79e20c042431193dffed072d2ef4c7cbe90998a598416e6,exact_byte_level_duplicate
ISIC_0000112,ISIC_0000112.jpg,ISIC_0000112,ISIC_0000112.jpg,b3fbea53ea5045029b25c022f32091cd222f1903ec05b98540c266ea269db369,exact_byte_level_duplicate
ISIC_0008236,ISIC_0008236.jpg,ISIC_0008236,ISIC_0008236.jpg,b4ca8aedf63f7af1b9d33acea1fc4ba36145597d7e98d791a9765227a38f5818,exact_byte_level_duplicate
ISIC_0000148,ISIC_0000148.jpg,ISIC_0000148,ISIC_0000148.jpg,b597a35074417e439d6197ca3edb2178dddaa3a44d59525669a7295a1ca133da,exact_byte_level_duplicate
ISIC_0009883,ISIC_0009883.jpg,ISIC_0009883,ISIC_0009883.jpg,b5c7e1846c51fd49665532f19a489bb92429e611e3785c93a9c5302e6bb7b68a,exact_byte_level_duplicate
ISIC_0005666,ISIC_0005666.jpg,ISIC_0005666,ISIC_0005666.jpg,b64aab57fa856a024ee4bd0c08c5d5f23a8874103c50c759a1c458a701229621,exact_byte_level_duplicate
ISIC_0010075,ISIC_0010075.jpg,ISIC_0010075,ISIC_0010075.jpg,b6817fc3ff5a57dd30c3fc823aedc98bf47d4cea66b08d2085f9bf97012df84c,exact_byte_level_duplicate
ISIC_0010475,ISIC_0010475.jpg,ISIC_0010475,ISIC_0010475.jpg,b6843b7f90f34be635af04c802fb4b517fce40c23ae34d2467f0924295a4d067,exact_byte_level_duplicate
ISIC_0009936,ISIC_0009936.jpg,ISIC_0009936,ISIC_0009936.jpg,b6e54c0a4ea209c5c43ec75f843b2f05487f4965b7e05437b2f02692b32c21de,exact_byte_level_duplicate
ISIC_0001105,ISIC_0001105.jpg,ISIC_0001105,ISIC_0001105.jpg,b73fb68e1f21164a3a1f970aa956cd5f84b8518e92cd63a0084c5d115ba9eeb3,exact_byte_level_duplicate
ISIC_0010227,ISIC_0010227.jpg,ISIC_0010227,ISIC_0010227.jpg,b756dd25290fcbfcb470410dc73f50a3c85314848d17c805abac1ab0d26fe82d,exact_byte_level_duplicate
ISIC_0000326,ISIC_0000326.jpg,ISIC_0000326,ISIC_0000326.jpg,b80d555dc60a622df297eb2d98444164710be9c96a3f63c538c22865cdbae731,exact_byte_level_duplicate
ISIC_0000218,ISIC_0000218.jpg,ISIC_0000218,ISIC_0000218.jpg,b88c66c64cb3645a024b587d5de3bc4d403f7695cbfb5a15eabaf6c3fbb52f9b,exact_byte_level_duplicate
ISIC_0010857,ISIC_0010857.jpg,ISIC_0010857,ISIC_0010857.jpg,b890d72a8ba565fe07ace7dd16aca04682b7ee0148fc6e9370eb0774f5ec4cb7,exact_byte_level_duplicate
ISIC_0004110,ISIC_0004110.jpg,ISIC_0004110,ISIC_0004110.jpg,b90720b6ce9cd9ee9c4f94f0ed34082d6ef2f1d11c34d0dc9a7e9ae8708dfd29,exact_byte_level_duplicate
ISIC_0000031,ISIC_0000031.jpg,ISIC_0000031,ISIC_0000031.jpg,b9163c2ffcdb267bf325b2515a69722a9c1fb717c7384e82a50aa791bc35664c,exact_byte_level_duplicate
ISIC_0009971,ISIC_0009971.jpg,ISIC_0009971,ISIC_0009971.jpg,b924d0a189627ad4013e05ef22447af2b80ff857af119d525591cca4f8250ab6,exact_byte_level_duplicate
ISIC_0011115,ISIC_0011115.jpg,ISIC_0011115,ISIC_0011115.jpg,b93c57af19002c5c3430e2c847a7df0ac7027264d2ffbb55a0854f5cd5fdb174,exact_byte_level_duplicate
ISIC_0010017,ISIC_0010017.jpg,ISIC_0010017,ISIC_0010017.jpg,b99f4485850a783eb27817c4bc898e8f271093d24314bc04f3e00d45cfcddde3,exact_byte_level_duplicate
ISIC_0010554,ISIC_0010554.jpg,ISIC_0010554,ISIC_0010554.jpg,b9f3edf14b92b6b7a67642616b9e65a0c4706524693f7da66ca605bb68c881bc,exact_byte_level_duplicate
ISIC_0000255,ISIC_0000255.jpg,ISIC_0000255,ISIC_0000255.jpg,ba100f7fecb784c55060171436510b3d676e10cde0db299fa0f8ac4dc3d347dd,exact_byte_level_duplicate
ISIC_0000250,ISIC_0000250.jpg,ISIC_0000250,ISIC_0000250.jpg,ba78109608c85e63d4ba54443ceb1c94609719592c2dd96026dfaaae18a385ca,exact_byte_level_duplicate
ISIC_0000281,ISIC_0000281.jpg,ISIC_0000281,ISIC_0000281.jpg,ba7a0b389c10fd38345643947f084fe6020f2c254d7973682b8a202db6552d8c,exact_byte_level_duplicate
ISIC_0009949,ISIC_0009949.jpg,ISIC_0009949,ISIC_0009949.jpg,baccc7f41bb309739db92d7d8962ff3746e98749fa982e73264c5e51875b8b19,exact_byte_level_duplicate
ISIC_0010567,ISIC_0010567.jpg,ISIC_0010567,ISIC_0010567.jpg,bacdf3d94fd4dc4647a483521b46d96f6af9b7534ec738c0ea65c968ca1aed36,exact_byte_level_duplicate
ISIC_0000555,ISIC_0000555.jpg,ISIC_0000555,ISIC_0000555.jpg,bb23d54ee9762cb1ae0f8a3ae522821f9108535453f8c3dc93ca6c6f590df80b,exact_byte_level_duplicate
ISIC_0000324,ISIC_0000324.jpg,ISIC_0000324,ISIC_0000324.jpg,bb2b3ec7ce634c668d411e2bcead7f7970d3a94c4f34bf696d7af3001d9c8e54,exact_byte_level_duplicate
ISIC_0000251,ISIC_0000251.jpg,ISIC_0000251,ISIC_0000251.jpg,bb7450ee772a761c443b6d7b13a5b49462b34bb5995667c5d017a9fcb7107656,exact_byte_level_duplicate
ISIC_0002975,ISIC_0002975.jpg,ISIC_0002975,ISIC_0002975.jpg,bba2f59f6451b83ed96712696ef8675622685417ec63da927bc160253a406e74,exact_byte_level_duplicate
ISIC_0011397,ISIC_0011397.jpg,ISIC_0011397,ISIC_0011397.jpg,bbf513d533bfbac7b1d3432b1dd5c80f940d1f1a713194c28bdf6fa20c16bb4a,exact_byte_level_duplicate
ISIC_0000351,ISIC_0000351.jpg,ISIC_0000351,ISIC_0000351.jpg,bcb01265e763be64f1130950d5387784a1fb415a34bf4cc139476e947f37325a,exact_byte_level_duplicate
ISIC_0000039,ISIC_0000039.jpg,ISIC_0000039,ISIC_0000039.jpg,bd4387fce0b3c9789e870d8d6c14b3beadd78aaeba99e0d8b230646d2e6308d1,exact_byte_level_duplicate
ISIC_0010029,ISIC_0010029.jpg,ISIC_0010029,ISIC_0010029.jpg,bdb5d0e484f4a57f84e913542661af3cf946abbe2b9ffb0f824f3e887dc15043,exact_byte_level_duplicate
ISIC_0000481,ISIC_0000481.jpg,ISIC_0000481,ISIC_0000481.jpg,bea090d4015a86ce3e77fdae9bfd11555502d4bced8cfe8982ecce5ab8b6b3e8,exact_byte_level_duplicate
ISIC_0000242,ISIC_0000242.jpg,ISIC_0000242,ISIC_0000242.jpg,bec88c62b7bf2ad10dae0554466172c8ad331bdaa97392f88bdc8634de51ee9c,exact_byte_level_duplicate
ISIC_0010367,ISIC_0010367.jpg,ISIC_0010367,ISIC_0010367.jpg,bf63cbc30196cdbe71094b000f35a8a8bf3d50d5447f91aa00d4f85e9c079060,exact_byte_level_duplicate
ISIC_0011358,ISIC_0011358.jpg,ISIC_0011358,ISIC_0011358.jpg,bfbbc27683ae212d86250ee39e60a082b78fc2b7aa1487ae0adf2f3c7d82c699,exact_byte_level_duplicate
ISIC_0009911,ISIC_0009911.jpg,ISIC_0009911,ISIC_0009911.jpg,bfc4c7fcb5b117c1e1eec26523fe11c5070b3dbf742712d4ce1bd717c933d250,exact_byte_level_duplicate
ISIC_0011088,ISIC_0011088.jpg,ISIC_0011088,ISIC_0011088.jpg,c067f484f99993bbf0270c83d67184701f9d9b57186eae4cb23488dae44f6b73,exact_byte_level_duplicate
ISIC_0000221,ISIC_0000221.jpg,ISIC_0000221,ISIC_0000221.jpg,c195ea147f3b146dace42b1c3b57dbbe87f62a01a9316f1296cccb89a9bbe60d,exact_byte_level_duplicate
ISIC_0009871,ISIC_0009871.jpg,ISIC_0009871,ISIC_0009871.jpg,c1ea69a5a0855a393fd00249369fe12516b4ef69ab923659d817fad0a56d9902,exact_byte_level_duplicate
ISIC_0000261,ISIC_0000261.jpg,ISIC_0000261,ISIC_0000261.jpg,c23e7b184c5d3084dd6db4e29372e45baed51f93288c029987f701beb0c15aae,exact_byte_level_duplicate
ISIC_0000338,ISIC_0000338.jpg,ISIC_0000338,ISIC_0000338.jpg,c2489b33c06f71cac8fe41f220a6e65d4046c4e221a872530303b9a04b197bab,exact_byte_level_duplicate
ISIC_0010858,ISIC_0010858.jpg,ISIC_0010858,ISIC_0010858.jpg,c27a67cfdc8a56b4c58521ef9c8304343cbacb1b75a9a8a1ef087cbbf04947aa,exact_byte_level_duplicate
ISIC_0009929,ISIC_0009929.jpg,ISIC_0009929,ISIC_0009929.jpg,c29872d6fa5674dfcf8e2d285d0356191ce7b524f690fa0bc6cad8c95bbaa628,exact_byte_level_duplicate
ISIC_0000517,ISIC_0000517.jpg,ISIC_0000517,ISIC_0000517.jpg,c2e2dc3a1208e00c1b4db5e4935b0f264d696e455d2ba09ed651adc2f3d35810,exact_byte_level_duplicate
ISIC_0000336,ISIC_0000336.jpg,ISIC_0000336,ISIC_0000336.jpg,c3b91a4c248ccfe218e5eb4dc6d7e5bd17b25b60a5fbce6243386c1d8587f8c7,exact_byte_level_duplicate
ISIC_0000055,ISIC_0000055.jpg,ISIC_0000055,ISIC_0000055.jpg,c3e2a724835dfa6b25ea95dfa92295882b393fbff3cec7ee7fa0b8928bae1204,exact_byte_level_duplicate
ISIC_0011362,ISIC_0011362.jpg,ISIC_0011362,ISIC_0011362.jpg,c4143a60e6481ce1a9c3a6123b52ec466ede7b5f771a7e3459bb1a3a33f8b43c,exact_byte_level_duplicate
ISIC_0000127,ISIC_0000127.jpg,ISIC_0000127,ISIC_0000127.jpg,c4189edadba2024f3f902d1a5fc6c1416d3189189855a5a25f2fff05a7acea0e,exact_byte_level_duplicate
ISIC_0000384,ISIC_0000384.jpg,ISIC_0000384,ISIC_0000384.jpg,c47d4d183674504d941a57b9c90f5df4f25627cd042e456bebf7f345d780a91c,exact_byte_level_duplicate
ISIC_0010320,ISIC_0010320.jpg,ISIC_0010320,ISIC_0010320.jpg,c4a5b5c70feda7b5d5d34bce3f028971194f3991ae63f8ad556d9bc6d54bc713,exact_byte_level_duplicate
ISIC_0011210,ISIC_0011210.jpg,ISIC_0011210,ISIC_0011210.jpg,c54e1e54c14842f099c5315e843da0ec93d3d46ab71819336b1d864a58550a18,exact_byte_level_duplicate
ISIC_0002647,ISIC_0002647.jpg,ISIC_0002647,ISIC_0002647.jpg,c64cf3a3db9cada307225c00cf9513b230ffaf01231ad5609a56343ac02b2d17,exact_byte_level_duplicate
ISIC_0009921,ISIC_0009921.jpg,ISIC_0009921,ISIC_0009921.jpg,c67b1e712dc3f7c50850f61bb82fbb3cf3fd11ec884c3667b28b411388fbc0c9,exact_byte_level_duplicate
ISIC_0003346,ISIC_0003346.jpg,ISIC_0003346,ISIC_0003346.jpg,c6ffc70f6413dcd7c89a786cb5a3f1e301b3b81a2dde4fdbd209fd132a514c5f,exact_byte_level_duplicate
ISIC_0010490,ISIC_0010490.jpg,ISIC_0010490,ISIC_0010490.jpg,c7a38a2f5557462d9961f0338d792e37d762e6e24c2c9c5c2e1c9a61255b84a2,exact_byte_level_duplicate
ISIC_0004166,ISIC_0004166.jpg,ISIC_0004166,ISIC_0004166.jpg,c81a3a5c52e329420ca77fefda0af4f7af54134fee7da93542557f8146bf883e,exact_byte_level_duplicate
ISIC_0010481,ISIC_0010481.jpg,ISIC_0010481,ISIC_0010481.jpg,c8312374ab7dfe92632a03370cd560b8cb8bbb3bb91439be24f2551c220336b2,exact_byte_level_duplicate
ISIC_0009975,ISIC_0009975.jpg,ISIC_0009975,ISIC_0009975.jpg,c8ab6ed8b6bb969f8b7e64f102b5039e3a2c85489b682acf728099d51b2f59ae,exact_byte_level_duplicate
ISIC_0000361,ISIC_0000361.jpg,ISIC_0000361,ISIC_0000361.jpg,c8eae8a0e4e35b951462d112c8aad3f1422c264d3c3a7cfe27594623f5de9d6c,exact_byte_level_duplicate
ISIC_0009914,ISIC_0009914.jpg,ISIC_0009914,ISIC_0009914.jpg,c8f12c81f393d959e8c84a0da6d6587122e2ec0663a4ccc891c3beba9919b64b,exact_byte_level_duplicate
ISIC_0000048,ISIC_0000048.jpg,ISIC_0000048,ISIC_0000048.jpg,c941d418a9065076627ba841c67cd128eb62c0382b9fcac59a60efa56c267efb,exact_byte_level_duplicate
ISIC_0011328,ISIC_0011328.jpg,ISIC_0011328,ISIC_0011328.jpg,c98a3e914ae48ce10d57304a8e4d5b6e8bf7c1db2c1160d25db8c61872ea2082,exact_byte_level_duplicate
ISIC_0008256,ISIC_0008256.jpg,ISIC_0008256,ISIC_0008256.jpg,c998f2ae39e9b346fe609121afdfd509c095e8322d799750acfa34deaf6be030,exact_byte_level_duplicate
ISIC_0000386,ISIC_0000386.jpg,ISIC_0000386,ISIC_0000386.jpg,c9d6703f94e9e894285a044c70ccea3198fff451c723d762fd4a1930fc786f6a,exact_byte_level_duplicate
ISIC_0000330,ISIC_0000330.jpg,ISIC_0000330,ISIC_0000330.jpg,ca6f1e9bdb8f7072cb07b4fe04160254e9f8c18bd526af71bce5d2e3c8dda6c9,exact_byte_level_duplicate
ISIC_0000190,ISIC_0000190.jpg,ISIC_0000190,ISIC_0000190.jpg,ca9a11c8abc2d1303f207d1308ac77b3954b5ba0abfc89a699a2cd4e0039a672,exact_byte_level_duplicate
ISIC_0007038,ISIC_0007038.jpg,ISIC_0007038,ISIC_0007038.jpg,cb61806766a1ad9ada52dc2625d5e2bd3e64817760147d23c348b796356dd147,exact_byte_level_duplicate
ISIC_0010237,ISIC_0010237.jpg,ISIC_0010237,ISIC_0010237.jpg,cb980abbded4badab43ce4eefc6cb9114338dab01f09022efb123c3078a91dfb,exact_byte_level_duplicate
ISIC_0000163,ISIC_0000163.jpg,ISIC_0000163,ISIC_0000163.jpg,cc397b0b015cf0ac5f32df560467c993fed9fd32390326488cab704850b7c10e,exact_byte_level_duplicate
ISIC_0000546,ISIC_0000546.jpg,ISIC_0000546,ISIC_0000546.jpg,cc5e92c8c08454e5036db0201f838c3cd02e496fd9e47263190d0d979b975841,exact_byte_level_duplicate
ISIC_0009967,ISIC_0009967.jpg,ISIC_0009967,ISIC_0009967.jpg,cc6642a716c00f3b8ef6f98193b5e993299220e368b075b68fbda75bb63c8553,exact_byte_level_duplicate
ISIC_0010365,ISIC_0010365.jpg,ISIC_0010365,ISIC_0010365.jpg,cc667cf86c94c516312f3388573543d9e76afe40e3a254a963418171cf1de2c9,exact_byte_level_duplicate
ISIC_0000219,ISIC_0000219.jpg,ISIC_0000219,ISIC_0000219.jpg,cc99b9b4412f58c6889025cb82fd2ffed5fe66760c610dadf7c1bf11a9e4444c,exact_byte_level_duplicate
ISIC_0000225,ISIC_0000225.jpg,ISIC_0000225,ISIC_0000225.jpg,cc9f88e43ea893d1574b2661f1d3e286b74ecffc1cd2c8101d062128c893d37c,exact_byte_level_duplicate
ISIC_0000192,ISIC_0000192.jpg,ISIC_0000192,ISIC_0000192.jpg,cd478a025676073d3ac92884867846b3522764ce3bc479e64d3f32b4731f5a50,exact_byte_level_duplicate
ISIC_0000489,ISIC_0000489.jpg,ISIC_0000489,ISIC_0000489.jpg,cd6a84e89c30fe9ec23a5a1413c7053e519ccbbaabf69b015f18aee424953374,exact_byte_level_duplicate
ISIC_0010441,ISIC_0010441.jpg,ISIC_0010441,ISIC_0010441.jpg,cdabf76bd34f967916f7c438ae9e7b22619bc16c9a2812d8386946360054ca3b,exact_byte_level_duplicate
ISIC_0000513,ISIC_0000513.jpg,ISIC_0000513,ISIC_0000513.jpg,cde5f57da74415e06e78f0505b927af90e5014e79bd234fc8f16d141b2200843,exact_byte_level_duplicate
ISIC_0011315,ISIC_0011315.jpg,ISIC_0011315,ISIC_0011315.jpg,cdeead2d277547266b746f6891eb5ddd3a1e76da901d127e660d244a2cd86a30,exact_byte_level_duplicate
ISIC_0008528,ISIC_0008528.jpg,ISIC_0008528,ISIC_0008528.jpg,ce05c1afe298ac2e147be8c147d75f307173aec6939163f3e40ce3f227a42a22,exact_byte_level_duplicate
ISIC_0000469,ISIC_0000469.jpg,ISIC_0000469,ISIC_0000469.jpg,ce7ae467f307fcef9d11f9f7598dbfc2e68abee06fd154c0e30fe0c35d41f672,exact_byte_level_duplicate
ISIC_0011217,ISIC_0011217.jpg,ISIC_0011217,ISIC_0011217.jpg,ce8db2c21a1883b0eabd55d4f1670ed7c0741552251e499c5335e8ebb32ddce2,exact_byte_level_duplicate
ISIC_0003005,ISIC_0003005.jpg,ISIC_0003005,ISIC_0003005.jpg,cebc42045da5db2b55ad2e3e57b99fa0ab2f3951cf392ce19f99d33000c44d87,exact_byte_level_duplicate
ISIC_0011208,ISIC_0011208.jpg,ISIC_0011208,ISIC_0011208.jpg,cefa49b9c8e280b09cb26dc9cfeb22281ab0712b5a59e3be1c781667e8052521,exact_byte_level_duplicate
ISIC_0000243,ISIC_0000243.jpg,ISIC_0000243,ISIC_0000243.jpg,cfbfb0dfdbb2a35a930873fb42ea0fded515c75965efe3d4dcd1ac9e47490bea,exact_byte_level_duplicate
ISIC_0009964,ISIC_0009964.jpg,ISIC_0009964,ISIC_0009964.jpg,cfc33efd629d2cdaea409f492c3f036bbc8bb456d850d9353fb901d253c45e46,exact_byte_level_duplicate
ISIC_0011297,ISIC_0011297.jpg,ISIC_0011297,ISIC_0011297.jpg,cfd8ea5f16ed290f302abf0a7fa515f7daf127359db37dada7e904aa19309a32,exact_byte_level_duplicate
ISIC_0011170,ISIC_0011170.jpg,ISIC_0011170,ISIC_0011170.jpg,d04818ba5d0e2e624897ba0602b9669ef4bef7def9f16001c245e2b9016af310,exact_byte_level_duplicate
ISIC_0000282,ISIC_0000282.jpg,ISIC_0000282,ISIC_0000282.jpg,d04965ed6302037b5e266e7ac8f6325ac2692e4d07172c168fd79d3bd6f034b0,exact_byte_level_duplicate
ISIC_0011144,ISIC_0011144.jpg,ISIC_0011144,ISIC_0011144.jpg,d09b953628dd44cb7253d0b05ecc07e2a859cca9fd435d9ec30eef2f5ed3dcdf,exact_byte_level_duplicate
ISIC_0005187,ISIC_0005187.jpg,ISIC_0005187,ISIC_0005187.jpg,d0f835e535163b5556cc54371dd864ad9ea33f55efef06ccf2c1e2aef906009e,exact_byte_level_duplicate
ISIC_0009915,ISIC_0009915.jpg,ISIC_0009915,ISIC_0009915.jpg,d11519dce501aa8e61ec2da99bf385a9240e235f224ba83bb31583142df8e1b2,exact_byte_level_duplicate
ISIC_0009981,ISIC_0009981.jpg,ISIC_0009981,ISIC_0009981.jpg,d161e70e307a10d6aee7b8dccf9573881f95b7bb4724cb70264aeb9d4db4900f,exact_byte_level_duplicate
ISIC_0000026,ISIC_0000026.jpg,ISIC_0000026,ISIC_0000026.jpg,d1ab6c3acb7f1073370d63c2b8016e669502b7b0068be0b1f9deda90f17c0a0f,exact_byte_level_duplicate
ISIC_0000054,ISIC_0000054.jpg,ISIC_0000054,ISIC_0000054.jpg,d1f43e4fc93f76e2dfeb52cc9ffd3c00cffd2629dd3b42ad5c788b87877186d3,exact_byte_level_duplicate
ISIC_0010476,ISIC_0010476.jpg,ISIC_0010476,ISIC_0010476.jpg,d2337887dee65367d18e4234987c6bffacf8d7b2b57520afd72fbf13e3ab243f,exact_byte_level_duplicate
ISIC_0010104,ISIC_0010104.jpg,ISIC_0010104,ISIC_0010104.jpg,d2c9f4ffe7769517391951a7239dd8c6f6994707cfe4551cb76d402f844163e7,exact_byte_level_duplicate
ISIC_0010844,ISIC_0010844.jpg,ISIC_0010844,ISIC_0010844.jpg,d2f4b380157855e298fc2971e2c1c244e43ff0f8db5212f72ae3a78833c76f53,exact_byte_level_duplicate
ISIC_0000263,ISIC_0000263.jpg,ISIC_0000263,ISIC_0000263.jpg,d3436b710b1b7fae369d4dadcf6c5caf380bc64e8eab63cd98fabd9280d796af,exact_byte_level_duplicate
ISIC_0000086,ISIC_0000086.jpg,ISIC_0000086,ISIC_0000086.jpg,d37fe4b581ce714fa0ab1064cb46a2ce9072f2d5da12d9183b7f5f8e73855b98,exact_byte_level_duplicate
ISIC_0000504,ISIC_0000504.jpg,ISIC_0000504,ISIC_0000504.jpg,d3a972e07c44c2c1d091c80907c91c3fc0c5cf5781116f79d2b5b45b284c33cf,exact_byte_level_duplicate
ISIC_0000538,ISIC_0000538.jpg,ISIC_0000538,ISIC_0000538.jpg,d3bce151e2f00667119a86b713e2f94983e1bae71015a6423b01419fe41119b9,exact_byte_level_duplicate
ISIC_0011117,ISIC_0011117.jpg,ISIC_0011117,ISIC_0011117.jpg,d3da7a99c9fa37ff6d895d9308560f3ee6405e881f597c166a1004a76c241ea3,exact_byte_level_duplicate
ISIC_0000166,ISIC_0000166.jpg,ISIC_0000166,ISIC_0000166.jpg,d3e38c6790c5dc7c91d2371e972de07e12d8784aa44a220b8e331d657a555dc7,exact_byte_level_duplicate
ISIC_0010442,ISIC_0010442.jpg,ISIC_0010442,ISIC_0010442.jpg,d4192bac43c601af6bb9392d258d3571f16a9f9410ab9e2a574574c83c98c0ee,exact_byte_level_duplicate
ISIC_0000223,ISIC_0000223.jpg,ISIC_0000223,ISIC_0000223.jpg,d447c12ecbebd342008d1dee2432c0eeaa966ac807e6f0c53ee2f0e3c9bdb604,exact_byte_level_duplicate
ISIC_0002879,ISIC_0002879.jpg,ISIC_0002879,ISIC_0002879.jpg,d45aa7d51f7c8aa90ad9b046836faa5552c28f2d31008ffe30df87d7085feb77,exact_byte_level_duplicate
ISIC_0008785,ISIC_0008785.jpg,ISIC_0008785,ISIC_0008785.jpg,d4b460182cf8854c65d05803fc1668653a3917dc477396af420a220656d4c89f,exact_byte_level_duplicate
ISIC_0000095,ISIC_0000095.jpg,ISIC_0000095,ISIC_0000095.jpg,d62541da9ae3f058cb79d0e9e920525ecb5e4f1829a366bc3c130be049e16561,exact_byte_level_duplicate
ISIC_0004168,ISIC_0004168.jpg,ISIC_0004168,ISIC_0004168.jpg,d650b600932aabf9b642f2746d0836ad992da6f0d7e860cfa5de5d3da392a682,exact_byte_level_duplicate
ISIC_0008029,ISIC_0008029.jpg,ISIC_0008029,ISIC_0008029.jpg,d65acad8743bee7cde2afcc6f8b2ef81754f84b73e591192e7915e81a6e654ce,exact_byte_level_duplicate
ISIC_0000882,ISIC_0000882.jpg,ISIC_0000882,ISIC_0000882.jpg,d79016a8dfac73f574510d1b2d6d483afac52c5dbd441e91e1c0988447735eaa,exact_byte_level_duplicate
ISIC_0000408,ISIC_0000408.jpg,ISIC_0000408,ISIC_0000408.jpg,d852587f3e95554ac6a974118cbe2cf25ca9c878151fbb3d97627b3b241b775b,exact_byte_level_duplicate
ISIC_0011199,ISIC_0011199.jpg,ISIC_0011199,ISIC_0011199.jpg,d9f2397a11dbc8498af7a6045d6fde0e5804810ebc9f5b088e6096b260abfb86,exact_byte_level_duplicate
ISIC_0000376,ISIC_0000376.jpg,ISIC_0000376,ISIC_0000376.jpg,dad2a105d6d50e7bec593bfa5ba0525b59d07bbce145a15450a70d2ff246a3e4,exact_byte_level_duplicate
ISIC_0002780,ISIC_0002780.jpg,ISIC_0002780,ISIC_0002780.jpg,db0712e73d5c12d9cc72b1b4bbe664318d1600b55e410c5892e8cf5c84ef374d,exact_byte_level_duplicate
ISIC_0002948,ISIC_0002948.jpg,ISIC_0002948,ISIC_0002948.jpg,db31cb2eaef99ab0a9d01a2a89d6526d7404c440984e089fc58801c6267a1881,exact_byte_level_duplicate
ISIC_0000541,ISIC_0000541.jpg,ISIC_0000541,ISIC_0000541.jpg,db8553eb5057a3cd4b1601c412c9255fdf73b1a29fdd8d79a50181a41737d749,exact_byte_level_duplicate
ISIC_0010170,ISIC_0010170.jpg,ISIC_0010170,ISIC_0010170.jpg,dbdde188793463717199e6726520043db1ea89e57ec5e38d22a75af7b0ba00d6,exact_byte_level_duplicate
ISIC_0003051,ISIC_0003051.jpg,ISIC_0003051,ISIC_0003051.jpg,dbe797120dc1e4bfd1591d0d3cd6e81b659a442426291f12735213e24f1dc54c,exact_byte_level_duplicate
ISIC_0004309,ISIC_0004309.jpg,ISIC_0004309,ISIC_0004309.jpg,dbf679a4f9a360ac4d1c1682b6097b05ea328eae0c4ef1b1453dcbf82341b992,exact_byte_level_duplicate
ISIC_0000524,ISIC_0000524.jpg,ISIC_0000524,ISIC_0000524.jpg,dc1bdaaf1c2332b0d236434c398d80bc8d2a1fb64e52d67b86eeabe174814570,exact_byte_level_duplicate
ISIC_0009870,ISIC_0009870.jpg,ISIC_0009870,ISIC_0009870.jpg,dc3e6a42fad1380af6c3fa7846b72517bc51f3f1387f2cd5bc55d341d94e5a9f,exact_byte_level_duplicate
ISIC_0010225,ISIC_0010225.jpg,ISIC_0010225,ISIC_0010225.jpg,dc96389c03950dd493dc906b7510cf073d40f28cfb8d87002550c4be37a617f7,exact_byte_level_duplicate
ISIC_0011326,ISIC_0011326.jpg,ISIC_0011326,ISIC_0011326.jpg,dc9aef371f4cf7e8bf12a488c9f807ca97d3fadb3d3faf0f2795401621fba515,exact_byte_level_duplicate
ISIC_0009973,ISIC_0009973.jpg,ISIC_0009973,ISIC_0009973.jpg,dca40a71485db2c92ae230bee0a80f49a59fd706113b8ee2a06817fa251b753b,exact_byte_level_duplicate
ISIC_0000145,ISIC_0000145.jpg,ISIC_0000145,ISIC_0000145.jpg,dd1e7073142c32f9eb94124da6d61fde9647458b89738bd9bf5a07bb44ec48ca,exact_byte_level_duplicate
ISIC_0010093,ISIC_0010093.jpg,ISIC_0010093,ISIC_0010093.jpg,ddb4fada575780b1505a71f3db19b488a822f642d54cb9a6c595741f2f335e59,exact_byte_level_duplicate
ISIC_0009991,ISIC_0009991.jpg,ISIC_0009991,ISIC_0009991.jpg,dec6c9d1b16eb2e7a36a34a6984f7e660dc3eb3a1649494948836e96d3c5f9a6,exact_byte_level_duplicate
ISIC_0000485,ISIC_0000485.jpg,ISIC_0000485,ISIC_0000485.jpg,def46a3e076cb1ca876185ccfbd5e081a30bfc1cdbeb4dde31de3a8cf667279e,exact_byte_level_duplicate
ISIC_0000021,ISIC_0000021.jpg,ISIC_0000021,ISIC_0000021.jpg,df7522de3d1bbfbe7a8e83240898cbeb63c5807d59d9f8ad50cfbc73629e893f,exact_byte_level_duplicate
ISIC_0000532,ISIC_0000532.jpg,ISIC_0000532,ISIC_0000532.jpg,dfe57f09ed02dcc1dc312573f79460478b96c61ff4eacaeaf0c263f998e21d96,exact_byte_level_duplicate
ISIC_0010357,ISIC_0010357.jpg,ISIC_0010357,ISIC_0010357.jpg,e028a1c7ab587922071cf6f37475ab5052288611fb07be74b6f4b1f63bf0fb02,exact_byte_level_duplicate
ISIC_0009896,ISIC_0009896.jpg,ISIC_0009896,ISIC_0009896.jpg,e0411dd8a1c165b51224330a279c5e9f2c54d200bdcf2017e9579e13b58d5435,exact_byte_level_duplicate
ISIC_0000082,ISIC_0000082.jpg,ISIC_0000082,ISIC_0000082.jpg,e043c52a59875d44ad0dd017aac7934a24c74e52fa93b343d2ebcf8c9eb27887,exact_byte_level_duplicate
ISIC_0000545,ISIC_0000545.jpg,ISIC_0000545,ISIC_0000545.jpg,e20bccf3a93d0e9c5a48e73b19e83dd71fa64ecc4f0dbb7158a32ac4179218f1,exact_byte_level_duplicate
ISIC_0010069,ISIC_0010069.jpg,ISIC_0010069,ISIC_0010069.jpg,e257ffaadc43ecb64f79fa1fc38bea659fe50374e5a5e1b3885c3e69942e4890,exact_byte_level_duplicate
ISIC_0000268,ISIC_0000268.jpg,ISIC_0000268,ISIC_0000268.jpg,e2e0693e82722f5a37a42faf8a0f3f74427dc8f2ba98b5ed743df4498af4dabd,exact_byte_level_duplicate
ISIC_0011339,ISIC_0011339.jpg,ISIC_0011339,ISIC_0011339.jpg,e2f8fb4bbf9ac72c9bad315debdd036bf203162cc628ffd20c57a4b1d3f32c4c,exact_byte_level_duplicate
ISIC_0000182,ISIC_0000182.jpg,ISIC_0000182,ISIC_0000182.jpg,e3316f64279682920794bf9c41c72337638ee9dbd989bf66a0804cef399076d5,exact_byte_level_duplicate
ISIC_0010264,ISIC_0010264.jpg,ISIC_0010264,ISIC_0010264.jpg,e35858e7d0155fff996d420ec4dcd5601b5cf2590f3b3e2eb69d2c028f02bf27,exact_byte_level_duplicate
ISIC_0009599,ISIC_0009599.jpg,ISIC_0009599,ISIC_0009599.jpg,e35c6a65101e00c0be4334cd45831dca10c3ffbfec3707026605e9030303c09c,exact_byte_level_duplicate
ISIC_0009888,ISIC_0009888.jpg,ISIC_0009888,ISIC_0009888.jpg,e3738e24aeec8c05c71cd08eff446ef1afd713702058ad8baf55f0dfbfb3032f,exact_byte_level_duplicate
ISIC_0000516,ISIC_0000516.jpg,ISIC_0000516,ISIC_0000516.jpg,e38ee3b985683a28b8991b10e372f41ce3854792851f99d534eaf851150732f6,exact_byte_level_duplicate
ISIC_0000029,ISIC_0000029.jpg,ISIC_0000029,ISIC_0000029.jpg,e38fa5a792f7ef56f1e0a2ebd3df7f087b245c261b72d1bc5e960471433a1dc4,exact_byte_level_duplicate
ISIC_0006800,ISIC_0006800.jpg,ISIC_0006800,ISIC_0006800.jpg,e3aeea1e6dfe025db2bb053bee56905ae57c4c5aaf87144a1297275213e0930e,exact_byte_level_duplicate
ISIC_0000364,ISIC_0000364.jpg,ISIC_0000364,ISIC_0000364.jpg,e3c6c67714d06968e14fcb04c789cac05d2c040c8fb30752f78e5bd21edbf74c,exact_byte_level_duplicate
ISIC_0000379,ISIC_0000379.jpg,ISIC_0000379,ISIC_0000379.jpg,e424372a40f71f9d4614bac7a880da0f4946fae3fd904dec7b569d3ea183ec69,exact_byte_level_duplicate
ISIC_0002206,ISIC_0002206.jpg,ISIC_0002206,ISIC_0002206.jpg,e478d0b324031e4cefb8cc290c352fddecb273608f5882c5161f8c1ea261f649,exact_byte_level_duplicate
ISIC_0011366,ISIC_0011366.jpg,ISIC_0011366,ISIC_0011366.jpg,e48ef38aa57ba7fbad64bbd16b9d7bd13b82fabd6e5bac33d038092b6cbb6a3b,exact_byte_level_duplicate
ISIC_0007475,ISIC_0007475.jpg,ISIC_0007475,ISIC_0007475.jpg,e4afeb25bafde883f298bcbc412b1c0ebe5da2174c3fb1f50e7346c232d6fb23,exact_byte_level_duplicate
ISIC_0000900,ISIC_0000900.jpg,ISIC_0000900,ISIC_0000900.jpg,e55790572af3e71e3cd58d87620c1da1c9473c6cc22a39d66f614f7fd83dd718,exact_byte_level_duplicate
ISIC_0000346,ISIC_0000346.jpg,ISIC_0000346,ISIC_0000346.jpg,e575237bf3b6c9fa90273c8ed1ebfe20f06529d41a6f31dec0d9aafcb21876dd,exact_byte_level_duplicate
ISIC_0000530,ISIC_0000530.jpg,ISIC_0000530,ISIC_0000530.jpg,e597ed107fdd2187def92305617654cd4bc46af6b7073efe09430cd1ce69ceda,exact_byte_level_duplicate
ISIC_0006795,ISIC_0006795.jpg,ISIC_0006795,ISIC_0006795.jpg,e5cfb177e8ac9a8d83252bd2e7ad6a047d85bca75de6e59fef499b427b1b5574,exact_byte_level_duplicate
ISIC_0001119,ISIC_0001119.jpg,ISIC_0001119,ISIC_0001119.jpg,e5d18de52e8faac5ab5ac53163fb421340996436af47ade5b3f37138f05616cd,exact_byte_level_duplicate
ISIC_0000179,ISIC_0000179.jpg,ISIC_0000179,ISIC_0000179.jpg,e5e4b44bf1347f0e19b3f43b476f20671518e7c7f042b50d0f46140c8a10228d,exact_byte_level_duplicate
ISIC_0010244,ISIC_0010244.jpg,ISIC_0010244,ISIC_0010244.jpg,e5eed322073fb52672fa17a18ff857db95cc2a273a1069d8058885c74ec0c91f,exact_byte_level_duplicate
ISIC_0009979,ISIC_0009979.jpg,ISIC_0009979,ISIC_0009979.jpg,e5fb9699844cb9101640bde82f7da7766a51ec670584eefa1e779869729f3c9c,exact_byte_level_duplicate
ISIC_0000523,ISIC_0000523.jpg,ISIC_0000523,ISIC_0000523.jpg,e629568f977dfaa9de3e2d65d20dbc78b20ce76d2535f21b7aec62ac7cdae8a8,exact_byte_level_duplicate
ISIC_0010191,ISIC_0010191.jpg,ISIC_0010191,ISIC_0010191.jpg,e62a5457f28c6a6d9b5f62559182f11b56314cc3a043b9d822a279445e64f437,exact_byte_level_duplicate
ISIC_0009165,ISIC_0009165.jpg,ISIC_0009165,ISIC_0009165.jpg,e62b67ab7f1706d22a866b085df6a1a36c07157c96e8fd794debfd8ae01d356e,exact_byte_level_duplicate
ISIC_0011393,ISIC_0011393.jpg,ISIC_0011393,ISIC_0011393.jpg,e64cfa0e61a0f753838b4487dc4e10a5a15b4b6b6a07183f094c711bae7f92a7,exact_byte_level_duplicate
ISIC_0000520,ISIC_0000520.jpg,ISIC_0000520,ISIC_0000520.jpg,e6721de832ebc972552bf75b5978b368727b952ad227c292ffe8fe6b1886db85,exact_byte_level_duplicate
ISIC_0010595,ISIC_0010595.jpg,ISIC_0010595,ISIC_0010595.jpg,e68ae3a08a2f9ffbffba5564ceb203ae6840066e36207a5c7b643b7f9b32a3fd,exact_byte_level_duplicate
ISIC_0010339,ISIC_0010339.jpg,ISIC_0010339,ISIC_0010339.jpg,e6c348b95ae49c964cfd69c8c669a7331b3c4aa216123af493eff63acafaf769,exact_byte_level_duplicate
ISIC_0010057,ISIC_0010057.jpg,ISIC_0010057,ISIC_0010057.jpg,e7095445a270fc124eaa66c4f615a666f0e0e9483581a9e03bd6a652b2e035c2,exact_byte_level_duplicate
ISIC_0000536,ISIC_0000536.jpg,ISIC_0000536,ISIC_0000536.jpg,e868e5a2a77db85a573c47ca6c48361e6b6fd0cd92671d45b316e1f234f0e0ee,exact_byte_level_duplicate
ISIC_0000483,ISIC_0000483.jpg,ISIC_0000483,ISIC_0000483.jpg,e8c3deca7b1d40d526c0156bc9828c92109d4e26cb74c51c50a9c5053e57f487,exact_byte_level_duplicate
ISIC_0000278,ISIC_0000278.jpg,ISIC_0000278,ISIC_0000278.jpg,e8ea322e1188e00fe9aac213e44831b80552d92d1ce313dd5f1859a0de2d485e,exact_byte_level_duplicate
ISIC_0010492,ISIC_0010492.jpg,ISIC_0010492,ISIC_0010492.jpg,e906eba79f7c1332256eb56fd14115d38adee6c17a8dc0e91339b3558ef27131,exact_byte_level_duplicate
ISIC_0000123,ISIC_0000123.jpg,ISIC_0000123,ISIC_0000123.jpg,e91bb8dc232a37811adc44c4c30a459d08f99a3b01ee6c716f30146c2e025b9e,exact_byte_level_duplicate
ISIC_0006021,ISIC_0006021.jpg,ISIC_0006021,ISIC_0006021.jpg,e948d0d81e371dc6947c7db705bb616616b8cb2ed4c08bb833939607852e2b58,exact_byte_level_duplicate
ISIC_0010064,ISIC_0010064.jpg,ISIC_0010064,ISIC_0010064.jpg,e994a9d42a5974c8cb683ac26ff916d268f91cc6ba9cf9e8bad861b91a9fe93f,exact_byte_level_duplicate
ISIC_0000554,ISIC_0000554.jpg,ISIC_0000554,ISIC_0000554.jpg,ea099cea060c2cfa503acafbb8559d4248c7d339039f50fdd555ac6b95086b74,exact_byte_level_duplicate
ISIC_0000008,ISIC_0000008.jpg,ISIC_0000008,ISIC_0000008.jpg,ea32fb2afa394ecb3befa3cc435c855450f1ec017cc87b9a9a72f97c6a6c4f01,exact_byte_level_duplicate
ISIC_0011207,ISIC_0011207.jpg,ISIC_0011207,ISIC_0011207.jpg,ea4d75dcdacbdf71267d93d08a79a1635c144b2b64b9df186db611e601497bde,exact_byte_level_duplicate
ISIC_0009966,ISIC_0009966.jpg,ISIC_0009966,ISIC_0009966.jpg,ea8f0215c2be2887b4f60dfa39f9cfe1dddac1b80059acdae1a0d07a52cce30b,exact_byte_level_duplicate
ISIC_0000521,ISIC_0000521.jpg,ISIC_0000521,ISIC_0000521.jpg,eb31777b958864ea526d142d24cca34df6f4390a37b2cb421759fb641a34826a,exact_byte_level_duplicate
ISIC_0010589,ISIC_0010589.jpg,ISIC_0010589,ISIC_0010589.jpg,ebdf6ae1abbfade2bbc496074b5a74dac832b62345524e27d1a4bc4e8fccb5c0,exact_byte_level_duplicate
ISIC_0000247,ISIC_0000247.jpg,ISIC_0000247,ISIC_0000247.jpg,ec2991e2e5922840d9b50d86ffd1185a65985b672dcf82b5415d85e8c5cf1c68,exact_byte_level_duplicate
ISIC_0000301,ISIC_0000301.jpg,ISIC_0000301,ISIC_0000301.jpg,ec4cb9351b3b7bf7406f7bfe30b523e33589ee66dec20ddb0f00574451fbc510,exact_byte_level_duplicate
ISIC_0010557,ISIC_0010557.jpg,ISIC_0010557,ISIC_0010557.jpg,eca1ccf08d9eb7659eb2fd3e2f0301f2e88991e010f31e91cbe0679cf6155406,exact_byte_level_duplicate
ISIC_0007087,ISIC_0007087.jpg,ISIC_0007087,ISIC_0007087.jpg,ecaedc2bbbcdc466ce5945c55c19edfcc9768336e38ef37f2ce26c41d9dacb5d,exact_byte_level_duplicate
ISIC_0011345,ISIC_0011345.jpg,ISIC_0011345,ISIC_0011345.jpg,ecfa31f55569517787ee73a3d1a053e83a237c0beec33104996143b456a4da2a,exact_byte_level_duplicate
ISIC_0000102,ISIC_0000102.jpg,ISIC_0000102,ISIC_0000102.jpg,ecff988c31b0dc070b20c65bbd93b55ea143baed9cd035aef3d3ca7fa465a9a8,exact_byte_level_duplicate
ISIC_0001148,ISIC_0001148.jpg,ISIC_0001148,ISIC_0001148.jpg,ed0de646e331847969dece25d3583b6055c0c08a3594cd60cd645927f52e84e4,exact_byte_level_duplicate
ISIC_0010330,ISIC_0010330.jpg,ISIC_0010330,ISIC_0010330.jpg,ed1e9da8547a190c4e6bd26697f95109de66484f2044ff311e1f6e710ffae8b5,exact_byte_level_duplicate
ISIC_0000412,ISIC_0000412.jpg,ISIC_0000412,ISIC_0000412.jpg,ee1dcd31619d327f76201b09850515cdd2dd0c9a42f56763f330ae2f6b373d90,exact_byte_level_duplicate
ISIC_0011159,ISIC_0011159.jpg,ISIC_0011159,ISIC_0011159.jpg,ee7febddbc1c7e4c57681bfdd983a332995517be2d769a81470ac288e8446576,exact_byte_level_duplicate
ISIC_0011082,ISIC_0011082.jpg,ISIC_0011082,ISIC_0011082.jpg,eee4153ca8498d1763e1cc8969fac4d14a119892d3f4fac28474510040ed6a5a,exact_byte_level_duplicate
ISIC_0009976,ISIC_0009976.jpg,ISIC_0009976,ISIC_0009976.jpg,ef1053c3df31884714a8f0f68f16f8d4c383458b0f88485495eaf33a5c8830a7,exact_byte_level_duplicate
ISIC_0011220,ISIC_0011220.jpg,ISIC_0011220,ISIC_0011220.jpg,ef7abea9ee8c6bb5a939feeef8585bc5a8b2f811b1edd013fb9f6daad2783f22,exact_byte_level_duplicate
ISIC_0009905,ISIC_0009905.jpg,ISIC_0009905,ISIC_0009905.jpg,ef7ca39d8c73a7c24ef8013192794de9e752dd6f4732bdf6899b5740a618a957,exact_byte_level_duplicate
ISIC_0000146,ISIC_0000146.jpg,ISIC_0000146,ISIC_0000146.jpg,ef89781a43907fcb6c23ae427a71f1f816a1ff4f7b1143becea63eda4e8deaeb,exact_byte_level_duplicate
ISIC_0010590,ISIC_0010590.jpg,ISIC_0010590,ISIC_0010590.jpg,efa9af3b51e8dad6c0a396318adffef640fccf6175417f6b17902ea42404561f,exact_byte_level_duplicate
ISIC_0000100,ISIC_0000100.jpg,ISIC_0000100,ISIC_0000100.jpg,efeaf70f829885c50d4e87816a553d40885e2b32b8da45bf23bcb418c326c590,exact_byte_level_duplicate
ISIC_0000208,ISIC_0000208.jpg,ISIC_0000208,ISIC_0000208.jpg,f0121da1ceede0329298b3ecad2d840176f70282895dd075170155a135a70ae2,exact_byte_level_duplicate
ISIC_0009897,ISIC_0009897.jpg,ISIC_0009897,ISIC_0009897.jpg,f0c67f61fd8d01b7193c75bfecccbf5999d873a425f637e3deca58efe77276dc,exact_byte_level_duplicate
ISIC_0000458,ISIC_0000458.jpg,ISIC_0000458,ISIC_0000458.jpg,f0d868d6a1be99337f89aa18bb97b318ba21bb5a7705f3c0dc5ada79dde36680,exact_byte_level_duplicate
ISIC_0002616,ISIC_0002616.jpg,ISIC_0002616,ISIC_0002616.jpg,f13dffbaba1d1a16debc5fe4d35a5fdd7e814517232515920e3147fe973975a4,exact_byte_level_duplicate
ISIC_0009950,ISIC_0009950.jpg,ISIC_0009950,ISIC_0009950.jpg,f1c15b3553ee980406596604b4645ca7f14cb09aa4a7f8e88e318b811564c502,exact_byte_level_duplicate
ISIC_0000151,ISIC_0000151.jpg,ISIC_0000151,ISIC_0000151.jpg,f21531685fe56e390d8c1ef765222f3f192d5fb939b4d81f7dc3bd3806d096c3,exact_byte_level_duplicate
ISIC_0010265,ISIC_0010265.jpg,ISIC_0010265,ISIC_0010265.jpg,f2c7521799ded5de42dad4cedf461c4c2def2f951dc69af0de4120bdf66bd4ae,exact_byte_level_duplicate
ISIC_0010236,ISIC_0010236.jpg,ISIC_0010236,ISIC_0010236.jpg,f2dc0dad3864701bf4895c901d712278656502dd15d978e31b7d277509abc093,exact_byte_level_duplicate
ISIC_0010040,ISIC_0010040.jpg,ISIC_0010040,ISIC_0010040.jpg,f3a72304e03f6afbcc12089ca6570a5b12909ba518201fea224c96b27008a185,exact_byte_level_duplicate
ISIC_0000191,ISIC_0000191.jpg,ISIC_0000191,ISIC_0000191.jpg,f3e960e3498e3dee8ad6ed659ec17656aeaf937d77a1b7bfe727d64d81e10c62,exact_byte_level_duplicate
ISIC_0009969,ISIC_0009969.jpg,ISIC_0009969,ISIC_0009969.jpg,f442fa4122deea05d6874bd8502bfb5a97649cc1d5cda75f1e49dfdf74ef15dc,exact_byte_level_duplicate
ISIC_0010212,ISIC_0010212.jpg,ISIC_0010212,ISIC_0010212.jpg,f4945edec39a8391140ed2cddaf241d32cfac553000a34feeebd62f91396a6b2,exact_byte_level_duplicate
ISIC_0009951,ISIC_0009951.jpg,ISIC_0009951,ISIC_0009951.jpg,f4e220c27845969a0fa3ef198fac77cb175171cab5f7207a5346d6acab309213,exact_byte_level_duplicate
ISIC_0000002,ISIC_0000002.jpg,ISIC_0000002,ISIC_0000002.jpg,f5639d4c52597d0bf5cfa7db3b0f1ecadf9dde42744919eaa7a7679f953fb8e7,exact_byte_level_duplicate
ISIC_0000075,ISIC_0000075.jpg,ISIC_0000075,ISIC_0000075.jpg,f587900dc609a5d11733a1cd1a7c752fc8d1356831ddc41c53c4255271d0373a,exact_byte_level_duplicate
ISIC_0009925,ISIC_0009925.jpg,ISIC_0009925,ISIC_0009925.jpg,f58dbb3059c022eb7b2992359d1519e7d8bb14c74f2afee4fa0162a123751933,exact_byte_level_duplicate
ISIC_0010488,ISIC_0010488.jpg,ISIC_0010488,ISIC_0010488.jpg,f627b731e4c2583f1137d8623d6fb8e9903f20481c71ecf6c0ec6c5e7beeb449,exact_byte_level_duplicate
ISIC_0009937,ISIC_0009937.jpg,ISIC_0009937,ISIC_0009937.jpg,f65f7bcf08417cc39778bd2925ef4678b6ea7c58ee1059cdf3600ff577d4d91e,exact_byte_level_duplicate
ISIC_0006114,ISIC_0006114.jpg,ISIC_0006114,ISIC_0006114.jpg,f770801eb1d7241407b5b15892d27f2d33597b22d050ff040831fb6c2fbac92e,exact_byte_level_duplicate
ISIC_0000239,ISIC_0000239.jpg,ISIC_0000239,ISIC_0000239.jpg,f7c11b77798bb4fc0b895e7c0728f4a0359a76c918705bb1700e8afb6f8192b9,exact_byte_level_duplicate
ISIC_0009430,ISIC_0009430.jpg,ISIC_0009430,ISIC_0009430.jpg,f81e08b303c59d4f546a4ab5bdd19d04a8e6b7711b364a5206368037817d12a9,exact_byte_level_duplicate
ISIC_0010344,ISIC_0010344.jpg,ISIC_0010344,ISIC_0010344.jpg,f823802d1bc33e10a0e0445855f733db24e1ad38746fd670dd5cdfde5ebd2144,exact_byte_level_duplicate
ISIC_0000019,ISIC_0000019.jpg,ISIC_0000019,ISIC_0000019.jpg,f8c2c876474ac264a0bfe665e420e3902ea8d13305cb8ba780c8566142041c6a,exact_byte_level_duplicate
ISIC_0000313,ISIC_0000313.jpg,ISIC_0000313,ISIC_0000313.jpg,f905bff2f36766a814b4a2660b57dc07960b6030a95fcd6cacdd25ca82f346fd,exact_byte_level_duplicate
ISIC_0000061,ISIC_0000061.jpg,ISIC_0000061,ISIC_0000061.jpg,f90c9cabf363df08e66f82b8adb9a3c4fce5867bbc56763ff95f0c4145fbf35c,exact_byte_level_duplicate
ISIC_0000465,ISIC_0000465.jpg,ISIC_0000465,ISIC_0000465.jpg,f96089e886f379b77f0d8b26a84a43be6c2168baeac5b915ca8b11f5524bb4f4,exact_byte_level_duplicate
ISIC_0011140,ISIC_0011140.jpg,ISIC_0011140,ISIC_0011140.jpg,f9b4030e222ec2a65ca6382ce208f781e317be0177d4f8f7a1e8085383dffa2b,exact_byte_level_duplicate
ISIC_0011118,ISIC_0011118.jpg,ISIC_0011118,ISIC_0011118.jpg,face35a00f9febf8a4e82127c78f82e862494b9447992da6a0d45f75a07cd54e,exact_byte_level_duplicate
ISIC_0000131,ISIC_0000131.jpg,ISIC_0000131,ISIC_0000131.jpg,fae68419ee28172e1094be3fc03ecdb2e24f5c2a0c0980da2e60c160ad43d4da,exact_byte_level_duplicate
ISIC_0000142,ISIC_0000142.jpg,ISIC_0000142,ISIC_0000142.jpg,fbb4a274a88e3ebe8bfd1277c12fa012889b4a61863074335c4e67f7fa4582aa,exact_byte_level_duplicate
ISIC_0002438,ISIC_0002438.jpg,ISIC_0002438,ISIC_0002438.jpg,fc644bffb0334176fdd860d905fd4e6d851e8373c0cb67f52377696c4bf396a3,exact_byte_level_duplicate
ISIC_0011127,ISIC_0011127.jpg,ISIC_0011127,ISIC_0011127.jpg,fcd5b58703ec1c0401f1308410598ee442527e3a50b7faf23c6297377e2dc463,exact_byte_level_duplicate
ISIC_0000480,ISIC_0000480.jpg,ISIC_0000480,ISIC_0000480.jpg,fd238f4e1cba22a4e3fa15b02fb0c0d78d34bf630f6114cd10c42bfdbf593ad0,exact_byte_level_duplicate
ISIC_0011119,ISIC_0011119.jpg,ISIC_0011119,ISIC_0011119.jpg,fd883c63a83cac69d271515013e92e8684d4bde65a228609797e9a593ae18a65,exact_byte_level_duplicate
ISIC_0011130,ISIC_0011130.jpg,ISIC_0011130,ISIC_0011130.jpg,fe1316491ce1bcdc72b83fe2f569d80efddf2d6f811b5306eb81b796d7ecf560,exact_byte_level_duplicate
ISIC_0010074,ISIC_0010074.jpg,ISIC_0010074,ISIC_0010074.jpg,ff21a38af23e779f86166d45196101e90266b360e4937fbf84b56db1e314c493,exact_byte_level_duplicate
ISIC_0000329,ISIC_0000329.jpg,ISIC_0000329,ISIC_0000329.jpg,ff872f83ce0a6cc6e3c39a8bfb162c07c038d5651a2c805c61b6d681e51128c3,exact_byte_level_duplicate
